[2025-10-16 14:56:29] Controller handshake initiated to /api/folders.
[2025-10-16 14:56:29] Controller handshake initiated to /api/templates.
[2025-10-16 15:06:39] Job created: 25-150-200/25-187/25-187-251016
[2025-10-16 15:06:40] Upload started: 25-150-200/25-187/25-187-251016 - 2 file(s) [ID: 4c1b1f4e-2ef2-44b1-815d-fc3e78f473f3]
[2025-10-16 15:06:40]   File uploaded: 25-187-Layout-251016.csv (0.00 MB) [ID: 4c1b1f4e-2ef2-44b1-815d-fc3e78f473f3]
[2025-10-16 15:06:40]   File uploaded: 25-187-Layout-251016.dxf (0.29 MB) [ID: 4c1b1f4e-2ef2-44b1-815d-fc3e78f473f3]
[2025-10-16 15:06:40] Upload completed: 25-150-200/25-187/25-187-251016 - 2 file(s), 0.29 MB in 0.0s (150499.5 KB/s) [ID: 4c1b1f4e-2ef2-44b1-815d-fc3e78f473f3]
[2025-10-16 15:21:18] Controller handshake initiated to /api/folders.
[2025-10-16 15:21:18] Controller handshake initiated to /api/log.
[2025-10-16 15:21:18] Controller opened data sync.
[2025-10-16 15:21:18] Controller handshake initiated to /api/templates.
[2025-10-16 15:22:39] Controller handshake initiated to /api/log.
[2025-10-16 15:22:39] Controller clicked download (25-150-200/25-187/25-187-251016).
[2025-10-16 15:22:39] Controller handshake initiated to /api/download-job/25-150-200/25-187/25-187-251016.
[2025-10-16 15:22:39] Controller handshake initiated to /api/download-file/25-150-200/25-187/25-187-251016/25-187-251016.job.
[2025-10-16 15:22:39] Controller handshake initiated to /api/download-file/25-150-200/25-187/25-187-251016/25-187-251016.jxl.
[2025-10-16 15:22:40] Controller handshake initiated to /api/download-file/25-150-200/25-187/25-187-251016/25-187-Layout-251016.csv.
[2025-10-16 15:22:40] Controller handshake initiated to /api/download-file/25-150-200/25-187/25-187-251016/25-187-Layout-251016.dxf.
[2025-10-16 15:22:41] Controller handshake initiated to /api/download-file/25-150-200/25-187/25-187-251016/Control%20-%20Avalon%20-%20251016.csv.
[2025-10-16 15:22:42] Controller handshake initiated to /api/download-file/25-150-200/25-187/25-187-251016/job_info.json.
[2025-10-16 16:27:58] Controller handshake initiated to /api/log.
[2025-10-16 16:27:58] Controller opened data sync.
[2025-10-16 16:27:58] Controller handshake initiated to /api/templates.
[2025-10-16 16:27:58] Controller handshake initiated to /api/folders.
[2025-10-16 16:28:57] Controller handshake initiated to /api/log.
[2025-10-16 16:28:57] Controller clicked upload (25-200-250/CGS/CGC.job).
[2025-10-16 16:28:57] Controller handshake initiated to /api/upload-field-data-android.
[2025-10-16 16:28:58] Upload started: 25-200-250/CGS - 2 file(s) [ID: 3d1e158b-8744-41bd-816e-ec7c8d1213cc]
[2025-10-16 16:28:58]   File uploaded: CGC.job (0.02 MB) [ID: 3d1e158b-8744-41bd-816e-ec7c8d1213cc]
[2025-10-16 16:28:58]   File uploaded: CGC.csv (0.00 MB) [ID: 3d1e158b-8744-41bd-816e-ec7c8d1213cc]
[2025-10-16 16:28:58] Upload completed: 25-200-250/CGS - 2 file(s), 0.02 MB in 0.3s (67.1 KB/s) [ID: 3d1e158b-8744-41bd-816e-ec7c8d1213cc]
[2025-10-16 16:28:58] Controller handshake initiated to /api/folders.
[2025-10-16 17:24:59] Controller handshake initiated to /api/folders.
[2025-10-16 17:24:59] Controller handshake initiated to /api/templates.
[2025-10-16 17:24:59] Controller handshake initiated to /api/log.
[2025-10-16 17:24:59] Controller opened data sync.
[2025-10-16 17:25:49] Controller handshake initiated to /api/log.
[2025-10-16 17:25:49] Controller clicked upload (25-200-250/25-206/25-206-251015/25-206-251015.job).
[2025-10-16 17:25:49] Controller handshake initiated to /api/whoami.
[2025-10-16 17:26:12] Controller handshake initiated to /api/log.
[2025-10-16 17:26:12] Controller clicked download (25-200-250/25-202/25-202-251014).
[2025-10-16 17:26:12] Controller handshake initiated to /api/download-job/25-200-250/25-202/25-202-251014.
[2025-10-16 17:26:12] Controller handshake initiated to /api/download-file/25-200-250/25-202/25-202-251014/25-201-Layout-251014.csv.
[2025-10-16 17:26:12] Controller handshake initiated to /api/download-file/25-200-250/25-202/25-202-251014/25-201-Layout-251014.dxf.
[2025-10-16 17:26:33] Controller handshake initiated to /api/download-file/25-200-250/25-202/25-202-251014/25-202-251014.job.
[2025-10-16 17:26:34] Controller handshake initiated to /api/download-file/25-200-250/25-202/25-202-251014/25-202-251014.jxl.
[2025-10-16 17:26:34] Controller handshake initiated to /api/download-file/25-200-250/25-202/25-202-251014/Control%20-%20Avalon%20-%20251014.csv.
[2025-10-16 17:26:35] Controller handshake initiated to /api/download-file/25-200-250/25-202/25-202-251014/job_info.json.
[2025-10-16 17:27:15] Controller handshake initiated to /api/whoami.
[2025-10-16 17:27:15] Controller handshake initiated to /api/log.
[2025-10-16 17:27:15] Controller clicked upload (25-200-250/25-206/25-206-251015/25-206-251015.job).
[2025-10-16 17:27:44] Controller handshake initiated to /api/log.
[2025-10-16 17:27:44] Controller clicked upload (25-200-250/25-206/25-206-251015/25-206-251015.job).
[2025-10-16 17:27:44] Controller handshake initiated to /api/whoami.
[2025-10-16 17:27:51] Controller handshake initiated to /api/log.
[2025-10-16 17:27:51] Controller clicked upload (25-200-250/25-206/25-206-251015/25-206-251015.job).
[2025-10-16 17:27:51] Controller handshake initiated to /api/whoami.
[2025-10-16 17:42:38] Controller handshake initiated to /api/log.
[2025-10-16 17:42:38] Controller opened data sync.
[2025-10-16 17:42:38] Controller handshake initiated to /api/folders.
[2025-10-16 17:42:38] Controller handshake initiated to /api/templates.
[2025-10-16 17:43:36] Controller handshake initiated to /api/log.
[2025-10-16 17:43:36] Controller clicked upload (25-200-250/CGS/CGC.job).
[2025-10-16 17:43:36] Controller handshake initiated to /api/upload-field-data-android.
[2025-10-16 17:43:36] Upload started: 25-200-250/CGS - 2 file(s) [ID: 59e29b2e-5428-4e56-88f4-7ced875c3299]
[2025-10-16 17:43:36]   File uploaded: CGC.job (0.02 MB) [ID: 59e29b2e-5428-4e56-88f4-7ced875c3299]
[2025-10-16 17:43:36]   File uploaded: CGC.csv (0.00 MB) [ID: 59e29b2e-5428-4e56-88f4-7ced875c3299]
[2025-10-16 17:43:36] Upload completed: 25-200-250/CGS - 2 file(s), 0.02 MB in 0.0s (522.3 KB/s) [ID: 59e29b2e-5428-4e56-88f4-7ced875c3299]
[2025-10-16 17:43:36] Controller handshake initiated to /api/folders.
[2025-10-16 17:43:57] Controller handshake initiated to /api/log.
[2025-10-16 17:43:57] Controller clicked upload (25-200-250/25-201/25-201-251014/25-201-251014.job).
[2025-10-16 17:43:58] Controller handshake initiated to /api/upload-field-data-android.
[2025-10-16 17:44:04] Upload started: 25-200-250/25-201/25-201-251014 - 6 file(s) [ID: 333d987b-3354-4790-894d-cd577d389cff]
[2025-10-16 17:44:04]   File uploaded: 25-201-251014.job (0.07 MB) [ID: 333d987b-3354-4790-894d-cd577d389cff]
[2025-10-16 17:44:04]   File uploaded: 25-201-251014.csv (0.00 MB) [ID: 333d987b-3354-4790-894d-cd577d389cff]
[2025-10-16 17:44:04]   File uploaded: 25-201-251014.dxf (0.04 MB) [ID: 333d987b-3354-4790-894d-cd577d389cff]
[2025-10-16 17:44:04]   File uploaded: 25-201-Layout-251014.csv (0.00 MB) [ID: 333d987b-3354-4790-894d-cd577d389cff]
[2025-10-16 17:44:04]   File uploaded: 25-201-Layout-251014.dxf (0.35 MB) [ID: 333d987b-3354-4790-894d-cd577d389cff]
[2025-10-16 17:44:04]   File uploaded: IMG.jpg (4.85 MB) [ID: 333d987b-3354-4790-894d-cd577d389cff]
[2025-10-16 17:44:04] Upload completed: 25-200-250/25-201/25-201-251014 - 6 file(s), 5.32 MB in 0.0s (143297.9 KB/s) [ID: 333d987b-3354-4790-894d-cd577d389cff]
[2025-10-16 17:44:04] Controller handshake initiated to /api/folders.
[2025-10-16 18:09:19] Controller handshake initiated to /api/log.
[2025-10-16 18:09:19] Controller opened data sync.
[2025-10-16 18:09:19] Controller handshake initiated to /api/folders.
[2025-10-16 18:09:19] Controller handshake initiated to /api/templates.
[2025-10-16 18:10:27] Controller handshake initiated to /api/log.
[2025-10-16 18:10:27] Controller clicked upload (25-150-200/25-191/25-191-250925/25-191-250925.job).
[2025-10-16 18:10:27] Controller handshake initiated to /api/upload-field-data-android.
[2025-10-16 18:15:42] Controller handshake initiated to /api/upload-field-data-android.
[2025-10-16 18:21:13] Controller handshake initiated to /api/upload-field-data-android.
[2025-10-17 11:13:04] Controller handshake initiated to /api/log.
[2025-10-17 11:13:04] Controller opened data sync.
[2025-10-17 11:13:04] Controller handshake initiated to /api/templates.
[2025-10-17 11:13:04] Controller handshake initiated to /api/folders.
[2025-10-17 11:16:18] Controller handshake initiated to /api/log.
[2025-10-17 11:16:18] Controller clicked upload (25-200-250/25-201/25-201-251014/25-201-251014.job).
[2025-10-17 11:16:19] Controller handshake initiated to /api/upload-field-data-android.
[2025-10-17 11:16:26] Upload started: 25-200-250/25-201/25-201-251014 - 6 file(s) [ID: 3c619495-250c-4cb3-a642-f808a9d93762]
[2025-10-17 11:16:26]   File uploaded: 25-201-251014.job (0.07 MB) [ID: 3c619495-250c-4cb3-a642-f808a9d93762]
[2025-10-17 11:16:26]   File uploaded: 25-201-251014.csv (0.00 MB) [ID: 3c619495-250c-4cb3-a642-f808a9d93762]
[2025-10-17 11:16:26]   File uploaded: 25-201-251014.dxf (0.04 MB) [ID: 3c619495-250c-4cb3-a642-f808a9d93762]
[2025-10-17 11:16:26]   File uploaded: 25-201-Layout-251014.csv (0.00 MB) [ID: 3c619495-250c-4cb3-a642-f808a9d93762]
[2025-10-17 11:16:26]   File uploaded: 25-201-Layout-251014.dxf (0.35 MB) [ID: 3c619495-250c-4cb3-a642-f808a9d93762]
[2025-10-17 11:16:26]   File uploaded: IMG.jpg (4.85 MB) [ID: 3c619495-250c-4cb3-a642-f808a9d93762]
[2025-10-17 11:16:26] Upload completed: 25-200-250/25-201/25-201-251014 - 6 file(s), 5.32 MB in 0.2s (26305.9 KB/s) [ID: 3c619495-250c-4cb3-a642-f808a9d93762]
[2025-10-17 11:16:26] Controller handshake initiated to /api/folders.
[2025-10-17 12:35:23] Controller handshake initiated to /api/log.
[2025-10-17 12:35:23] Controller opened data sync.
[2025-10-17 12:35:23] Controller handshake initiated to /api/folders.
[2025-10-17 12:35:23] Controller handshake initiated to /api/templates.
[2025-10-17 12:42:33] Folder created: 25-200-250/25-203
[2025-10-17 12:43:16] Job created: 25-200-250/25-203/25-203-251017
[2025-10-17 12:43:16] Upload started: 25-200-250/25-203/25-203-251017 - 2 file(s) [ID: 2d95f368-7f6e-4fb3-aef8-53fce49d3248]
[2025-10-17 12:43:16]   File uploaded: 25-203-Layout-251017.csv (0.00 MB) [ID: 2d95f368-7f6e-4fb3-aef8-53fce49d3248]
[2025-10-17 12:43:16]   File uploaded: 25-203-Layout-251017.dxf (0.31 MB) [ID: 2d95f368-7f6e-4fb3-aef8-53fce49d3248]
[2025-10-17 12:43:16] Upload completed: 25-200-250/25-203/25-203-251017 - 2 file(s), 0.31 MB in 0.0s (161142.6 KB/s) [ID: 2d95f368-7f6e-4fb3-aef8-53fce49d3248]
[2025-10-17 12:49:53] Controller handshake initiated to /api/log.
[2025-10-17 12:49:53] Controller opened data sync.
[2025-10-17 12:49:53] Controller handshake initiated to /api/folders.
[2025-10-17 12:49:53] Controller handshake initiated to /api/templates.
[2025-10-17 12:50:56] Controller handshake initiated to /api/log.
[2025-10-17 12:50:56] Controller clicked download (25-200-250/25-203/25-203-251017).
[2025-10-17 12:50:56] Controller handshake initiated to /api/download-job/25-200-250/25-203/25-203-251017.
[2025-10-17 12:50:56] Controller handshake initiated to /api/download-file/25-200-250/25-203/25-203-251017/25-203-251017.job.
[2025-10-17 12:50:57] Controller handshake initiated to /api/download-file/25-200-250/25-203/25-203-251017/25-203-251017.jxl.
[2025-10-17 12:50:57] Controller handshake initiated to /api/download-file/25-200-250/25-203/25-203-251017/25-203-Layout-251017.csv.
[2025-10-17 12:50:57] Controller handshake initiated to /api/download-file/25-200-250/25-203/25-203-251017/25-203-Layout-251017.dxf.
[2025-10-17 12:50:57] Controller handshake initiated to /api/download-file/25-200-250/25-203/25-203-251017/Control%20-%20Avalon%20-%20251017.csv.
[2025-10-17 12:50:58] Controller handshake initiated to /api/download-file/25-200-250/25-203/25-203-251017/job_info.json.
[2025-10-17 14:36:23] Job created: 25-150-200/25-188/25-188-251017
[2025-10-17 14:36:23] Upload started: 25-150-200/25-188/25-188-251017 - 2 file(s) [ID: e9982314-234d-41e2-83b3-882ed1c22cdb]
[2025-10-17 14:36:23]   File uploaded: 25-188-Layout-251017.dxf (0.32 MB) [ID: e9982314-234d-41e2-83b3-882ed1c22cdb]
[2025-10-17 14:36:23]   File uploaded: 25-188-Layout-251017-R1.dxf (0.31 MB) [ID: e9982314-234d-41e2-83b3-882ed1c22cdb]
[2025-10-17 14:36:23] Upload completed: 25-150-200/25-188/25-188-251017 - 2 file(s), 0.63 MB in 0.0s (321640.6 KB/s) [ID: e9982314-234d-41e2-83b3-882ed1c22cdb]
[2025-10-17 15:19:01] Controller handshake initiated to /api/folders.
[2025-10-17 15:19:01] Controller handshake initiated to /api/templates.
[2025-10-17 15:19:01] Controller handshake initiated to /api/log.
[2025-10-17 15:19:01] Controller opened data sync.
[2025-10-17 15:20:18] Controller handshake initiated to /api/log.
[2025-10-17 15:20:18] Controller clicked download (25-150-200/25-188/25-188-251017).
[2025-10-17 15:20:19] Controller handshake initiated to /api/download-job/25-150-200/25-188/25-188-251017.
[2025-10-17 15:20:19] Controller handshake initiated to /api/download-file/25-150-200/25-188/25-188-251017/25-188-251017.job.
[2025-10-17 15:20:19] Controller handshake initiated to /api/download-file/25-150-200/25-188/25-188-251017/25-188-251017.jxl.
[2025-10-17 15:20:20] Controller handshake initiated to /api/download-file/25-150-200/25-188/25-188-251017/25-188-Layout-251017-R1.dxf.
[2025-10-17 15:20:37] Controller handshake initiated to /api/download-file/25-150-200/25-188/25-188-251017/25-188-Layout-251017.dxf.
[2025-10-17 15:20:42] Controller handshake initiated to /api/download-file/25-150-200/25-188/25-188-251017/Control%20-%20Avalon%20-%20251017.csv.
[2025-10-17 15:20:42] Controller handshake initiated to /api/download-file/25-150-200/25-188/25-188-251017/job_info.json.
[2025-10-17 20:43:09] Controller handshake initiated to /api/log.
[2025-10-17 20:43:09] Controller opened data sync.
[2025-10-17 20:43:09] Controller handshake initiated to /api/templates.
[2025-10-17 20:43:09] Controller handshake initiated to /api/folders.
[2025-10-17 20:48:04] Controller handshake initiated to /api/log.
[2025-10-17 20:48:04] Controller clicked upload (25-200-250/25-203/25-203-251017/25-203-251017.job).
[2025-10-17 20:48:04] Controller handshake initiated to /api/upload-field-data-android.
[2025-10-17 20:48:43] Upload started: 25-200-250/25-203/25-203-251017 - 16 file(s) [ID: 7bce6ebb-0979-4227-8bc9-b4d340560590]
[2025-10-17 20:48:43]   File uploaded: 25-203-251017.job (0.16 MB) [ID: 7bce6ebb-0979-4227-8bc9-b4d340560590]
[2025-10-17 20:48:43]   File uploaded: 25-203-251017.dxf (0.07 MB) [ID: 7bce6ebb-0979-4227-8bc9-b4d340560590]
[2025-10-17 20:48:43]   File uploaded: 25-203-251017.csv (0.01 MB) [ID: 7bce6ebb-0979-4227-8bc9-b4d340560590]
[2025-10-17 20:48:43]   File uploaded: 25-203-Layout-251017.dxf (0.31 MB) [ID: 7bce6ebb-0979-4227-8bc9-b4d340560590]
[2025-10-17 20:48:43]   File uploaded: 25-203-Layout-251017.csv (0.00 MB) [ID: 7bce6ebb-0979-4227-8bc9-b4d340560590]
[2025-10-17 20:48:43]   File uploaded: IMG_6.jpg (7.82 MB) [ID: 7bce6ebb-0979-4227-8bc9-b4d340560590]
[2025-10-17 20:48:43]   File uploaded: IMG_4.jpg (5.20 MB) [ID: 7bce6ebb-0979-4227-8bc9-b4d340560590]
[2025-10-17 20:48:43]   File uploaded: IMG_8.jpg (6.92 MB) [ID: 7bce6ebb-0979-4227-8bc9-b4d340560590]
[2025-10-17 20:48:43]   File uploaded: IMG_1.jpg (4.79 MB) [ID: 7bce6ebb-0979-4227-8bc9-b4d340560590]
[2025-10-17 20:48:43]   File uploaded: IMG_7.jpg (5.27 MB) [ID: 7bce6ebb-0979-4227-8bc9-b4d340560590]
[2025-10-17 20:48:43]   File uploaded: IMG_5.jpg (5.22 MB) [ID: 7bce6ebb-0979-4227-8bc9-b4d340560590]
[2025-10-17 20:48:43]   File uploaded: IMG_10.jpg (6.07 MB) [ID: 7bce6ebb-0979-4227-8bc9-b4d340560590]
[2025-10-17 20:48:43]   File uploaded: IMG_3.jpg (5.34 MB) [ID: 7bce6ebb-0979-4227-8bc9-b4d340560590]
[2025-10-17 20:48:43]   File uploaded: IMG_9.jpg (6.70 MB) [ID: 7bce6ebb-0979-4227-8bc9-b4d340560590]
[2025-10-17 20:48:43]   File uploaded: IMG.jpg (4.13 MB) [ID: 7bce6ebb-0979-4227-8bc9-b4d340560590]
[2025-10-17 20:48:43]   File uploaded: IMG_2.jpg (4.34 MB) [ID: 7bce6ebb-0979-4227-8bc9-b4d340560590]
[2025-10-17 20:48:43] Upload completed: 25-200-250/25-203/25-203-251017 - 16 file(s), 62.34 MB in 0.1s (1182166.4 KB/s) [ID: 7bce6ebb-0979-4227-8bc9-b4d340560590]
[2025-10-17 20:48:43] Controller handshake initiated to /api/folders.
[2025-10-20 17:40:16] Controller handshake initiated to /api/log.
[2025-10-20 17:40:16] Controller opened data sync.
[2025-10-20 17:40:16] Controller handshake initiated to /api/templates.
[2025-10-20 17:40:16] Controller handshake initiated to /api/folders.
[2025-10-20 17:43:39] Controller handshake initiated to /api/log.
[2025-10-20 17:43:39] Controller clicked upload (25-200-250/25-202/25-202-251014/25-202-251014.job).
[2025-10-20 17:43:40] Controller handshake initiated to /api/upload-field-data-android.
[2025-10-20 17:49:28] Controller handshake initiated to /api/upload-field-data-android.
[2025-10-20 18:07:37] Folder created: 25-200-250/25-209
[2025-10-20 18:08:06] Job created: 25-200-250/25-209/25-209-251020
[2025-10-20 18:08:06] Upload started: 25-200-250/25-209/25-209-251020 - 2 file(s) [ID: b9df3112-cd93-4a3c-acfe-c2db3352b61f]
[2025-10-20 18:08:06]   File uploaded: 25-209-Layout-251020.csv (0.00 MB) [ID: b9df3112-cd93-4a3c-acfe-c2db3352b61f]
[2025-10-20 18:08:06]   File uploaded: 25-209-Layout-251020.dxf (0.32 MB) [ID: b9df3112-cd93-4a3c-acfe-c2db3352b61f]
[2025-10-20 18:08:06] Upload completed: 25-200-250/25-209/25-209-251020 - 2 file(s), 0.33 MB in 0.0s (334291.0 KB/s) [ID: b9df3112-cd93-4a3c-acfe-c2db3352b61f]
[2025-10-20 18:31:48] Controller handshake initiated to /api/log.
[2025-10-20 18:31:48] Controller opened data sync.
[2025-10-20 18:31:48] Controller handshake initiated to /api/templates.
[2025-10-20 18:31:48] Controller handshake initiated to /api/folders.
[2025-10-20 18:32:51] Controller handshake initiated to /api/log.
[2025-10-20 18:32:51] Controller clicked download (25-200-250/25-209/25-209-251020).
[2025-10-20 18:32:51] Controller handshake initiated to /api/download-job/25-200-250/25-209/25-209-251020.
[2025-10-20 18:32:52] Controller handshake initiated to /api/download-file/25-200-250/25-209/25-209-251020/25-209-251020.job.
[2025-10-20 18:32:52] Controller handshake initiated to /api/download-file/25-200-250/25-209/25-209-251020/25-209-251020.jxl.
[2025-10-20 18:32:52] Controller handshake initiated to /api/download-file/25-200-250/25-209/25-209-251020/25-209-Layout-251020.csv.
[2025-10-20 18:32:53] Controller handshake initiated to /api/download-file/25-200-250/25-209/25-209-251020/25-209-Layout-251020.dxf.
[2025-10-20 18:33:16] Controller handshake initiated to /api/download-file/25-200-250/25-209/25-209-251020/Control%20-%20Avalon%20-%20251020.csv.
[2025-10-20 18:33:16] Controller handshake initiated to /api/download-file/25-200-250/25-209/25-209-251020/job_info.json.
[2025-10-21 14:52:01] Folder created: 25-200-250/25-212
[2025-10-21 14:55:20] Job created: 25-200-250/25-212/25-212-251021
[2025-10-21 14:55:20] Upload started: 25-200-250/25-212/25-212-251021 - 2 file(s) [ID: f7605ec2-5ad2-47a6-8734-135f70ca086d]
[2025-10-21 14:55:20]   File uploaded: 25-212-Layout-251021.csv (0.00 MB) [ID: f7605ec2-5ad2-47a6-8734-135f70ca086d]
[2025-10-21 14:55:20]   File uploaded: 25-212-Layout-251021.dxf (0.32 MB) [ID: f7605ec2-5ad2-47a6-8734-135f70ca086d]
[2025-10-21 14:55:20] Upload completed: 25-200-250/25-212/25-212-251021 - 2 file(s), 0.32 MB in 0.0s (164274.9 KB/s) [ID: f7605ec2-5ad2-47a6-8734-135f70ca086d]
[2025-10-21 16:02:49] Folder created: 25-200-250/25-208
[2025-10-21 17:20:07] Job created: 25-200-250/25-208/25-208-251021
[2025-10-21 17:20:07] Upload started: 25-200-250/25-208/25-208-251021 - 3 file(s) [ID: 22a23ec7-b9e9-4a93-9b61-2189d5a64c67]
[2025-10-21 17:20:07]   File uploaded: 25-208-Estimation_of_Boundary-251021.dxf (0.31 MB) [ID: 22a23ec7-b9e9-4a93-9b61-2189d5a64c67]
[2025-10-21 17:20:07]   File uploaded: 25-208-Layout-251021.csv (0.00 MB) [ID: 22a23ec7-b9e9-4a93-9b61-2189d5a64c67]
[2025-10-21 17:20:07]   File uploaded: 25-208-Layout-251021.dxf (0.32 MB) [ID: 22a23ec7-b9e9-4a93-9b61-2189d5a64c67]
[2025-10-21 17:20:07] Upload completed: 25-200-250/25-208/25-208-251021 - 3 file(s), 0.63 MB in 0.0s (324925.8 KB/s) [ID: 22a23ec7-b9e9-4a93-9b61-2189d5a64c67]
[2025-10-21 17:20:21] Controller handshake initiated to /api/folders.
[2025-10-21 17:20:21] Controller handshake initiated to /api/log.
[2025-10-21 17:20:21] Controller opened data sync.
[2025-10-21 17:20:21] Controller handshake initiated to /api/templates.
[2025-10-21 17:21:10] Controller handshake initiated to /api/log.
[2025-10-21 17:21:10] Controller opened data sync.
[2025-10-21 17:21:10] Controller handshake initiated to /api/folders.
[2025-10-21 17:21:10] Controller handshake initiated to /api/templates.
[2025-10-21 17:21:41] Controller handshake initiated to /api/log.
[2025-10-21 17:21:41] Controller opened data sync.
[2025-10-21 17:21:41] Controller handshake initiated to /api/folders.
[2025-10-21 17:21:41] Controller handshake initiated to /api/templates.
[2025-10-21 17:22:01] Controller handshake initiated to /api/log.
[2025-10-21 17:22:01] Controller opened data sync.
[2025-10-21 17:22:01] Controller handshake initiated to /api/folders.
[2025-10-21 17:22:01] Controller handshake initiated to /api/templates.
[2025-10-21 17:22:44] Controller handshake initiated to /api/log.
[2025-10-21 17:22:44] Controller clicked download (25-200-250/25-208).
[2025-10-21 17:22:44] Controller handshake initiated to /api/download-job/25-200-250/25-208.
[2025-10-21 17:22:44] Controller handshake initiated to /api/download-file/25-200-250/25-208/25-208-251021/25-208-251021.job.
[2025-10-21 17:22:44] Controller handshake initiated to /api/download-file/25-200-250/25-208/25-208-251021/25-208-251021.jxl.
[2025-10-21 17:22:44] Controller handshake initiated to /api/download-file/25-200-250/25-208/25-208-251021/25-208-Estimation_of_Boundary-251021.dxf.
[2025-10-21 17:22:45] Controller handshake initiated to /api/download-file/25-200-250/25-208/25-208-251021/25-208-Layout-251021.csv.
[2025-10-21 17:22:45] Controller handshake initiated to /api/download-file/25-200-250/25-208/25-208-251021/25-208-Layout-251021.dxf.
[2025-10-21 17:22:45] Controller handshake initiated to /api/download-file/25-200-250/25-208/25-208-251021/Control%20-%20Avalon%20-%20251021.csv.
[2025-10-21 17:22:45] Controller handshake initiated to /api/download-file/25-200-250/25-208/25-208-251021/job_info.json.
[2025-10-21 17:23:40] Controller handshake initiated to /api/download-job/25-200-250/25-208/25-208-251021.
[2025-10-21 17:23:40] Controller handshake initiated to /api/log.
[2025-10-21 17:23:40] Controller clicked download (25-200-250/25-208/25-208-251021).
[2025-10-21 17:23:40] Controller handshake initiated to /api/download-file/25-200-250/25-208/25-208-251021/25-208-251021.jxl.
[2025-10-21 17:23:40] Controller handshake initiated to /api/download-file/25-200-250/25-208/25-208-251021/25-208-Estimation_of_Boundary-251021.dxf.
[2025-10-21 17:23:41] Controller handshake initiated to /api/download-file/25-200-250/25-208/25-208-251021/25-208-Layout-251021.csv.
[2025-10-21 17:23:41] Controller handshake initiated to /api/download-file/25-200-250/25-208/25-208-251021/25-208-Layout-251021.dxf.
[2025-10-21 17:23:42] Controller handshake initiated to /api/download-file/25-200-250/25-208/25-208-251021/Control%20-%20Avalon%20-%20251021.csv.
[2025-10-21 17:23:42] Controller handshake initiated to /api/download-file/25-200-250/25-208/25-208-251021/job_info.json.
[2025-10-21 17:25:49] Folder created: 25-200-250/25-211
[2025-10-21 17:29:50] Job created: 25-200-250/25-211/25-211-251021
[2025-10-21 17:29:50] Upload started: 25-200-250/25-211/25-211-251021 - 2 file(s) [ID: b803eac9-8765-45f8-b65d-4673c6609de2]
[2025-10-21 17:29:50]   File uploaded: 25-211-Layout-251021.csv (0.00 MB) [ID: b803eac9-8765-45f8-b65d-4673c6609de2]
[2025-10-21 17:29:50]   File uploaded: 25-211-Layout-251021.dxf (0.33 MB) [ID: b803eac9-8765-45f8-b65d-4673c6609de2]
[2025-10-21 17:29:50] Upload completed: 25-200-250/25-211/25-211-251021 - 2 file(s), 0.33 MB in 0.0s (168105.0 KB/s) [ID: b803eac9-8765-45f8-b65d-4673c6609de2]
[2025-10-21 17:30:04] Controller handshake initiated to /api/log.
[2025-10-21 17:30:04] Controller opened data sync.
[2025-10-21 17:30:04] Controller handshake initiated to /api/templates.
[2025-10-21 17:30:04] Controller handshake initiated to /api/folders.
[2025-10-21 17:31:03] Controller handshake initiated to /api/log.
[2025-10-21 17:31:03] Controller clicked download (25-200-250/25-211).
[2025-10-21 17:31:03] Controller handshake initiated to /api/download-job/25-200-250/25-211.
[2025-10-21 17:31:03] Controller handshake initiated to /api/download-file/25-200-250/25-211/25-211-251021/25-211-251021.job.
[2025-10-21 17:31:03] Controller handshake initiated to /api/download-file/25-200-250/25-211/25-211-251021/25-211-251021.jxl.
[2025-10-21 17:31:03] Controller handshake initiated to /api/download-file/25-200-250/25-211/25-211-251021/25-211-Layout-251021.csv.
[2025-10-21 17:31:03] Controller handshake initiated to /api/download-file/25-200-250/25-211/25-211-251021/25-211-Layout-251021.dxf.
[2025-10-21 17:31:04] Controller handshake initiated to /api/download-file/25-200-250/25-211/25-211-251021/Control%20-%20Avalon%20-%20251021.csv.
[2025-10-21 17:31:04] Controller handshake initiated to /api/download-file/25-200-250/25-211/25-211-251021/job_info.json.
[2025-10-21 17:31:24] Controller handshake initiated to /api/folders.
[2025-10-21 17:31:24] Controller handshake initiated to /api/log.
[2025-10-21 17:31:24] Controller opened data sync.
[2025-10-21 17:31:24] Controller handshake initiated to /api/templates.
[2025-10-21 17:32:42] Controller handshake initiated to /api/log.
[2025-10-21 17:32:42] Controller clicked download (25-200-250/25-208/25-208-251021).
[2025-10-21 17:32:42] Controller handshake initiated to /api/download-job/25-200-250/25-208/25-208-251021.
[2025-10-21 17:32:42] Controller handshake initiated to /api/download-file/25-200-250/25-208/25-208-251021/25-208-251021.job.
[2025-10-21 17:32:42] Controller handshake initiated to /api/download-file/25-200-250/25-208/25-208-251021/25-208-251021.jxl.
[2025-10-21 17:32:43] Controller handshake initiated to /api/download-file/25-200-250/25-208/25-208-251021/25-208-Estimation_of_Boundary-251021.dxf.
[2025-10-21 17:33:11] Controller handshake initiated to /api/download-file/25-200-250/25-208/25-208-251021/25-208-Layout-251021.csv.
[2025-10-21 17:33:12] Controller handshake initiated to /api/download-file/25-200-250/25-208/25-208-251021/25-208-Layout-251021.dxf.
[2025-10-21 17:33:14] Controller handshake initiated to /api/download-file/25-200-250/25-208/25-208-251021/Control%20-%20Avalon%20-%20251021.csv.
[2025-10-21 17:33:14] Controller handshake initiated to /api/download-file/25-200-250/25-208/25-208-251021/job_info.json.
[2025-10-22 11:09:07] Controller handshake initiated to /api/folders.
[2025-10-22 11:09:07] Controller handshake initiated to /api/templates.
[2025-10-22 11:09:07] Controller handshake initiated to /api/log.
[2025-10-22 11:09:07] Controller opened data sync.
[2025-10-22 11:10:08] Controller handshake initiated to /api/log.
[2025-10-22 11:10:08] Controller clicked download (25-200-250/25-211/25-211-251021).
[2025-10-22 11:10:09] Controller handshake initiated to /api/download-job/25-200-250/25-211/25-211-251021.
[2025-10-22 11:10:09] Controller handshake initiated to /api/download-file/25-200-250/25-211/25-211-251021/25-211-251021.job.
[2025-10-22 11:10:10] Controller handshake initiated to /api/download-file/25-200-250/25-211/25-211-251021/25-211-251021.jxl.
[2025-10-22 11:10:10] Controller handshake initiated to /api/download-file/25-200-250/25-211/25-211-251021/25-211-Layout-251021.csv.
[2025-10-22 11:10:10] Controller handshake initiated to /api/download-file/25-200-250/25-211/25-211-251021/25-211-Layout-251021.dxf.
[2025-10-22 11:10:12] Controller handshake initiated to /api/download-file/25-200-250/25-211/25-211-251021/Control%20-%20Avalon%20-%20251021.csv.
[2025-10-22 11:10:12] Controller handshake initiated to /api/download-file/25-200-250/25-211/25-211-251021/job_info.json.
[2025-10-22 12:58:11] Controller handshake initiated to /api/log.
[2025-10-22 12:58:11] Controller opened data sync.
[2025-10-22 12:58:11] Controller handshake initiated to /api/templates.
[2025-10-22 12:58:11] Controller handshake initiated to /api/folders.
[2025-10-22 12:59:16] Controller handshake initiated to /api/log.
[2025-10-22 12:59:16] Controller clicked upload (25-200-250/25-211/25-211-251021/25-211-251021.job).
[2025-10-22 12:59:19] Controller handshake initiated to /api/upload-field-data-android.
[2025-10-22 19:18:59] Controller handshake initiated to /api/log.
[2025-10-22 19:18:59] Controller opened data sync.
[2025-10-22 19:18:59] Controller handshake initiated to /api/folders.
[2025-10-22 19:18:59] Controller handshake initiated to /api/templates.
[2025-10-22 19:26:42] Folder created: 25-200-250/25-210
[2025-10-22 19:27:08] Job created: 25-200-250/25-210/25-210-251022
[2025-10-22 19:27:08] Upload started: 25-200-250/25-210/25-210-251022 - 2 file(s) [ID: a92943ea-112b-469b-b049-0a2d311e4eb4]
[2025-10-22 19:27:08]   File uploaded: 25-210-Layout-251022.csv (0.00 MB) [ID: a92943ea-112b-469b-b049-0a2d311e4eb4]
[2025-10-22 19:27:08]   File uploaded: 25-210-Layout-251022.dxf (0.31 MB) [ID: a92943ea-112b-469b-b049-0a2d311e4eb4]
[2025-10-22 19:27:08] Upload completed: 25-200-250/25-210/25-210-251022 - 2 file(s), 0.31 MB in 0.0s (322260.7 KB/s) [ID: a92943ea-112b-469b-b049-0a2d311e4eb4]
[2025-10-22 19:30:06] Controller handshake initiated to /api/folders.
[2025-10-22 19:30:06] Controller handshake initiated to /api/log.
[2025-10-22 19:30:06] Controller opened data sync.
[2025-10-22 19:30:06] Controller handshake initiated to /api/templates.
[2025-10-22 19:30:53] Controller handshake initiated to /api/log.
[2025-10-22 19:30:53] Controller clicked download (25-200-250/25-210/25-210-251022).
[2025-10-22 19:30:54] Controller handshake initiated to /api/download-job/25-200-250/25-210/25-210-251022.
[2025-10-22 19:30:54] Controller handshake initiated to /api/download-file/25-200-250/25-210/25-210-251022/25-210-251022.job.
[2025-10-22 19:30:54] Controller handshake initiated to /api/download-file/25-200-250/25-210/25-210-251022/25-210-251022.jxl.
[2025-10-22 19:30:55] Controller handshake initiated to /api/download-file/25-200-250/25-210/25-210-251022/25-210-Layout-251022.csv.
[2025-10-22 19:30:55] Controller handshake initiated to /api/download-file/25-200-250/25-210/25-210-251022/25-210-Layout-251022.dxf.
[2025-10-22 19:31:02] Controller handshake initiated to /api/download-file/25-200-250/25-210/25-210-251022/Control%20-%20Avalon%20-%20251022.csv.
[2025-10-22 19:31:03] Controller handshake initiated to /api/download-file/25-200-250/25-210/25-210-251022/job_info.json.
[2025-10-23 17:56:14] Controller handshake initiated to /api/log.
[2025-10-23 17:56:14] Controller opened data sync.
[2025-10-23 17:56:14] Controller handshake initiated to /api/folders.
[2025-10-23 17:56:14] Controller handshake initiated to /api/templates.
[2025-10-23 17:57:16] Controller handshake initiated to /api/log.
[2025-10-23 17:57:16] Controller clicked download (25-200-250/25-212/25-212-251021).
[2025-10-23 17:57:17] Controller handshake initiated to /api/download-job/25-200-250/25-212/25-212-251021.
[2025-10-23 17:57:17] Controller handshake initiated to /api/download-file/25-200-250/25-212/25-212-251021/25-212-251021.job.
[2025-10-23 17:57:17] Controller handshake initiated to /api/download-file/25-200-250/25-212/25-212-251021/25-212-251021.jxl.
[2025-10-23 17:57:17] Controller handshake initiated to /api/download-file/25-200-250/25-212/25-212-251021/25-212-Layout-251021.csv.
[2025-10-23 17:57:18] Controller handshake initiated to /api/download-file/25-200-250/25-212/25-212-251021/25-212-Layout-251021.dxf.
[2025-10-23 17:57:18] Controller handshake initiated to /api/download-file/25-200-250/25-212/25-212-251021/Control%20-%20Avalon%20-%20251021.csv.
[2025-10-23 17:57:18] Controller handshake initiated to /api/download-file/25-200-250/25-212/25-212-251021/job_info.json.
[2025-10-24 14:26:11] Job created: 25-000-050/25-036/25-036-251024
[2025-10-24 14:26:12] Upload started: 25-000-050/25-036/25-036-251024 - 2 file(s) [ID: 03e73abc-47aa-40fb-994f-13b0d1de8cef]
[2025-10-24 14:26:12]   File uploaded: 25-036-Stakes-251024.csv (0.00 MB) [ID: 03e73abc-47aa-40fb-994f-13b0d1de8cef]
[2025-10-24 14:26:12]   File uploaded: 25-036-Stakes-251024.dxf (0.38 MB) [ID: 03e73abc-47aa-40fb-994f-13b0d1de8cef]
[2025-10-24 14:26:12] Upload completed: 25-000-050/25-036/25-036-251024 - 2 file(s), 0.38 MB in 0.0s (195425.3 KB/s) [ID: 03e73abc-47aa-40fb-994f-13b0d1de8cef]
[2025-10-24 14:30:55] Controller handshake initiated to /api/log.
[2025-10-24 14:30:55] Controller opened data sync.
[2025-10-24 14:30:55] Controller handshake initiated to /api/folders.
[2025-10-24 14:30:55] Controller handshake initiated to /api/templates.
[2025-10-24 14:50:13] Controller handshake initiated to /api/log.
[2025-10-24 14:50:13] Controller clicked download (25-000-050/25-036/25-036-251024).
[2025-10-24 14:50:13] Controller handshake initiated to /api/download-job/25-000-050/25-036/25-036-251024.
[2025-10-24 14:50:13] Controller handshake initiated to /api/download-file/25-000-050/25-036/25-036-251024/25-036-251024.job.
[2025-10-24 14:50:14] Controller handshake initiated to /api/download-file/25-000-050/25-036/25-036-251024/25-036-251024.jxl.
[2025-10-24 14:50:14] Controller handshake initiated to /api/download-file/25-000-050/25-036/25-036-251024/25-036-Stakes-251024.csv.
[2025-10-24 14:50:14] Controller handshake initiated to /api/download-file/25-000-050/25-036/25-036-251024/25-036-Stakes-251024.dxf.
[2025-10-24 14:50:15] Controller handshake initiated to /api/download-file/25-000-050/25-036/25-036-251024/Control%20-%20Avalon%20-%20251024.csv.
[2025-10-24 14:50:15] Controller handshake initiated to /api/download-file/25-000-050/25-036/25-036-251024/job_info.json.
[2025-10-24 18:31:03] Controller handshake initiated to /api/log.
[2025-10-24 18:31:03] Controller opened data sync.
[2025-10-24 18:31:03] Controller handshake initiated to /api/folders.
[2025-10-24 18:31:03] Controller handshake initiated to /api/templates.
[2025-10-24 18:34:34] Controller handshake initiated to /api/folders.
[2025-10-24 18:34:34] Controller handshake initiated to /api/templates.
[2025-10-24 18:34:34] Controller handshake initiated to /api/log.
[2025-10-24 18:34:34] Controller opened data sync.
[2025-10-24 18:35:39] Controller handshake initiated to /api/log.
[2025-10-24 18:35:39] Controller clicked download (25-200-250/25-208/25-208-251021/25-208-Layout-251024.csv).
[2025-10-24 18:35:40] Controller handshake initiated to /api/download-file/25-200-250/25-208/25-208-251021/25-208-Layout-251024.csv.
[2025-10-24 18:36:07] Controller handshake initiated to /api/log.
[2025-10-24 18:36:07] Controller opened data sync.
[2025-10-24 18:36:07] Controller handshake initiated to /api/folders.
[2025-10-24 18:36:08] Controller handshake initiated to /api/templates.
[2025-10-24 18:38:03] Controller handshake initiated to /api/log.
[2025-10-24 18:38:03] Controller opened data sync.
[2025-10-24 18:38:03] Controller handshake initiated to /api/folders.
[2025-10-24 18:38:03] Controller handshake initiated to /api/templates.
[2025-10-24 18:38:44] Controller handshake initiated to /api/log.
[2025-10-24 18:38:44] Controller clicked download (25-200-250/25-208/25-208-251021/25-208-Layout-251024.dxf).
[2025-10-24 18:38:45] Controller handshake initiated to /api/download-file/25-200-250/25-208/25-208-251021/25-208-Layout-251024.dxf.
[2025-10-27 12:27:06] Folder created: 25-200-250/25-213
[2025-10-27 12:29:25] Job created: 25-200-250/25-213/25-213-251027
[2025-10-27 12:29:25] Upload started: 25-200-250/25-213/25-213-251027 - 2 file(s) [ID: 9a9834bd-817d-4f3e-875f-328593d1d970]
[2025-10-27 12:29:25]   File uploaded: 25-213-Layout-251027.csv (0.00 MB) [ID: 9a9834bd-817d-4f3e-875f-328593d1d970]
[2025-10-27 12:29:25]   File uploaded: 25-213-Layout-251027.dxf (0.34 MB) [ID: 9a9834bd-817d-4f3e-875f-328593d1d970]
[2025-10-27 12:29:25] Upload completed: 25-200-250/25-213/25-213-251027 - 2 file(s), 0.34 MB in 0.0s (172592.8 KB/s) [ID: 9a9834bd-817d-4f3e-875f-328593d1d970]
[2025-10-27 12:55:55] Controller handshake initiated to /api/log.
[2025-10-27 12:55:55] Controller opened data sync.
[2025-10-27 12:55:55] Controller handshake initiated to /api/templates.
[2025-10-27 12:55:55] Controller handshake initiated to /api/folders.
[2025-10-27 12:56:50] Controller handshake initiated to /api/log.
[2025-10-27 12:56:50] Controller clicked download (25-200-250/25-213/25-213-251027).
[2025-10-27 12:56:50] Controller handshake initiated to /api/download-job/25-200-250/25-213/25-213-251027.
[2025-10-27 12:56:50] Controller handshake initiated to /api/download-file/25-200-250/25-213/25-213-251027/25-213-251027.job.
[2025-10-27 12:56:51] Controller handshake initiated to /api/download-file/25-200-250/25-213/25-213-251027/25-213-251027.jxl.
[2025-10-27 12:56:51] Controller handshake initiated to /api/download-file/25-200-250/25-213/25-213-251027/25-213-Layout-251027.csv.
[2025-10-27 12:56:51] Controller handshake initiated to /api/download-file/25-200-250/25-213/25-213-251027/25-213-Layout-251027.dxf.
[2025-10-27 12:56:52] Controller handshake initiated to /api/download-file/25-200-250/25-213/25-213-251027/Control%20-%20Avalon%20-%20251027.csv.
[2025-10-27 12:56:53] Controller handshake initiated to /api/download-file/25-200-250/25-213/25-213-251027/job_info.json.
[2025-10-27 16:50:59] Folder created: 25-200-250/25-214
[2025-10-27 16:51:32] Job created: 25-200-250/25-214/25-214-251027
[2025-10-27 16:51:33] Upload started: 25-200-250/25-214/25-214-251027 - 2 file(s) [ID: ac96dfa6-bf90-43fa-aff8-2d36de8bb23b]
[2025-10-27 16:51:33]   File uploaded: 25-214-Layout-251027.csv (0.00 MB) [ID: ac96dfa6-bf90-43fa-aff8-2d36de8bb23b]
[2025-10-27 16:51:33]   File uploaded: 25-214-Layout-251027.dxf (0.33 MB) [ID: ac96dfa6-bf90-43fa-aff8-2d36de8bb23b]
[2025-10-27 16:51:33] Upload completed: 25-200-250/25-214/25-214-251027 - 2 file(s), 0.33 MB in 0.0s (169598.6 KB/s) [ID: ac96dfa6-bf90-43fa-aff8-2d36de8bb23b]
[2025-10-27 18:14:33] Controller handshake initiated to /api/log.
[2025-10-27 18:14:33] Controller opened data sync.
[2025-10-27 18:14:33] Controller handshake initiated to /api/templates.
[2025-10-27 18:14:33] Controller handshake initiated to /api/folders.
[2025-10-27 18:16:36] Controller handshake initiated to /api/log.
[2025-10-27 18:16:36] Controller clicked download (25-200-250/25-214/25-214-251027).
[2025-10-27 18:16:36] Controller handshake initiated to /api/download-job/25-200-250/25-214/25-214-251027.
[2025-10-27 18:16:36] Controller handshake initiated to /api/download-file/25-200-250/25-214/25-214-251027/25-214-251027.job.
[2025-10-27 18:16:36] Controller handshake initiated to /api/download-file/25-200-250/25-214/25-214-251027/25-214-251027.jxl.
[2025-10-27 18:16:37] Controller handshake initiated to /api/download-file/25-200-250/25-214/25-214-251027/25-214-Layout-251027.csv.
[2025-10-27 18:16:37] Controller handshake initiated to /api/download-file/25-200-250/25-214/25-214-251027/25-214-Layout-251027.dxf.
[2025-10-27 18:16:50] Controller handshake initiated to /api/download-file/25-200-250/25-214/25-214-251027/Control%20-%20Avalon%20-%20251027.csv.
[2025-10-27 18:16:51] Controller handshake initiated to /api/download-file/25-200-250/25-214/25-214-251027/job_info.json.
[2025-10-28 14:55:23] Folder created: 25-200-250/25-215
[2025-10-28 14:56:14] Job created: 25-200-250/25-215/25-215-251028
[2025-10-28 14:56:15] Upload started: 25-200-250/25-215/25-215-251028 - 2 file(s) [ID: 7339c1cb-9f46-45e8-9ecc-cc650f571efb]
[2025-10-28 14:56:15]   File uploaded: 25-215-Layout-251028.csv (0.00 MB) [ID: 7339c1cb-9f46-45e8-9ecc-cc650f571efb]
[2025-10-28 14:56:15]   File uploaded: 25-215-Layout-251028.dxf (0.32 MB) [ID: 7339c1cb-9f46-45e8-9ecc-cc650f571efb]
[2025-10-28 14:56:15] Upload completed: 25-200-250/25-215/25-215-251028 - 2 file(s), 0.32 MB in 0.0s (164963.4 KB/s) [ID: 7339c1cb-9f46-45e8-9ecc-cc650f571efb]
[2025-10-28 15:55:35] Controller handshake initiated to /api/folders.
[2025-10-28 15:55:35] Controller handshake initiated to /api/log.
[2025-10-28 15:55:35] Controller opened data sync.
[2025-10-28 15:55:35] Controller handshake initiated to /api/templates.
[2025-10-28 15:56:30] Controller handshake initiated to /api/log.
[2025-10-28 15:56:30] Controller clicked download (25-200-250/25-215/25-215-251028).
[2025-10-28 15:56:30] Controller handshake initiated to /api/download-job/25-200-250/25-215/25-215-251028.
[2025-10-28 15:56:31] Controller handshake initiated to /api/download-file/25-200-250/25-215/25-215-251028/25-215-251028.job.
[2025-10-28 15:56:31] Controller handshake initiated to /api/download-file/25-200-250/25-215/25-215-251028/25-215-251028.jxl.
[2025-10-28 15:56:31] Controller handshake initiated to /api/download-file/25-200-250/25-215/25-215-251028/25-215-Layout-251028.csv.
[2025-10-28 15:56:31] Controller handshake initiated to /api/download-file/25-200-250/25-215/25-215-251028/25-215-Layout-251028.dxf.
[2025-10-28 15:56:33] Controller handshake initiated to /api/download-file/25-200-250/25-215/25-215-251028/Control%20-%20Avalon%20-%20251028.csv.
[2025-10-28 15:56:33] Controller handshake initiated to /api/download-file/25-200-250/25-215/25-215-251028/job_info.json.
[2025-10-28 15:57:53] Controller handshake initiated to /api/log.
[2025-10-28 15:57:53] Controller clicked download (25-200-250/25-215/25-215-251028).
[2025-10-28 15:57:53] Controller handshake initiated to /api/download-job/25-200-250/25-215/25-215-251028.
[2025-10-28 15:57:53] Controller handshake initiated to /api/download-file/25-200-250/25-215/25-215-251028/25-215-251028.jxl.
[2025-10-28 15:57:54] Controller handshake initiated to /api/download-file/25-200-250/25-215/25-215-251028/25-215-Layout-251028.csv.
[2025-10-28 15:57:54] Controller handshake initiated to /api/download-file/25-200-250/25-215/25-215-251028/25-215-Layout-251028.dxf.
[2025-10-28 15:57:54] Controller handshake initiated to /api/download-file/25-200-250/25-215/25-215-251028/Control%20-%20Avalon%20-%20251028.csv.
[2025-10-28 15:57:54] Controller handshake initiated to /api/download-file/25-200-250/25-215/25-215-251028/job_info.json.
[2025-10-29 12:14:59] Controller handshake initiated to /api/log.
[2025-10-29 12:14:59] Controller opened data sync.
[2025-10-29 12:14:59] Controller handshake initiated to /api/templates.
[2025-10-29 12:14:59] Controller handshake initiated to /api/folders.
[2025-10-29 12:16:41] Controller handshake initiated to /api/log.
[2025-10-29 12:16:41] Controller opened data sync.
[2025-10-29 12:16:41] Controller handshake initiated to /api/folders.
[2025-10-29 12:16:41] Controller handshake initiated to /api/templates.
[2025-10-29 12:17:45] Controller handshake initiated to /api/log.
[2025-10-29 12:17:45] Controller clicked download (25-100-150/25-146/25-146-251001/25-146-G-2-Layout-251029.csv).
[2025-10-29 12:17:45] Controller handshake initiated to /api/download-file/25-100-150/25-146/25-146-251001/25-146-G-2-Layout-251029.csv.
[2025-10-29 12:18:15] Controller handshake initiated to /api/log.
[2025-10-29 12:18:15] Controller opened data sync.
[2025-10-29 12:18:15] Controller handshake initiated to /api/folders.
[2025-10-29 12:18:15] Controller handshake initiated to /api/templates.
[2025-10-29 12:19:19] Controller handshake initiated to /api/log.
[2025-10-29 12:19:19] Controller clicked download (25-100-150/25-146/25-146-251001/25-146-G-2-Layout-251029.dxf).
[2025-10-29 12:19:20] Controller handshake initiated to /api/download-file/25-100-150/25-146/25-146-251001/25-146-G-2-Layout-251029.dxf.
[2025-10-29 13:37:27] Job created: 25-200-250/25-208/25-208-251029
[2025-10-29 13:37:27] Upload started: 25-200-250/25-208/25-208-251029 - 2 file(s) [ID: 933e6cc0-bad2-4b47-ad61-3cb38c7602eb]
[2025-10-29 13:37:27]   File uploaded: 25-208-Layout-251029.csv (0.00 MB) [ID: 933e6cc0-bad2-4b47-ad61-3cb38c7602eb]
[2025-10-29 13:37:27]   File uploaded: 25-208-Layout-251029.dxf (0.31 MB) [ID: 933e6cc0-bad2-4b47-ad61-3cb38c7602eb]
[2025-10-29 13:37:27] Upload completed: 25-200-250/25-208/25-208-251029 - 2 file(s), 0.31 MB in 0.0s (106395.2 KB/s) [ID: 933e6cc0-bad2-4b47-ad61-3cb38c7602eb]
[2025-10-29 14:31:59] Controller handshake initiated to /api/log.
[2025-10-29 14:31:59] Controller opened data sync.
[2025-10-29 14:31:59] Controller handshake initiated to /api/folders.
[2025-10-29 14:32:00] Controller handshake initiated to /api/templates.
[2025-10-29 14:33:24] Controller handshake initiated to /api/log.
[2025-10-29 14:33:24] Controller clicked download (25-200-250/25-208/25-208-251029).
[2025-10-29 14:33:24] Controller handshake initiated to /api/download-job/25-200-250/25-208/25-208-251029.
[2025-10-29 14:33:25] Controller handshake initiated to /api/download-file/25-200-250/25-208/25-208-251029/25-208-251029.job.
[2025-10-29 14:33:25] Controller handshake initiated to /api/download-file/25-200-250/25-208/25-208-251029/25-208-251029.jxl.
[2025-10-29 14:33:26] Controller handshake initiated to /api/download-file/25-200-250/25-208/25-208-251029/25-208-Layout-251029.csv.
[2025-10-29 14:33:26] Controller handshake initiated to /api/download-file/25-200-250/25-208/25-208-251029/25-208-Layout-251029.dxf.
[2025-10-29 14:33:32] Controller handshake initiated to /api/download-file/25-200-250/25-208/25-208-251029/Control%20-%20Avalon%20-%20251029.csv.
[2025-10-29 14:33:33] Controller handshake initiated to /api/download-file/25-200-250/25-208/25-208-251029/job_info.json.
[2025-10-29 17:26:12] Folder created: 25-200-250/25-216
[2025-10-29 17:26:38] Job created: 25-200-250/25-216/25-216-251029
[2025-10-29 17:26:38] Upload started: 25-200-250/25-216/25-216-251029 - 2 file(s) [ID: 4c382f12-566a-4fda-9836-394b24ebf23c]
[2025-10-29 17:26:38]   File uploaded: 25-216-Layout-251029.csv (0.00 MB) [ID: 4c382f12-566a-4fda-9836-394b24ebf23c]
[2025-10-29 17:26:38]   File uploaded: 25-216-Layout-251029.dxf (0.33 MB) [ID: 4c382f12-566a-4fda-9836-394b24ebf23c]
[2025-10-29 17:26:38] Upload completed: 25-200-250/25-216/25-216-251029 - 2 file(s), 0.33 MB in 0.0s (169720.2 KB/s) [ID: 4c382f12-566a-4fda-9836-394b24ebf23c]
[2025-10-29 17:46:56] Controller handshake initiated to /api/log.
[2025-10-29 17:46:56] Controller opened data sync.
[2025-10-29 17:46:56] Controller handshake initiated to /api/folders.
[2025-10-29 17:46:56] Controller handshake initiated to /api/templates.
[2025-10-29 17:50:32] Controller handshake initiated to /api/log.
[2025-10-29 17:50:32] Controller clicked download (25-200-250/25-216/25-216-251029).
[2025-10-29 17:50:32] Controller handshake initiated to /api/download-job/25-200-250/25-216/25-216-251029.
[2025-10-29 17:50:33] Controller handshake initiated to /api/download-file/25-200-250/25-216/25-216-251029/25-216-251029.job.
[2025-10-29 17:50:33] Controller handshake initiated to /api/download-file/25-200-250/25-216/25-216-251029/25-216-251029.jxl.
[2025-10-29 17:50:33] Controller handshake initiated to /api/download-file/25-200-250/25-216/25-216-251029/25-216-Layout-251029.csv.
[2025-10-29 17:50:34] Controller handshake initiated to /api/download-file/25-200-250/25-216/25-216-251029/25-216-Layout-251029.dxf.
[2025-10-29 17:50:36] Controller handshake initiated to /api/download-file/25-200-250/25-216/25-216-251029/Control%20-%20Avalon%20-%20251029.csv.
[2025-10-29 17:50:36] Controller handshake initiated to /api/download-file/25-200-250/25-216/25-216-251029/job_info.json.
[2025-10-30 11:11:10] Controller handshake initiated to /api/log.
[2025-10-30 11:11:10] Controller opened data sync.
[2025-10-30 11:11:10] Controller handshake initiated to /api/templates.
[2025-10-30 11:11:10] Controller handshake initiated to /api/folders.
[2025-10-30 11:14:58] Controller handshake initiated to /api/log.
[2025-10-30 11:14:58] Controller clicked upload (25-200-250/25-216/25-216-251029/25-216-251029.job).
[2025-10-30 11:14:58] Controller handshake initiated to /api/upload-field-data-android.
[2025-10-30 11:15:03] Upload started: 25-200-250/25-216/25-216-251029 - 11 file(s) [ID: 2949d627-8e7a-4ea1-9a36-0a233bf71307]
[2025-10-30 11:15:03]   File uploaded: 25-216-251029.job (0.10 MB) [ID: 2949d627-8e7a-4ea1-9a36-0a233bf71307]
[2025-10-30 11:15:03]   File uploaded: 25-216-251029.csv (0.00 MB) [ID: 2949d627-8e7a-4ea1-9a36-0a233bf71307]
[2025-10-30 11:15:03]   File uploaded: 25-216-251029.dxf (0.05 MB) [ID: 2949d627-8e7a-4ea1-9a36-0a233bf71307]
[2025-10-30 11:15:03]   File uploaded: 25-216-Layout-251029.csv (0.00 MB) [ID: 2949d627-8e7a-4ea1-9a36-0a233bf71307]
[2025-10-30 11:15:03]   File uploaded: 25-216-Layout-251029.dxf (0.33 MB) [ID: 2949d627-8e7a-4ea1-9a36-0a233bf71307]
[2025-10-30 11:15:03]   File uploaded: IMG_3.jpg (5.50 MB) [ID: 2949d627-8e7a-4ea1-9a36-0a233bf71307]
[2025-10-30 11:15:03]   File uploaded: IMG_4.jpg (5.33 MB) [ID: 2949d627-8e7a-4ea1-9a36-0a233bf71307]
[2025-10-30 11:15:03]   File uploaded: IMG_2.jpg (4.71 MB) [ID: 2949d627-8e7a-4ea1-9a36-0a233bf71307]
[2025-10-30 11:15:03]   File uploaded: IMG_5.jpg (5.43 MB) [ID: 2949d627-8e7a-4ea1-9a36-0a233bf71307]
[2025-10-30 11:15:03]   File uploaded: IMG_1.jpg (5.04 MB) [ID: 2949d627-8e7a-4ea1-9a36-0a233bf71307]
[2025-10-30 11:15:03]   File uploaded: IMG.jpg (4.54 MB) [ID: 2949d627-8e7a-4ea1-9a36-0a233bf71307]
[2025-10-30 11:15:03] Upload completed: 25-200-250/25-216/25-216-251029 - 11 file(s), 31.03 MB in 0.2s (147121.7 KB/s) [ID: 2949d627-8e7a-4ea1-9a36-0a233bf71307]
[2025-10-30 11:15:03] Controller handshake initiated to /api/folders.
[2025-10-30 12:32:25] Controller handshake initiated to /api/log.
[2025-10-30 12:32:25] Controller opened data sync.
[2025-10-30 12:32:25] Controller handshake initiated to /api/folders.
[2025-10-30 12:32:25] Controller handshake initiated to /api/templates.
[2025-10-30 12:47:29] Controller handshake initiated to /api/log.
[2025-10-30 12:47:29] Controller opened data sync.
[2025-10-30 12:47:29] Controller handshake initiated to /api/templates.
[2025-10-30 12:47:29] Controller handshake initiated to /api/folders.
[2025-10-30 13:00:28] Controller handshake initiated to /api/folders.
[2025-10-30 13:00:28] Controller handshake initiated to /api/templates.
[2025-10-30 13:00:28] Controller handshake initiated to /api/log.
[2025-10-30 13:00:28] Controller opened data sync.
[2025-10-30 13:21:34] Folder created: 25-200-250/25-217
[2025-10-30 13:21:38] Controller handshake initiated to /api/log.
[2025-10-30 13:21:38] Controller opened data sync.
[2025-10-30 13:21:38] Controller handshake initiated to /api/folders.
[2025-10-30 13:21:38] Controller handshake initiated to /api/templates.
[2025-10-30 13:21:56] Job created: 25-200-250/25-217/25-217-251030
[2025-10-30 13:21:57] Upload started: 25-200-250/25-217/25-217-251030 - 2 file(s) [ID: b3523eef-d83c-42cf-bb3d-1186f293e6fb]
[2025-10-30 13:21:57]   File uploaded: 25-217-Layout-251030.csv (0.00 MB) [ID: b3523eef-d83c-42cf-bb3d-1186f293e6fb]
[2025-10-30 13:21:57]   File uploaded: 25-217-Layout-251030.dxf (0.31 MB) [ID: b3523eef-d83c-42cf-bb3d-1186f293e6fb]
[2025-10-30 13:21:57] Upload completed: 25-200-250/25-217/25-217-251030 - 2 file(s), 0.31 MB in 0.0s (160792.0 KB/s) [ID: b3523eef-d83c-42cf-bb3d-1186f293e6fb]
[2025-10-30 13:23:31] Controller handshake initiated to /api/log.
[2025-10-30 13:23:31] Controller opened data sync.
[2025-10-30 13:23:31] Controller handshake initiated to /api/folders.
[2025-10-30 13:23:31] Controller handshake initiated to /api/templates.
[2025-10-30 13:24:11] Controller handshake initiated to /api/log.
[2025-10-30 13:24:11] Controller clicked download (25-200-250/25-217/25-217-251030).
[2025-10-30 13:24:11] Controller handshake initiated to /api/download-job/25-200-250/25-217/25-217-251030.
[2025-10-30 13:24:11] Controller handshake initiated to /api/download-file/25-200-250/25-217/25-217-251030/25-217-251030.job.
[2025-10-30 13:24:12] Controller handshake initiated to /api/download-file/25-200-250/25-217/25-217-251030/25-217-251030.jxl.
[2025-10-30 13:24:12] Controller handshake initiated to /api/download-file/25-200-250/25-217/25-217-251030/25-217-Layout-251030.csv.
[2025-10-30 13:24:12] Controller handshake initiated to /api/download-file/25-200-250/25-217/25-217-251030/25-217-Layout-251030.dxf.
[2025-10-30 13:24:13] Controller handshake initiated to /api/download-file/25-200-250/25-217/25-217-251030/Control%20-%20Avalon%20-%20251030.csv.
[2025-10-30 13:24:13] Controller handshake initiated to /api/download-file/25-200-250/25-217/25-217-251030/job_info.json.
[2025-10-30 13:57:17] Controller handshake initiated to /api/log.
[2025-10-30 13:57:17] Controller opened data sync.
[2025-10-30 13:57:17] Controller handshake initiated to /api/folders.
[2025-10-30 13:57:17] Controller handshake initiated to /api/templates.
[2025-10-30 17:29:12] Job created: 24-200-300/24-224/24-224-251030
[2025-10-30 17:29:13] Upload started: 24-200-300/24-224/24-224-251030 - 2 file(s) [ID: e7c76f7c-6213-49df-995f-a4b54e9dffb4]
[2025-10-30 17:29:13]   File uploaded: 24-224-5-Stanley-House-Layout-251030.csv (0.00 MB) [ID: e7c76f7c-6213-49df-995f-a4b54e9dffb4]
[2025-10-30 17:29:13]   File uploaded: 24-224-5-Stanley-House-Layout-251030.dxf (0.37 MB) [ID: e7c76f7c-6213-49df-995f-a4b54e9dffb4]
[2025-10-30 17:29:13] Upload completed: 24-200-300/24-224/24-224-251030 - 2 file(s), 0.37 MB in 0.0s (189454.1 KB/s) [ID: e7c76f7c-6213-49df-995f-a4b54e9dffb4]
[2025-10-30 17:43:36] Controller handshake initiated to /api/log.
[2025-10-30 17:43:36] Controller opened data sync.
[2025-10-30 17:43:36] Controller handshake initiated to /api/templates.
[2025-10-30 17:43:36] Controller handshake initiated to /api/folders.
[2025-10-30 17:44:37] Controller handshake initiated to /api/log.
[2025-10-30 17:44:37] Controller clicked download (24-200-300/24-224/24-224-251030).
[2025-10-30 17:44:38] Controller handshake initiated to /api/download-job/24-200-300/24-224/24-224-251030.
[2025-10-30 17:44:38] Controller handshake initiated to /api/download-file/24-200-300/24-224/24-224-251030/24-224-251030.job.
[2025-10-30 17:44:39] Controller handshake initiated to /api/download-file/24-200-300/24-224/24-224-251030/24-224-251030.jxl.
[2025-10-30 17:44:39] Controller handshake initiated to /api/download-file/24-200-300/24-224/24-224-251030/24-224-5-Stanley-House-Layout-251030.csv.
[2025-10-30 17:44:39] Controller handshake initiated to /api/download-file/24-200-300/24-224/24-224-251030/24-224-5-Stanley-House-Layout-251030.dxf.
[2025-10-30 17:44:41] Controller handshake initiated to /api/download-file/24-200-300/24-224/24-224-251030/Control%20-%20Avalon%20-%20251030.csv.
[2025-10-30 17:44:41] Controller handshake initiated to /api/download-file/24-200-300/24-224/24-224-251030/job_info.json.
[2025-10-30 18:59:42] Folder created: 25-200-250/25-218
[2025-10-30 19:00:49] Job created: 25-200-250/25-218/25-218-251030
[2025-10-30 19:00:50] Upload started: 25-200-250/25-218/25-218-251030 - 2 file(s) [ID: fa39dee7-07f6-4112-b47e-27dd45db3076]
[2025-10-30 19:00:50]   File uploaded: 25-218-Layout-251030.csv (0.00 MB) [ID: fa39dee7-07f6-4112-b47e-27dd45db3076]
[2025-10-30 19:00:50]   File uploaded: 25-218-Layout-251030.dxf (0.35 MB) [ID: fa39dee7-07f6-4112-b47e-27dd45db3076]
[2025-10-30 19:00:50] Upload completed: 25-200-250/25-218/25-218-251030 - 2 file(s), 0.35 MB in 0.0s (178859.9 KB/s) [ID: fa39dee7-07f6-4112-b47e-27dd45db3076]
[2025-10-30 19:06:49] Controller handshake initiated to /api/log.
[2025-10-30 19:06:49] Controller opened data sync.
[2025-10-30 19:06:49] Controller handshake initiated to /api/folders.
[2025-10-30 19:06:49] Controller handshake initiated to /api/templates.
[2025-10-30 19:07:43] Controller handshake initiated to /api/log.
[2025-10-30 19:07:43] Controller clicked download (25-200-250/25-218/25-218-251030).
[2025-10-30 19:07:44] Controller handshake initiated to /api/download-job/25-200-250/25-218/25-218-251030.
[2025-10-30 19:07:44] Controller handshake initiated to /api/download-file/25-200-250/25-218/25-218-251030/25-218-251030.job.
[2025-10-30 19:07:44] Controller handshake initiated to /api/download-file/25-200-250/25-218/25-218-251030/25-218-251030.jxl.
[2025-10-30 19:07:44] Controller handshake initiated to /api/download-file/25-200-250/25-218/25-218-251030/25-218-Layout-251030.csv.
[2025-10-30 19:07:45] Controller handshake initiated to /api/download-file/25-200-250/25-218/25-218-251030/25-218-Layout-251030.dxf.
[2025-10-30 19:07:45] Controller handshake initiated to /api/download-file/25-200-250/25-218/25-218-251030/Control%20-%20Avalon%20-%20251030.csv.
[2025-10-30 19:07:46] Controller handshake initiated to /api/download-file/25-200-250/25-218/25-218-251030/job_info.json.
[2025-10-31 10:35:59] Controller handshake initiated to /api/log.
[2025-10-31 10:35:59] Controller opened data sync.
[2025-10-31 10:35:59] Controller handshake initiated to /api/templates.
[2025-10-31 10:35:59] Controller handshake initiated to /api/folders.
[2025-10-31 10:36:58] Controller handshake initiated to /api/log.
[2025-10-31 10:36:58] Controller clicked upload (25-200-250/25-218/25-218-251030/25-218-251030.job).
[2025-10-31 10:36:58] Controller handshake initiated to /api/upload-field-data-android.
[2025-10-31 10:37:04] Upload started: 25-200-250/25-218/25-218-251030 - 10 file(s) [ID: 048c86da-6072-43be-b20f-608131fb1b3c]
[2025-10-31 10:37:04]   File uploaded: 25-218-251030.job (0.03 MB) [ID: 048c86da-6072-43be-b20f-608131fb1b3c]
[2025-10-31 10:37:04]   File uploaded: 25-218-251030.dxf (0.03 MB) [ID: 048c86da-6072-43be-b20f-608131fb1b3c]
[2025-10-31 10:37:04]   File uploaded: 25-218-Layout-251030.dxf (0.35 MB) [ID: 048c86da-6072-43be-b20f-608131fb1b3c]
[2025-10-31 10:37:04]   File uploaded: 25-218-Layout-251030.csv (0.00 MB) [ID: 048c86da-6072-43be-b20f-608131fb1b3c]
[2025-10-31 10:37:04]   File uploaded: IMG_2.jpg (5.50 MB) [ID: 048c86da-6072-43be-b20f-608131fb1b3c]
[2025-10-31 10:37:04]   File uploaded: IMG_4.jpg (5.24 MB) [ID: 048c86da-6072-43be-b20f-608131fb1b3c]
[2025-10-31 10:37:04]   File uploaded: IMG_1.jpg (4.45 MB) [ID: 048c86da-6072-43be-b20f-608131fb1b3c]
[2025-10-31 10:37:05]   File uploaded: IMG_5.jpg (5.73 MB) [ID: 048c86da-6072-43be-b20f-608131fb1b3c]
[2025-10-31 10:37:05]   File uploaded: IMG_3.jpg (4.36 MB) [ID: 048c86da-6072-43be-b20f-608131fb1b3c]
[2025-10-31 10:37:05]   File uploaded: IMG.jpg (5.77 MB) [ID: 048c86da-6072-43be-b20f-608131fb1b3c]
[2025-10-31 10:37:05] Upload completed: 25-200-250/25-218/25-218-251030 - 10 file(s), 31.47 MB in 0.0s (785923.6 KB/s) [ID: 048c86da-6072-43be-b20f-608131fb1b3c]
[2025-10-31 10:37:05] Controller handshake initiated to /api/folders.
[2025-10-31 11:54:21] Upload started: 25-200-250/25-208/25-208-251021 - 1 file(s) [ID: 741aae33-9b43-4907-adfd-9a8d80b60d8e]
[2025-10-31 11:54:21]   File uploaded: 25-208-Layout-251031.dxf (0.31 MB) [ID: 741aae33-9b43-4907-adfd-9a8d80b60d8e]
[2025-10-31 11:54:21] Upload completed: 25-200-250/25-208/25-208-251021 - 1 file(s), 0.31 MB in 0.0s (159966.3 KB/s) [ID: 741aae33-9b43-4907-adfd-9a8d80b60d8e]
[2025-10-31 11:54:45] Controller handshake initiated to /api/folders.
[2025-10-31 11:54:45] Controller handshake initiated to /api/log.
[2025-10-31 11:54:45] Controller opened data sync.
[2025-10-31 11:54:45] Controller handshake initiated to /api/templates.
[2025-10-31 11:56:01] Controller handshake initiated to /api/log.
[2025-10-31 11:56:01] Controller clicked download (25-200-250/25-208/25-208-251021/25-208-Layout-251031.dxf).
[2025-10-31 11:56:01] Controller handshake initiated to /api/download-file/25-200-250/25-208/25-208-251021/25-208-Layout-251031.dxf.
[2025-10-31 12:53:59] Upload started: 25-200-250/25-208/25-208-251021 - 1 file(s) [ID: c45fc558-5f58-4f6e-86f5-98faa1393505]
[2025-10-31 12:53:59]   File uploaded: 25-208-Layout-251031-R1.dxf (0.31 MB) [ID: c45fc558-5f58-4f6e-86f5-98faa1393505]
[2025-10-31 12:53:59] Upload completed: 25-200-250/25-208/25-208-251021 - 1 file(s), 0.31 MB in 0.0s (319015.6 KB/s) [ID: c45fc558-5f58-4f6e-86f5-98faa1393505]
[2025-10-31 12:56:34] Controller handshake initiated to /api/log.
[2025-10-31 12:56:34] Controller opened data sync.
[2025-10-31 12:56:34] Controller handshake initiated to /api/folders.
[2025-10-31 12:56:34] Controller handshake initiated to /api/templates.
[2025-10-31 12:57:50] Controller handshake initiated to /api/log.
[2025-10-31 12:57:50] Controller clicked download (25-200-250/25-208/25-208-251021/25-208-Layout-251031-R1.dxf).
[2025-10-31 12:57:51] Controller handshake initiated to /api/download-file/25-200-250/25-208/25-208-251021/25-208-Layout-251031-R1.dxf.
[2025-10-31 13:01:55] Controller handshake initiated to /api/log.
[2025-10-31 13:01:55] Controller opened data sync.
[2025-10-31 13:01:55] Controller handshake initiated to /api/folders.
[2025-10-31 13:01:55] Controller handshake initiated to /api/templates.
[2025-10-31 13:02:56] Controller handshake initiated to /api/log.
[2025-10-31 13:02:56] Controller clicked download (25-200-250/25-208/25-208-251021/25-208-Layout-251031-R1.dxf).
[2025-10-31 13:02:58] Controller handshake initiated to /api/download-file/25-200-250/25-208/25-208-251021/25-208-Layout-251031-R1.dxf.
[2025-10-31 14:33:17] Folder created: 25-200-250/25-219
[2025-10-31 14:34:03] Job created: 25-200-250/25-219/25-219-251031
[2025-10-31 14:34:04] Upload started: 25-200-250/25-219/25-219-251031 - 2 file(s) [ID: 0d0c1581-de02-4a04-96fe-5a28242d3c2f]
[2025-10-31 14:34:04]   File uploaded: 25-219-Layout-251031.csv (0.00 MB) [ID: 0d0c1581-de02-4a04-96fe-5a28242d3c2f]
[2025-10-31 14:34:04]   File uploaded: 25-219-Layout-251031.dxf (0.31 MB) [ID: 0d0c1581-de02-4a04-96fe-5a28242d3c2f]
[2025-10-31 14:34:04] Upload completed: 25-200-250/25-219/25-219-251031 - 2 file(s), 0.31 MB in 0.0s (158876.0 KB/s) [ID: 0d0c1581-de02-4a04-96fe-5a28242d3c2f]
[2025-10-31 14:37:41] Controller handshake initiated to /api/folders.
[2025-10-31 14:37:41] Controller handshake initiated to /api/log.
[2025-10-31 14:37:41] Controller opened data sync.
[2025-10-31 14:37:41] Controller handshake initiated to /api/templates.
[2025-10-31 14:39:02] Controller handshake initiated to /api/log.
[2025-10-31 14:39:02] Controller clicked download (25-200-250/25-219/25-219-251031).
[2025-10-31 14:39:02] Controller handshake initiated to /api/download-job/25-200-250/25-219/25-219-251031.
[2025-10-31 14:39:03] Controller handshake initiated to /api/download-file/25-200-250/25-219/25-219-251031/25-219-251031.job.
[2025-10-31 14:39:03] Controller handshake initiated to /api/download-file/25-200-250/25-219/25-219-251031/25-219-251031.jxl.
[2025-10-31 14:39:03] Controller handshake initiated to /api/download-file/25-200-250/25-219/25-219-251031/25-219-Layout-251031.csv.
[2025-10-31 14:39:04] Controller handshake initiated to /api/download-file/25-200-250/25-219/25-219-251031/25-219-Layout-251031.dxf.
[2025-10-31 14:39:05] Controller handshake initiated to /api/download-file/25-200-250/25-219/25-219-251031/Control%20-%20Avalon%20-%20251031.csv.
[2025-10-31 14:39:05] Controller handshake initiated to /api/download-file/25-200-250/25-219/25-219-251031/job_info.json.
[2025-11-03 12:57:31] Job created: 24-000-100/24-007/24-007-251103
[2025-11-03 12:57:32] Upload started: 24-000-100/24-007/24-007-251103 - 2 file(s) [ID: ea6e48b7-9773-413d-8a2f-ef4c1c3bf061]
[2025-11-03 12:57:32]   File uploaded: 24-007-Layout-251103.dxf (0.32 MB) [ID: ea6e48b7-9773-413d-8a2f-ef4c1c3bf061]
[2025-11-03 12:57:32]   File uploaded: 24-007-Layout-251103.csv (0.00 MB) [ID: ea6e48b7-9773-413d-8a2f-ef4c1c3bf061]
[2025-11-03 12:57:32] Upload completed: 24-000-100/24-007/24-007-251103 - 2 file(s), 0.32 MB in 0.0s (163641.1 KB/s) [ID: ea6e48b7-9773-413d-8a2f-ef4c1c3bf061]
[2025-11-03 13:16:48] Controller handshake initiated to /api/log.
[2025-11-03 13:16:48] Controller opened data sync.
[2025-11-03 13:16:48] Controller handshake initiated to /api/folders.
[2025-11-03 13:16:48] Controller handshake initiated to /api/templates.
[2025-11-03 13:18:58] Controller handshake initiated to /api/log.
[2025-11-03 13:18:58] Controller clicked download (24-000-100/24-007/24-007-251103).
[2025-11-03 13:18:58] Controller handshake initiated to /api/download-job/24-000-100/24-007/24-007-251103.
[2025-11-03 13:18:58] Controller handshake initiated to /api/download-file/24-000-100/24-007/24-007-251103/24-007-251103.job.
[2025-11-03 13:18:58] Controller handshake initiated to /api/download-file/24-000-100/24-007/24-007-251103/24-007-251103.jxl.
[2025-11-03 13:18:59] Controller handshake initiated to /api/download-file/24-000-100/24-007/24-007-251103/24-007-Layout-251103.csv.
[2025-11-03 13:18:59] Controller handshake initiated to /api/download-file/24-000-100/24-007/24-007-251103/24-007-Layout-251103.dxf.
[2025-11-03 13:18:59] Controller handshake initiated to /api/download-file/24-000-100/24-007/24-007-251103/Control%20-%20Avalon%20-%20251103.csv.
[2025-11-03 13:19:00] Controller handshake initiated to /api/download-file/24-000-100/24-007/24-007-251103/job_info.json.
[2025-11-03 14:09:36] Controller handshake initiated to /api/log.
[2025-11-03 14:09:36] Controller opened data sync.
[2025-11-03 14:09:36] Controller handshake initiated to /api/folders.
[2025-11-03 14:09:36] Controller handshake initiated to /api/templates.
[2025-11-03 14:27:29] Job created: 24-000-100/24-007/24-007-251103-R1
[2025-11-03 14:27:29] Upload started: 24-000-100/24-007/24-007-251103-R1 - 2 file(s) [ID: 8dbac23b-7931-421a-b4b4-2e9295a3dd4c]
[2025-11-03 14:27:29]   File uploaded: 24-007-Barn-Layout-251103.dxf (0.32 MB) [ID: 8dbac23b-7931-421a-b4b4-2e9295a3dd4c]
[2025-11-03 14:27:29]   File uploaded: 24-007-Barn-Layout-251103.csv (0.00 MB) [ID: 8dbac23b-7931-421a-b4b4-2e9295a3dd4c]
[2025-11-03 14:27:29] Upload completed: 24-000-100/24-007/24-007-251103-R1 - 2 file(s), 0.32 MB in 0.0s (163668.0 KB/s) [ID: 8dbac23b-7931-421a-b4b4-2e9295a3dd4c]
[2025-11-03 14:34:53] Controller handshake initiated to /api/log.
[2025-11-03 14:34:53] Controller opened data sync.
[2025-11-03 14:34:53] Controller handshake initiated to /api/templates.
[2025-11-03 14:34:53] Controller handshake initiated to /api/folders.
[2025-11-03 14:36:53] Controller handshake initiated to /api/log.
[2025-11-03 14:36:53] Controller clicked download (24-000-100/24-007/24-007-251103-R1).
[2025-11-03 14:36:53] Controller handshake initiated to /api/download-job/24-000-100/24-007/24-007-251103-R1.
[2025-11-03 14:36:53] Controller handshake initiated to /api/download-file/24-000-100/24-007/24-007-251103-R1/24-007-251103-R1.job.
[2025-11-03 14:36:53] Controller handshake initiated to /api/download-file/24-000-100/24-007/24-007-251103-R1/24-007-251103-R1.jxl.
[2025-11-03 14:36:54] Controller handshake initiated to /api/download-file/24-000-100/24-007/24-007-251103-R1/24-007-Barn-Layout-251103.csv.
[2025-11-03 14:36:55] Controller handshake initiated to /api/download-file/24-000-100/24-007/24-007-251103-R1/24-007-Barn-Layout-251103.dxf.
[2025-11-03 14:50:51] Controller handshake initiated to /api/log.
[2025-11-03 14:50:51] Controller opened data sync.
[2025-11-03 14:50:51] Controller handshake initiated to /api/templates.
[2025-11-03 14:50:51] Controller handshake initiated to /api/folders.
[2025-11-03 14:51:28] Controller handshake initiated to /api/log.
[2025-11-03 14:51:28] Controller opened data sync.
[2025-11-03 14:51:28] Controller handshake initiated to /api/folders.
[2025-11-03 14:51:28] Controller handshake initiated to /api/templates.
[2025-11-03 14:52:53] Controller handshake initiated to /api/log.
[2025-11-03 14:52:53] Controller clicked upload (25-200-250/25-206/25-206-251015/25-206-251015.job).
[2025-11-03 14:52:54] Controller handshake initiated to /api/upload-field-data-android.
[2025-11-03 14:53:07] Upload started: 25-200-250/25-206/25-206-251015 - 9 file(s) [ID: 9da6a0ac-6996-4acf-b71a-d0e9705bd9ce]
[2025-11-03 14:53:07]   File uploaded: 25-206-251015.job (0.07 MB) [ID: 9da6a0ac-6996-4acf-b71a-d0e9705bd9ce]
[2025-11-03 14:53:07]   File uploaded: 25-206-251103-test.dxf (0.04 MB) [ID: 9da6a0ac-6996-4acf-b71a-d0e9705bd9ce]
[2025-11-03 14:53:07]   File uploaded: 25-206-251015.csv (0.00 MB) [ID: 9da6a0ac-6996-4acf-b71a-d0e9705bd9ce]
[2025-11-03 14:53:07]   File uploaded: 25-206-251103-test.csv (0.00 MB) [ID: 9da6a0ac-6996-4acf-b71a-d0e9705bd9ce]
[2025-11-03 14:53:07]   File uploaded: 25-206-251015.dxf (0.04 MB) [ID: 9da6a0ac-6996-4acf-b71a-d0e9705bd9ce]
[2025-11-03 14:53:07]   File uploaded: 25-206-Layout-251015.dxf (0.32 MB) [ID: 9da6a0ac-6996-4acf-b71a-d0e9705bd9ce]
[2025-11-03 14:53:07]   File uploaded: 25-206-Layout-251015.csv (0.00 MB) [ID: 9da6a0ac-6996-4acf-b71a-d0e9705bd9ce]
[2025-11-03 14:53:07]   File uploaded: IMG_1.jpg (4.80 MB) [ID: 9da6a0ac-6996-4acf-b71a-d0e9705bd9ce]
[2025-11-03 14:53:07]   File uploaded: IMG.jpg (4.97 MB) [ID: 9da6a0ac-6996-4acf-b71a-d0e9705bd9ce]
[2025-11-03 14:53:07] Upload completed: 25-200-250/25-206/25-206-251015 - 9 file(s), 10.26 MB in 0.2s (64865.7 KB/s) [ID: 9da6a0ac-6996-4acf-b71a-d0e9705bd9ce]
[2025-11-03 14:53:07] Controller handshake initiated to /api/folders.
[2025-11-03 14:56:55] Upload started: 25-200-250/25-219/25-219-251031 - 1 file(s) [ID: a8b43592-ccd8-4e69-8f79-fe5764b4ea97]
[2025-11-03 14:56:55]   File uploaded: 25-219-Layout-251103.csv (0.00 MB) [ID: a8b43592-ccd8-4e69-8f79-fe5764b4ea97]
[2025-11-03 14:56:55] Upload completed: 25-200-250/25-219/25-219-251031 - 1 file(s), 0.00 MB in 0.0s (89.8 KB/s) [ID: a8b43592-ccd8-4e69-8f79-fe5764b4ea97]
[2025-11-03 17:35:26] Controller handshake initiated to /api/log.
[2025-11-03 17:35:26] Controller opened data sync.
[2025-11-03 17:35:26] Controller handshake initiated to /api/folders.
[2025-11-03 17:35:26] Controller handshake initiated to /api/templates.
[2025-11-03 17:37:02] Controller handshake initiated to /api/log.
[2025-11-03 17:37:02] Controller clicked download (25-200-250/25-219/25-219-251031/25-219-Layout-251103.csv).
[2025-11-03 17:37:03] Controller handshake initiated to /api/download-file/25-200-250/25-219/25-219-251031/25-219-Layout-251103.csv.
[2025-11-04 12:40:04] Folder created: 25-200-250/ht2test
[2025-11-04 12:40:20] Job created: 25-200-250/ht2test/ht2test-251104
[2025-11-04 12:40:36] Controller handshake initiated to /api/log.
[2025-11-04 12:40:36] Controller opened data sync.
[2025-11-04 12:40:36] Controller handshake initiated to /api/folders.
[2025-11-04 12:40:36] Controller handshake initiated to /api/templates.
[2025-11-04 12:41:35] Controller handshake initiated to /api/log.
[2025-11-04 12:41:35] Controller clicked download (25-200-250/ht2test/ht2test-251104).
[2025-11-04 12:41:35] Controller handshake initiated to /api/download-job/25-200-250/ht2test/ht2test-251104.
[2025-11-04 12:41:35] Controller handshake initiated to /api/download-file/25-200-250/ht2test/ht2test-251104/Control%20-%20Avalon%20-%20251104.csv.
[2025-11-04 12:41:35] Controller handshake initiated to /api/download-file/25-200-250/ht2test/ht2test-251104/ht2test-251104.job.
[2025-11-04 12:41:35] Controller handshake initiated to /api/download-file/25-200-250/ht2test/ht2test-251104/ht2test-251104.jxl.
[2025-11-04 12:41:35] Controller handshake initiated to /api/download-file/25-200-250/ht2test/ht2test-251104/job_info.json.
[2025-11-04 12:45:11] Job created: 25-200-250/ht2test/test2e-251104
[2025-11-04 12:45:46] Controller handshake initiated to /api/log.
[2025-11-04 12:45:46] Controller opened data sync.
[2025-11-04 12:45:46] Controller handshake initiated to /api/folders.
[2025-11-04 12:45:46] Controller handshake initiated to /api/templates.
[2025-11-04 12:46:29] Controller handshake initiated to /api/log.
[2025-11-04 12:46:29] Controller clicked download (25-200-250/ht2test/test2e-251104).
[2025-11-04 12:46:29] Controller handshake initiated to /api/download-job/25-200-250/ht2test/test2e-251104.
[2025-11-04 12:46:29] Controller handshake initiated to /api/download-file/25-200-250/ht2test/test2e-251104/Control%20-%20Avalon%20-%20251104.csv.
[2025-11-04 12:46:29] Controller handshake initiated to /api/download-file/25-200-250/ht2test/test2e-251104/job_info.json.
[2025-11-04 12:46:29] Controller handshake initiated to /api/download-file/25-200-250/ht2test/test2e-251104/test2e-251104.job.
[2025-11-04 12:46:29] Controller handshake initiated to /api/download-file/25-200-250/ht2test/test2e-251104/test2e-251104.jxl.
[2025-11-04 12:51:29] Controller handshake initiated to /api/log.
[2025-11-04 12:51:29] Controller clicked download (25-200-250/ht2test/test2e-251104/test2e-251104.job).
[2025-11-04 12:51:29] Controller handshake initiated to /api/download-file/25-200-250/ht2test/test2e-251104/test2e-251104.job.
[2025-11-04 13:30:00] Job created: 25-200-250/ht2test/h2test3-251104
[2025-11-04 13:30:22] Controller handshake initiated to /api/folders.
[2025-11-04 13:30:22] Controller handshake initiated to /api/log.
[2025-11-04 13:30:22] Controller opened data sync.
[2025-11-04 13:30:22] Controller handshake initiated to /api/templates.
[2025-11-04 13:31:06] Controller handshake initiated to /api/log.
[2025-11-04 13:31:06] Controller clicked download (25-200-250/ht2test/h2test3-251104).
[2025-11-04 13:31:06] Controller handshake initiated to /api/download-job/25-200-250/ht2test/h2test3-251104.
[2025-11-04 13:31:06] Controller handshake initiated to /api/download-file/25-200-250/ht2test/h2test3-251104/Control%20-%20Avalon%20-%20251104.csv.
[2025-11-04 13:31:06] Controller handshake initiated to /api/download-file/25-200-250/ht2test/h2test3-251104/h2test3-251104.job.
[2025-11-04 13:31:06] Controller handshake initiated to /api/download-file/25-200-250/ht2test/h2test3-251104/h2test3-251104.jxl.
[2025-11-04 13:31:06] Controller handshake initiated to /api/download-file/25-200-250/ht2test/h2test3-251104/job_info.json.
[2025-11-04 13:48:56] Controller handshake initiated to /api/log.
[2025-11-04 13:48:56] Controller opened data sync.
[2025-11-04 13:48:56] Controller handshake initiated to /api/templates.
[2025-11-04 13:48:56] Controller handshake initiated to /api/folders.
[2025-11-04 13:50:38] Controller handshake initiated to /api/log.
[2025-11-04 13:50:38] Controller clicked download (25-200-250/25-219/25-219-251031).
[2025-11-04 13:50:38] Controller handshake initiated to /api/download-job/25-200-250/25-219/25-219-251031.
[2025-11-04 13:50:38] Controller handshake initiated to /api/download-file/25-200-250/25-219/25-219-251031/25-219-251031.job.
[2025-11-04 13:50:38] Controller handshake initiated to /api/download-file/25-200-250/25-219/25-219-251031/25-219-251031.jxl.
[2025-11-04 13:50:38] Controller handshake initiated to /api/download-file/25-200-250/25-219/25-219-251031/25-219-Layout-251031.csv.
[2025-11-04 13:50:39] Controller handshake initiated to /api/download-file/25-200-250/25-219/25-219-251031/25-219-Layout-251031.dxf.
[2025-11-04 13:50:39] Controller handshake initiated to /api/download-file/25-200-250/25-219/25-219-251031/25-219-Layout-251103.csv.
[2025-11-04 13:50:40] Controller handshake initiated to /api/download-file/25-200-250/25-219/25-219-251031/Control%20-%20Avalon%20-%20251031.csv.
[2025-11-04 13:50:40] Controller handshake initiated to /api/download-file/25-200-250/25-219/25-219-251031/job_info.json.
[2025-11-04 13:55:11] Controller handshake initiated to /api/log.
[2025-11-04 13:55:11] Controller opened data sync.
[2025-11-04 13:55:11] Controller handshake initiated to /api/folders.
[2025-11-04 13:55:11] Controller handshake initiated to /api/templates.
[2025-11-04 14:05:37] Controller handshake initiated to /api/log.
[2025-11-04 14:05:37] Controller opened data sync.
[2025-11-04 14:05:37] Controller handshake initiated to /api/folders.
[2025-11-04 14:05:37] Controller handshake initiated to /api/templates.
[2025-11-04 14:08:27] Folder created: 25-200-250/25-221
[2025-11-04 14:08:48] Job created: 25-200-250/25-221/25-221-251104
[2025-11-04 14:08:48] Upload started: 25-200-250/25-221/25-221-251104 - 2 file(s) [ID: e77a6c8b-9420-44b4-89b5-d48b007b4073]
[2025-11-04 14:08:48]   File uploaded: 25-221-Layout-251104.csv (0.00 MB) [ID: e77a6c8b-9420-44b4-89b5-d48b007b4073]
[2025-11-04 14:08:48]   File uploaded: 25-221-Layout-251104.dxf (0.37 MB) [ID: e77a6c8b-9420-44b4-89b5-d48b007b4073]
[2025-11-04 14:08:48] Upload completed: 25-200-250/25-221/25-221-251104 - 2 file(s), 0.37 MB in 0.0s (382204.1 KB/s) [ID: e77a6c8b-9420-44b4-89b5-d48b007b4073]
[2025-11-04 14:10:55] Controller handshake initiated to /api/folders.
[2025-11-04 14:10:55] Controller handshake initiated to /api/log.
[2025-11-04 14:10:55] Controller opened data sync.
[2025-11-04 14:10:55] Controller handshake initiated to /api/templates.
[2025-11-04 14:11:40] Controller handshake initiated to /api/log.
[2025-11-04 14:11:40] Controller clicked download (25-200-250/25-221/25-221-251104).
[2025-11-04 14:11:41] Controller handshake initiated to /api/download-job/25-200-250/25-221/25-221-251104.
[2025-11-04 14:11:41] Controller handshake initiated to /api/download-file/25-200-250/25-221/25-221-251104/25-221-251104.job.
[2025-11-04 14:11:41] Controller handshake initiated to /api/download-file/25-200-250/25-221/25-221-251104/25-221-251104.jxl.
[2025-11-04 14:11:41] Controller handshake initiated to /api/download-file/25-200-250/25-221/25-221-251104/25-221-Layout-251104.csv.
[2025-11-04 14:11:41] Controller handshake initiated to /api/download-file/25-200-250/25-221/25-221-251104/25-221-Layout-251104.dxf.
[2025-11-04 14:11:42] Controller handshake initiated to /api/download-file/25-200-250/25-221/25-221-251104/Control%20-%20Avalon%20-%20251104.csv.
[2025-11-04 14:11:42] Controller handshake initiated to /api/download-file/25-200-250/25-221/25-221-251104/job_info.json.
[2025-11-04 14:18:28] Controller handshake initiated to /api/log.
[2025-11-04 14:18:28] Controller opened data sync.
[2025-11-04 14:18:28] Controller handshake initiated to /api/templates.
[2025-11-04 14:18:28] Controller handshake initiated to /api/folders.
[2025-11-04 20:19:39] Upload started: 25-200-250/25-216/25-216-251029 - 1 file(s) [ID: 38631e84-6f0e-4a70-90a4-df2605964ac7]
[2025-11-04 20:19:39]   File uploaded: 25-216-Layout-251104.csv (0.00 MB) [ID: 38631e84-6f0e-4a70-90a4-df2605964ac7]
[2025-11-04 20:19:39] Upload completed: 25-200-250/25-216/25-216-251029 - 1 file(s), 0.00 MB in 0.0s (23.4 KB/s) [ID: 38631e84-6f0e-4a70-90a4-df2605964ac7]
[2025-11-05 13:26:19] Controller handshake initiated to /api/log.
[2025-11-05 13:26:19] Controller opened data sync.
[2025-11-05 13:26:19] Controller handshake initiated to /api/templates.
[2025-11-05 13:26:19] Controller handshake initiated to /api/folders.
[2025-11-05 13:28:29] Controller handshake initiated to /api/log.
[2025-11-05 13:28:29] Controller clicked download (25-200-250/25-216/25-216-251029).
[2025-11-05 13:28:29] Controller handshake initiated to /api/download-job/25-200-250/25-216/25-216-251029.
[2025-11-05 13:28:29] Controller handshake initiated to /api/download-file/25-200-250/25-216/25-216-251029/25-216-251029.job.
[2025-11-05 13:28:29] Controller handshake initiated to /api/download-file/25-200-250/25-216/25-216-251029/25-216-251029.jxl.
[2025-11-05 13:28:30] Controller handshake initiated to /api/download-file/25-200-250/25-216/25-216-251029/25-216-Layout-251029.csv.
[2025-11-05 13:28:30] Controller handshake initiated to /api/download-file/25-200-250/25-216/25-216-251029/25-216-Layout-251029.dxf.
[2025-11-05 13:28:31] Controller handshake initiated to /api/download-file/25-200-250/25-216/25-216-251029/25-216-Layout-251104.csv.
[2025-11-05 13:28:32] Controller handshake initiated to /api/download-file/25-200-250/25-216/25-216-251029/Control%20-%20Avalon%20-%20251029.csv.
[2025-11-05 13:28:32] Controller handshake initiated to /api/download-file/25-200-250/25-216/25-216-251029/Field_Data/103025-0845AM/25-216-251029.csv.
[2025-11-05 13:28:32] Controller handshake initiated to /api/download-file/25-200-250/25-216/25-216-251029/Field_Data/103025-0845AM/25-216-251029.dxf.
[2025-11-05 13:28:32] Controller handshake initiated to /api/download-file/25-200-250/25-216/25-216-251029/Field_Data/103025-0845AM/25-216-251029.job.
[2025-11-05 13:28:32] Controller handshake initiated to /api/download-file/25-200-250/25-216/25-216-251029/Field_Data/103025-0845AM/25-216-Layout-251029.csv.
[2025-11-05 13:28:33] Controller handshake initiated to /api/download-file/25-200-250/25-216/25-216-251029/Field_Data/103025-0845AM/25-216-Layout-251029.dxf.
[2025-11-05 13:28:33] Controller handshake initiated to /api/download-file/25-200-250/25-216/25-216-251029/Field_Data/103025-0845AM/IMG.jpg.
[2025-11-05 13:28:36] Controller handshake initiated to /api/download-file/25-200-250/25-216/25-216-251029/Field_Data/103025-0845AM/IMG_1.jpg.
[2025-11-05 13:28:38] Controller handshake initiated to /api/log.
[2025-11-05 13:28:38] Controller clicked download (25-200-250/25-216/25-216-251029/25-216-Layout-251104.csv).
[2025-11-05 13:28:39] Controller handshake initiated to /api/download-file/25-200-250/25-216/25-216-251029/Field_Data/103025-0845AM/IMG_2.jpg.
[2025-11-05 13:28:43] Controller handshake initiated to /api/download-file/25-200-250/25-216/25-216-251029/Field_Data/103025-0845AM/IMG_3.jpg.
[2025-11-05 13:28:46] Controller handshake initiated to /api/download-file/25-200-250/25-216/25-216-251029/Field_Data/103025-0845AM/IMG_4.jpg.
[2025-11-05 13:28:50] Controller handshake initiated to /api/download-file/25-200-250/25-216/25-216-251029/Field_Data/103025-0845AM/IMG_5.jpg.
[2025-11-05 13:28:54] Controller handshake initiated to /api/download-file/25-200-250/25-216/25-216-251029/job_info.json.
[2025-11-05 13:28:54] Controller handshake initiated to /api/download-file/25-200-250/25-216/25-216-251029/25-216-Layout-251104.csv.
[2025-11-05 14:19:40] Controller handshake initiated to /api/log.
[2025-11-05 14:19:40] Controller opened data sync.
[2025-11-05 14:19:40] Controller handshake initiated to /api/templates.
[2025-11-05 14:19:40] Controller handshake initiated to /api/folders.
[2025-11-05 14:20:29] Controller handshake initiated to /api/log.
[2025-11-05 14:20:29] Controller clicked download (25-200-250).
[2025-11-05 14:20:29] Controller handshake initiated to /api/download-job/25-200-250.
[2025-11-05 14:20:30] Controller handshake initiated to /api/download-file/25-200-250/24-226/24-226-250829/24-226-250829.job.
[2025-11-05 14:20:30] Controller handshake initiated to /api/download-file/25-200-250/24-226/24-226-250829/24-226-250829.jxl.
[2025-11-05 14:20:30] Controller handshake initiated to /api/download-file/25-200-250/24-226/24-226-250829/25-226-Layout-250829.csv.
[2025-11-05 14:20:30] Controller handshake initiated to /api/download-file/25-200-250/24-226/24-226-250829/25-226-Layout-250829.dxf.
[2025-11-05 14:20:31] Controller handshake initiated to /api/download-file/25-200-250/24-226/24-226-250829/Control%20-%20Avalon%20-%20250829.csv.
[2025-11-05 14:20:31] Controller handshake initiated to /api/download-file/25-200-250/24-226/24-226-250829/job_info.json.
[2025-11-05 14:20:31] Controller handshake initiated to /api/download-file/25-200-250/25-201/25-201-251014/25-201-251014.jxl.
[2025-11-05 14:20:31] Controller handshake initiated to /api/download-file/25-200-250/25-201/25-201-251014/25-201-Layout-251014.csv.
[2025-11-05 14:20:31] Controller handshake initiated to /api/download-file/25-200-250/25-201/25-201-251014/25-201-Layout-251014.dxf.
[2025-11-05 14:20:32] Controller handshake initiated to /api/download-file/25-200-250/25-201/25-201-251014/Control%20-%20Avalon%20-%20251014.csv.
[2025-11-05 14:20:32] Controller handshake initiated to /api/download-file/25-200-250/25-201/25-201-251014/Field_Data/101625-0314PM/25-201-251014.csv.
[2025-11-05 14:20:32] Controller handshake initiated to /api/download-file/25-200-250/25-201/25-201-251014/Field_Data/101625-0314PM/25-201-251014.dxf.
[2025-11-05 14:20:32] Controller handshake initiated to /api/download-file/25-200-250/25-201/25-201-251014/Field_Data/101625-0314PM/25-201-251014.job.
[2025-11-05 14:20:32] Controller handshake initiated to /api/download-file/25-200-250/25-201/25-201-251014/Field_Data/101625-0314PM/25-201-Layout-251014.csv.
[2025-11-05 14:20:33] Controller handshake initiated to /api/download-file/25-200-250/25-201/25-201-251014/Field_Data/101625-0314PM/25-201-Layout-251014.dxf.
[2025-11-05 14:20:33] Controller handshake initiated to /api/download-file/25-200-250/25-201/25-201-251014/Field_Data/101625-0314PM/IMG.jpg.
[2025-11-05 14:20:36] Controller handshake initiated to /api/download-file/25-200-250/25-201/25-201-251014/Field_Data/101625-0928AM/25-201-251014.csv.
[2025-11-05 14:20:37] Controller handshake initiated to /api/download-file/25-200-250/25-201/25-201-251014/Field_Data/101625-0928AM/25-201-251014.dxf.
[2025-11-05 14:20:37] Controller handshake initiated to /api/download-file/25-200-250/25-201/25-201-251014/Field_Data/101625-0928AM/25-201-251014.job.
[2025-11-05 14:20:37] Controller handshake initiated to /api/download-file/25-200-250/25-201/25-201-251014/Field_Data/101625-0928AM/25-201-Layout-251014.csv.
[2025-11-05 14:20:37] Controller handshake initiated to /api/download-file/25-200-250/25-201/25-201-251014/Field_Data/101625-0928AM/25-201-Layout-251014.dxf.
[2025-11-05 14:20:37] Controller handshake initiated to /api/download-file/25-200-250/25-201/25-201-251014/Field_Data/101625-0928AM/IMG.jpg.
[2025-11-05 14:20:41] Controller handshake initiated to /api/download-file/25-200-250/25-201/25-201-251014/Field_Data/101725-0846AM/25-201-251014.csv.
[2025-11-05 14:20:41] Controller handshake initiated to /api/download-file/25-200-250/25-201/25-201-251014/Field_Data/101725-0846AM/25-201-251014.dxf.
[2025-11-05 14:20:41] Controller handshake initiated to /api/download-file/25-200-250/25-201/25-201-251014/Field_Data/101725-0846AM/25-201-251014.job.
[2025-11-05 14:20:41] Controller handshake initiated to /api/download-file/25-200-250/25-201/25-201-251014/Field_Data/101725-0846AM/25-201-Layout-251014.csv.
[2025-11-05 14:20:41] Controller handshake initiated to /api/download-file/25-200-250/25-201/25-201-251014/Field_Data/101725-0846AM/25-201-Layout-251014.dxf.
[2025-11-05 14:20:42] Controller handshake initiated to /api/download-file/25-200-250/25-201/25-201-251014/Field_Data/101725-0846AM/IMG.jpg.
[2025-11-05 14:20:45] Controller handshake initiated to /api/download-file/25-200-250/25-201/25-201-251014/job_info.json.
[2025-11-05 14:20:45] Controller handshake initiated to /api/download-file/25-200-250/25-202/25-202-251014/25-201-Layout-251014.csv.
[2025-11-05 14:20:45] Controller handshake initiated to /api/download-file/25-200-250/25-202/25-202-251014/25-201-Layout-251014.dxf.
[2025-11-05 14:20:46] Controller handshake initiated to /api/download-file/25-200-250/25-202/25-202-251014/25-202-251014.jxl.
[2025-11-05 14:20:46] Controller handshake initiated to /api/download-file/25-200-250/25-202/25-202-251014/Control%20-%20Avalon%20-%20251014.csv.
[2025-11-05 14:20:46] Controller handshake initiated to /api/download-file/25-200-250/25-202/25-202-251014/job_info.json.
[2025-11-05 14:20:46] Controller handshake initiated to /api/download-file/25-200-250/25-203/25-203-251017/25-203-251017.jxl.
[2025-11-05 14:20:46] Controller handshake initiated to /api/download-file/25-200-250/25-203/25-203-251017/25-203-Layout-251017.csv.
[2025-11-05 14:20:46] Controller handshake initiated to /api/download-file/25-200-250/25-203/25-203-251017/25-203-Layout-251017.dxf.
[2025-11-05 14:20:47] Controller handshake initiated to /api/download-file/25-200-250/25-203/25-203-251017/Control%20-%20Avalon%20-%20251017.csv.
[2025-11-05 14:20:47] Controller handshake initiated to /api/download-file/25-200-250/25-203/25-203-251017/Field_Data/101725-0618PM/25-203-251017.csv.
[2025-11-05 14:20:47] Controller handshake initiated to /api/download-file/25-200-250/25-203/25-203-251017/Field_Data/101725-0618PM/25-203-251017.dxf.
[2025-11-05 14:20:47] Controller handshake initiated to /api/download-file/25-200-250/25-203/25-203-251017/Field_Data/101725-0618PM/25-203-251017.job.
[2025-11-05 14:20:48] Controller handshake initiated to /api/download-file/25-200-250/25-203/25-203-251017/Field_Data/101725-0618PM/25-203-Layout-251017.csv.
[2025-11-05 14:20:48] Controller handshake initiated to /api/download-file/25-200-250/25-203/25-203-251017/Field_Data/101725-0618PM/25-203-Layout-251017.dxf.
[2025-11-05 14:20:48] Controller handshake initiated to /api/download-file/25-200-250/25-203/25-203-251017/Field_Data/101725-0618PM/IMG.jpg.
[2025-11-05 14:20:51] Controller handshake initiated to /api/download-file/25-200-250/25-203/25-203-251017/Field_Data/101725-0618PM/IMG_1.jpg.
[2025-11-05 14:20:54] Controller handshake initiated to /api/log.
[2025-11-05 14:20:54] Controller clicked upload (25-200-250/25-216/25-216-251029/25-216-251029.job).
[2025-11-05 14:20:54] Controller handshake initiated to /api/download-file/25-200-250/25-203/25-203-251017/Field_Data/101725-0618PM/IMG_10.jpg.
[2025-11-05 14:20:55] Controller handshake initiated to /api/upload-field-data-android.
[2025-11-05 14:20:55] Upload started: 25-200-250/25-216/25-216-251029 - 5 file(s) [ID: eda4fa99-9632-4f39-a520-7ae4f12c463b]
[2025-11-05 14:20:55]   File uploaded: 25-216-251029.job (0.01 MB) [ID: eda4fa99-9632-4f39-a520-7ae4f12c463b]
[2025-11-05 14:20:55]   File uploaded: 25-216-251105.csv (0.00 MB) [ID: eda4fa99-9632-4f39-a520-7ae4f12c463b]
[2025-11-05 14:20:55]   File uploaded: 25-216-Layout-251104.csv (0.00 MB) [ID: eda4fa99-9632-4f39-a520-7ae4f12c463b]
[2025-11-05 14:20:55]   File uploaded: 25-216-Layout-251029.csv (0.00 MB) [ID: eda4fa99-9632-4f39-a520-7ae4f12c463b]
[2025-11-05 14:20:55]   File uploaded: 25-216-Layout-251029.dxf (0.33 MB) [ID: eda4fa99-9632-4f39-a520-7ae4f12c463b]
[2025-11-05 14:20:55] Upload completed: 25-200-250/25-216/25-216-251029 - 5 file(s), 0.34 MB in 0.1s (5606.1 KB/s) [ID: eda4fa99-9632-4f39-a520-7ae4f12c463b]
[2025-11-05 14:20:55] Controller handshake initiated to /api/folders.
[2025-11-05 14:20:58] Controller handshake initiated to /api/download-file/25-200-250/25-203/25-203-251017/Field_Data/101725-0618PM/IMG_2.jpg.
[2025-11-05 14:21:01] Controller handshake initiated to /api/download-file/25-200-250/25-203/25-203-251017/Field_Data/101725-0618PM/IMG_3.jpg.
[2025-11-05 14:21:05] Controller handshake initiated to /api/download-file/25-200-250/25-203/25-203-251017/Field_Data/101725-0618PM/IMG_4.jpg.
[2025-11-05 14:21:09] Controller handshake initiated to /api/download-file/25-200-250/25-203/25-203-251017/Field_Data/101725-0618PM/IMG_5.jpg.
[2025-11-05 14:21:12] Controller handshake initiated to /api/download-file/25-200-250/25-203/25-203-251017/Field_Data/101725-0618PM/IMG_6.jpg.
[2025-11-05 14:21:17] Controller handshake initiated to /api/download-file/25-200-250/25-203/25-203-251017/Field_Data/101725-0618PM/IMG_7.jpg.
[2025-11-05 14:21:21] Controller handshake initiated to /api/download-file/25-200-250/25-203/25-203-251017/Field_Data/101725-0618PM/IMG_8.jpg.
[2025-11-05 14:21:26] Controller handshake initiated to /api/download-file/25-200-250/25-203/25-203-251017/Field_Data/101725-0618PM/IMG_9.jpg.
[2025-11-05 14:21:30] Controller handshake initiated to /api/download-file/25-200-250/25-203/25-203-251017/job_info.json.
[2025-11-05 14:21:30] Controller handshake initiated to /api/download-file/25-200-250/25-205/25-205-251015/25-205-251015.job.
[2025-11-05 14:21:31] Controller handshake initiated to /api/download-file/25-200-250/25-205/25-205-251015/25-205-251015.jxl.
[2025-11-05 14:21:31] Controller handshake initiated to /api/download-file/25-200-250/25-205/25-205-251015/25-205-Layout-251015.dxf.
[2025-11-05 14:21:31] Controller handshake initiated to /api/download-file/25-200-250/25-205/25-205-251015/Control%20-%20Avalon%20-%20251015.csv.
[2025-11-05 14:21:31] Controller handshake initiated to /api/download-file/25-200-250/25-205/25-205-251015/Field_Data/101525-0613PM/25-205-251015.csv.
[2025-11-05 14:21:31] Controller handshake initiated to /api/download-file/25-200-250/25-205/25-205-251015/Field_Data/101525-0613PM/25-205-251015.dxf.
[2025-11-05 14:21:32] Controller handshake initiated to /api/download-file/25-200-250/25-205/25-205-251015/Field_Data/101525-0613PM/25-205-251015.job.
[2025-11-05 14:21:32] Controller handshake initiated to /api/download-file/25-200-250/25-205/25-205-251015/Field_Data/101525-0613PM/25-205-Layout-251015.dxf.
[2025-11-05 14:21:32] Controller handshake initiated to /api/download-file/25-200-250/25-205/25-205-251015/Field_Data/101525-0613PM/IMG.jpg.
[2025-11-05 14:21:36] Controller handshake initiated to /api/download-file/25-200-250/25-205/25-205-251015/Field_Data/101525-0613PM/IMG_1.jpg.
[2025-11-05 14:21:41] Controller handshake initiated to /api/download-file/25-200-250/25-205/25-205-251015/Field_Data/101525-0613PM/IMG_2.jpg.
[2025-11-05 14:21:46] Controller handshake initiated to /api/download-file/25-200-250/25-205/25-205-251015/Field_Data/101525-0613PM/IMG_3.jpg.
[2025-11-05 14:21:50] Controller handshake initiated to /api/download-file/25-200-250/25-205/25-205-251015/Field_Data/101525-0613PM/IMG_4.jpg.
[2025-11-05 14:21:55] Controller handshake initiated to /api/download-file/25-200-250/25-205/25-205-251015/job_info.json.
[2025-11-05 14:21:55] Controller handshake initiated to /api/download-file/25-200-250/25-206/25-206-251015/25-206-251015.jxl.
[2025-11-05 14:21:55] Controller handshake initiated to /api/download-file/25-200-250/25-206/25-206-251015/25-206-Layout-251015.csv.
[2025-11-05 14:21:55] Controller handshake initiated to /api/download-file/25-200-250/25-206/25-206-251015/25-206-Layout-251015.dxf.
[2025-11-05 14:21:56] Controller handshake initiated to /api/download-file/25-200-250/25-206/25-206-251015/Control%20-%20Avalon%20-%20251015.csv.
[2025-11-05 14:21:56] Controller handshake initiated to /api/download-file/25-200-250/25-206/25-206-251015/Field_Data/101525-0421PM/25-206-251015.csv.
[2025-11-05 14:21:56] Controller handshake initiated to /api/download-file/25-200-250/25-206/25-206-251015/Field_Data/101525-0421PM/25-206-251015.dxf.
[2025-11-05 14:21:56] Controller handshake initiated to /api/download-file/25-200-250/25-206/25-206-251015/Field_Data/101525-0421PM/25-206-251015.job.
[2025-11-05 14:21:56] Controller handshake initiated to /api/download-file/25-200-250/25-206/25-206-251015/Field_Data/101525-0421PM/25-206-Layout-251015.csv.
[2025-11-05 14:21:57] Controller handshake initiated to /api/download-file/25-200-250/25-206/25-206-251015/Field_Data/101525-0421PM/25-206-Layout-251015.dxf.
[2025-11-05 14:21:57] Controller handshake initiated to /api/download-file/25-200-250/25-206/25-206-251015/Field_Data/101525-0421PM/IMG.jpg.
[2025-11-05 14:22:00] Controller handshake initiated to /api/download-file/25-200-250/25-206/25-206-251015/Field_Data/101525-0421PM/IMG_1.jpg.
[2025-11-05 14:22:04] Controller handshake initiated to /api/download-file/25-200-250/25-206/25-206-251015/Field_Data/101525-0507PM/25-206-251015.csv.
[2025-11-05 14:22:04] Controller handshake initiated to /api/download-file/25-200-250/25-206/25-206-251015/Field_Data/101525-0507PM/25-206-251015.dxf.
[2025-11-05 14:22:04] Controller handshake initiated to /api/download-file/25-200-250/25-206/25-206-251015/Field_Data/101525-0507PM/25-206-251015.job.
[2025-11-05 14:22:04] Controller handshake initiated to /api/download-file/25-200-250/25-206/25-206-251015/Field_Data/101525-0507PM/25-206-Layout-251015.csv.
[2025-11-05 14:22:05] Controller handshake initiated to /api/download-file/25-200-250/25-206/25-206-251015/Field_Data/101525-0507PM/25-206-Layout-251015.dxf.
[2025-11-05 14:22:05] Controller handshake initiated to /api/download-file/25-200-250/25-206/25-206-251015/Field_Data/101525-0507PM/IMG.jpg.
[2025-11-05 14:22:08] Controller handshake initiated to /api/download-file/25-200-250/25-206/25-206-251015/Field_Data/101525-0507PM/IMG_1.jpg.
[2025-11-05 14:22:12] Controller handshake initiated to /api/download-file/25-200-250/25-206/25-206-251015/Field_Data/110325-1123AM/25-206-251015.csv.
[2025-11-05 14:22:12] Controller handshake initiated to /api/download-file/25-200-250/25-206/25-206-251015/Field_Data/110325-1123AM/25-206-251015.dxf.
[2025-11-05 14:22:12] Controller handshake initiated to /api/download-file/25-200-250/25-206/25-206-251015/Field_Data/110325-1123AM/25-206-251015.job.
[2025-11-05 14:22:12] Controller handshake initiated to /api/download-file/25-200-250/25-206/25-206-251015/Field_Data/110325-1123AM/25-206-251103-test.csv.
[2025-11-05 14:22:12] Controller handshake initiated to /api/download-file/25-200-250/25-206/25-206-251015/Field_Data/110325-1123AM/25-206-251103-test.dxf.
[2025-11-05 14:22:13] Controller handshake initiated to /api/download-file/25-200-250/25-206/25-206-251015/Field_Data/110325-1123AM/25-206-Layout-251015.csv.
[2025-11-05 14:22:13] Controller handshake initiated to /api/download-file/25-200-250/25-206/25-206-251015/Field_Data/110325-1123AM/25-206-Layout-251015.dxf.
[2025-11-05 14:22:13] Controller handshake initiated to /api/download-file/25-200-250/25-206/25-206-251015/Field_Data/110325-1123AM/IMG.jpg.
[2025-11-05 14:22:16] Controller handshake initiated to /api/download-file/25-200-250/25-206/25-206-251015/Field_Data/110325-1123AM/IMG_1.jpg.
[2025-11-05 14:22:20] Controller handshake initiated to /api/download-file/25-200-250/25-206/25-206-251015/job_info.json.
[2025-11-05 14:22:20] Controller handshake initiated to /api/download-file/25-200-250/25-208/25-208-251021/25-208-251021.jxl.
[2025-11-05 14:22:20] Controller handshake initiated to /api/download-file/25-200-250/25-208/25-208-251021/25-208-Estimation_of_Boundary-251021.dxf.
[2025-11-05 14:22:20] Controller handshake initiated to /api/download-file/25-200-250/25-208/25-208-251021/25-208-Layout-251021.csv.
[2025-11-05 14:22:20] Controller handshake initiated to /api/download-file/25-200-250/25-208/25-208-251021/25-208-Layout-251021.dxf.
[2025-11-05 14:22:21] Controller handshake initiated to /api/download-file/25-200-250/25-208/25-208-251021/25-208-Layout-251024.csv.
[2025-11-05 14:22:21] Controller handshake initiated to /api/download-file/25-200-250/25-208/25-208-251021/25-208-Layout-251024.dxf.
[2025-11-05 14:22:21] Controller handshake initiated to /api/download-file/25-200-250/25-208/25-208-251021/25-208-Layout-251031-R1.dxf.
[2025-11-05 14:22:21] Controller handshake initiated to /api/download-file/25-200-250/25-208/25-208-251021/25-208-Layout-251031.dxf.
[2025-11-05 14:22:22] Controller handshake initiated to /api/download-file/25-200-250/25-208/25-208-251021/Control%20-%20Avalon%20-%20251021.csv.
[2025-11-05 14:22:22] Controller handshake initiated to /api/download-file/25-200-250/25-208/25-208-251021/job_info.json.
[2025-11-05 14:22:22] Controller handshake initiated to /api/download-file/25-200-250/25-208/25-208-251029/25-208-251029.job.
[2025-11-05 14:22:22] Controller handshake initiated to /api/download-file/25-200-250/25-208/25-208-251029/25-208-251029.jxl.
[2025-11-05 14:22:22] Controller handshake initiated to /api/download-file/25-200-250/25-208/25-208-251029/25-208-Layout-251029.csv.
[2025-11-05 14:22:22] Controller handshake initiated to /api/download-file/25-200-250/25-208/25-208-251029/25-208-Layout-251029.dxf.
[2025-11-05 14:22:23] Controller handshake initiated to /api/download-file/25-200-250/25-208/25-208-251029/Control%20-%20Avalon%20-%20251029.csv.
[2025-11-05 14:22:23] Controller handshake initiated to /api/download-file/25-200-250/25-208/25-208-251029/job_info.json.
[2025-11-05 14:22:23] Controller handshake initiated to /api/download-file/25-200-250/25-209/25-209-251020/25-209-251020.job.
[2025-11-05 14:22:23] Controller handshake initiated to /api/download-file/25-200-250/25-209/25-209-251020/25-209-251020.jxl.
[2025-11-05 14:22:23] Controller handshake initiated to /api/download-file/25-200-250/25-209/25-209-251020/25-209-Layout-251020.csv.
[2025-11-05 14:22:23] Controller handshake initiated to /api/download-file/25-200-250/25-209/25-209-251020/25-209-Layout-251020.dxf.
[2025-11-05 14:22:24] Controller handshake initiated to /api/download-file/25-200-250/25-209/25-209-251020/Control%20-%20Avalon%20-%20251020.csv.
[2025-11-05 14:22:24] Controller handshake initiated to /api/download-file/25-200-250/25-209/25-209-251020/job_info.json.
[2025-11-05 14:22:24] Controller handshake initiated to /api/download-file/25-200-250/25-210/25-210-251022/25-210-251022.job.
[2025-11-05 14:22:24] Controller handshake initiated to /api/download-file/25-200-250/25-210/25-210-251022/25-210-251022.jxl.
[2025-11-05 14:22:24] Controller handshake initiated to /api/download-file/25-200-250/25-210/25-210-251022/25-210-Layout-251022.csv.
[2025-11-05 14:22:25] Controller handshake initiated to /api/download-file/25-200-250/25-210/25-210-251022/25-210-Layout-251022.dxf.
[2025-11-05 14:22:25] Controller handshake initiated to /api/download-file/25-200-250/25-210/25-210-251022/25-210-Layout-251023.dxf.
[2025-11-05 14:22:25] Controller handshake initiated to /api/download-file/25-200-250/25-210/25-210-251022/Control%20-%20Avalon%20-%20251022.csv.
[2025-11-05 14:22:25] Controller handshake initiated to /api/download-file/25-200-250/25-210/25-210-251022/job_info.json.
[2025-11-05 14:22:26] Controller handshake initiated to /api/download-file/25-200-250/25-211/25-211-251021/25-211-251021.jxl.
[2025-11-05 14:22:26] Controller handshake initiated to /api/download-file/25-200-250/25-211/25-211-251021/25-211-Layout-251021.csv.
[2025-11-05 14:22:26] Controller handshake initiated to /api/download-file/25-200-250/25-211/25-211-251021/25-211-Layout-251021.dxf.
[2025-11-05 14:22:26] Controller handshake initiated to /api/download-file/25-200-250/25-211/25-211-251021/Control%20-%20Avalon%20-%20251021.csv.
[2025-11-05 14:22:26] Controller handshake initiated to /api/download-file/25-200-250/25-211/25-211-251021/job_info.json.
[2025-11-05 14:22:26] Controller handshake initiated to /api/download-file/25-200-250/25-212/25-212-251021/25-212-251021.job.
[2025-11-05 14:22:27] Controller handshake initiated to /api/download-file/25-200-250/25-212/25-212-251021/25-212-251021.jxl.
[2025-11-05 14:22:27] Controller handshake initiated to /api/download-file/25-200-250/25-212/25-212-251021/25-212-Layout-251021.csv.
[2025-11-05 14:22:27] Controller handshake initiated to /api/download-file/25-200-250/25-212/25-212-251021/25-212-Layout-251021.dxf.
[2025-11-05 14:22:27] Controller handshake initiated to /api/download-file/25-200-250/25-212/25-212-251021/Control%20-%20Avalon%20-%20251021.csv.
[2025-11-05 14:22:28] Controller handshake initiated to /api/download-file/25-200-250/25-212/25-212-251021/job_info.json.
[2025-11-05 14:22:28] Controller handshake initiated to /api/download-file/25-200-250/25-213/25-213-251027/25-213-251027.job.
[2025-11-05 14:22:28] Controller handshake initiated to /api/download-file/25-200-250/25-213/25-213-251027/25-213-251027.jxl.
[2025-11-05 14:22:28] Controller handshake initiated to /api/download-file/25-200-250/25-213/25-213-251027/25-213-Layout-251027.csv.
[2025-11-05 14:22:28] Controller handshake initiated to /api/download-file/25-200-250/25-213/25-213-251027/25-213-Layout-251027.dxf.
[2025-11-05 14:22:29] Controller handshake initiated to /api/download-file/25-200-250/25-213/25-213-251027/Control%20-%20Avalon%20-%20251027.csv.
[2025-11-05 14:22:29] Controller handshake initiated to /api/download-file/25-200-250/25-213/25-213-251027/job_info.json.
[2025-11-05 14:22:29] Controller handshake initiated to /api/download-file/25-200-250/25-214/25-214-251027/25-214-251027.job.
[2025-11-05 14:22:29] Controller handshake initiated to /api/download-file/25-200-250/25-214/25-214-251027/25-214-251027.jxl.
[2025-11-05 14:22:29] Controller handshake initiated to /api/download-file/25-200-250/25-214/25-214-251027/25-214-Layout-251027.csv.
[2025-11-05 14:22:29] Controller handshake initiated to /api/download-file/25-200-250/25-214/25-214-251027/25-214-Layout-251027.dxf.
[2025-11-05 14:22:30] Controller handshake initiated to /api/download-file/25-200-250/25-214/25-214-251027/Control%20-%20Avalon%20-%20251027.csv.
[2025-11-05 14:22:30] Controller handshake initiated to /api/download-file/25-200-250/25-214/25-214-251027/job_info.json.
[2025-11-05 14:22:30] Controller handshake initiated to /api/download-file/25-200-250/25-215/25-215-251028/25-215-251028.job.
[2025-11-05 14:22:30] Controller handshake initiated to /api/download-file/25-200-250/25-215/25-215-251028/25-215-251028.jxl.
[2025-11-05 14:22:31] Controller handshake initiated to /api/download-file/25-200-250/25-215/25-215-251028/25-215-Layout-251028.csv.
[2025-11-05 14:22:31] Controller handshake initiated to /api/download-file/25-200-250/25-215/25-215-251028/25-215-Layout-251028.dxf.
[2025-11-05 14:22:31] Controller handshake initiated to /api/download-file/25-200-250/25-215/25-215-251028/Control%20-%20Avalon%20-%20251028.csv.
[2025-11-05 14:22:31] Controller handshake initiated to /api/download-file/25-200-250/25-215/25-215-251028/job_info.json.
[2025-11-05 14:22:31] Controller handshake initiated to /api/download-file/25-200-250/25-216/25-216-251029/25-216-251029.jxl.
[2025-11-05 14:22:32] Controller handshake initiated to /api/download-file/25-200-250/25-216/25-216-251029/25-216-Layout-251029.csv.
[2025-11-05 14:22:32] Controller handshake initiated to /api/download-file/25-200-250/25-216/25-216-251029/25-216-Layout-251029.dxf.
[2025-11-05 14:22:32] Controller handshake initiated to /api/download-file/25-200-250/25-216/25-216-251029/25-216-Layout-251104.csv.
[2025-11-05 14:22:32] Controller handshake initiated to /api/download-file/25-200-250/25-216/25-216-251029/Control%20-%20Avalon%20-%20251029.csv.
[2025-11-05 14:22:32] Controller handshake initiated to /api/download-file/25-200-250/25-216/25-216-251029/Field_Data/103025-0845AM/25-216-251029.csv.
[2025-11-05 14:22:32] Controller handshake initiated to /api/download-file/25-200-250/25-216/25-216-251029/Field_Data/103025-0845AM/25-216-251029.dxf.
[2025-11-05 14:22:33] Controller handshake initiated to /api/download-file/25-200-250/25-216/25-216-251029/Field_Data/103025-0845AM/25-216-Layout-251029.csv.
[2025-11-05 14:22:33] Controller handshake initiated to /api/download-file/25-200-250/25-216/25-216-251029/Field_Data/103025-0845AM/25-216-Layout-251029.dxf.
[2025-11-05 14:22:33] Controller handshake initiated to /api/download-file/25-200-250/25-216/25-216-251029/Field_Data/103025-0845AM/IMG.jpg.
[2025-11-05 14:22:36] Controller handshake initiated to /api/download-file/25-200-250/25-216/25-216-251029/Field_Data/103025-0845AM/IMG_1.jpg.
[2025-11-05 14:22:40] Controller handshake initiated to /api/download-file/25-200-250/25-216/25-216-251029/Field_Data/103025-0845AM/IMG_2.jpg.
[2025-11-05 14:22:43] Controller handshake initiated to /api/download-file/25-200-250/25-216/25-216-251029/Field_Data/103025-0845AM/IMG_3.jpg.
[2025-11-05 14:22:47] Controller handshake initiated to /api/download-file/25-200-250/25-216/25-216-251029/Field_Data/103025-0845AM/IMG_4.jpg.
[2025-11-05 14:22:50] Controller handshake initiated to /api/download-file/25-200-250/25-216/25-216-251029/Field_Data/103025-0845AM/IMG_5.jpg.
[2025-11-05 14:22:54] Controller handshake initiated to /api/download-file/25-200-250/25-216/25-216-251029/job_info.json.
[2025-11-05 14:22:54] Controller handshake initiated to /api/download-file/25-200-250/25-217/25-217-251030/25-217-251030.job.
[2025-11-05 14:22:54] Controller handshake initiated to /api/download-file/25-200-250/25-217/25-217-251030/25-217-251030.jxl.
[2025-11-05 14:22:54] Controller handshake initiated to /api/download-file/25-200-250/25-217/25-217-251030/25-217-Layout-251030.csv.
[2025-11-05 14:22:55] Controller handshake initiated to /api/download-file/25-200-250/25-217/25-217-251030/25-217-Layout-251030.dxf.
[2025-11-05 14:22:55] Controller handshake initiated to /api/download-file/25-200-250/25-217/25-217-251030/Control%20-%20Avalon%20-%20251030.csv.
[2025-11-05 14:22:55] Controller handshake initiated to /api/download-file/25-200-250/25-217/25-217-251030/job_info.json.
[2025-11-05 14:22:55] Controller handshake initiated to /api/download-file/25-200-250/25-218/25-218-251030/25-218-251030.job.
[2025-11-05 14:22:55] Controller handshake initiated to /api/download-file/25-200-250/25-218/25-218-251030/25-218-251030.jxl.
[2025-11-05 14:22:56] Controller handshake initiated to /api/download-file/25-200-250/25-218/25-218-251030/25-218-Layout-251030.csv.
[2025-11-05 14:22:56] Controller handshake initiated to /api/download-file/25-200-250/25-218/25-218-251030/25-218-Layout-251030.dxf.
[2025-11-05 14:22:56] Controller handshake initiated to /api/download-file/25-200-250/25-218/25-218-251030/Control%20-%20Avalon%20-%20251030.csv.
[2025-11-05 14:22:56] Controller handshake initiated to /api/download-file/25-200-250/25-218/25-218-251030/Field_Data/103125-0807AM/25-218-251030.dxf.
[2025-11-05 14:22:57] Controller handshake initiated to /api/download-file/25-200-250/25-218/25-218-251030/Field_Data/103125-0807AM/25-218-251030.job.
[2025-11-05 14:22:57] Controller handshake initiated to /api/download-file/25-200-250/25-218/25-218-251030/Field_Data/103125-0807AM/25-218-Layout-251030.csv.
[2025-11-05 14:22:57] Controller handshake initiated to /api/download-file/25-200-250/25-218/25-218-251030/Field_Data/103125-0807AM/25-218-Layout-251030.dxf.
[2025-11-05 14:22:57] Controller handshake initiated to /api/download-file/25-200-250/25-218/25-218-251030/Field_Data/103125-0807AM/IMG.jpg.
[2025-11-05 14:23:01] Controller handshake initiated to /api/download-file/25-200-250/25-218/25-218-251030/Field_Data/103125-0807AM/IMG_1.jpg.
[2025-11-05 14:23:04] Controller handshake initiated to /api/download-file/25-200-250/25-218/25-218-251030/Field_Data/103125-0807AM/IMG_2.jpg.
[2025-11-05 14:23:08] Controller handshake initiated to /api/download-file/25-200-250/25-218/25-218-251030/Field_Data/103125-0807AM/IMG_3.jpg.
[2025-11-05 14:23:11] Controller handshake initiated to /api/download-file/25-200-250/25-218/25-218-251030/Field_Data/103125-0807AM/IMG_4.jpg.
[2025-11-05 14:23:15] Controller handshake initiated to /api/download-file/25-200-250/25-218/25-218-251030/Field_Data/103125-0807AM/IMG_5.jpg.
[2025-11-05 14:23:19] Controller handshake initiated to /api/download-file/25-200-250/25-218/25-218-251030/job_info.json.
[2025-11-05 14:23:19] Controller handshake initiated to /api/download-file/25-200-250/25-219/25-219-251031/25-219-251031.jxl.
[2025-11-05 14:23:19] Controller handshake initiated to /api/download-file/25-200-250/25-219/25-219-251031/25-219-Layout-251031.csv.
[2025-11-05 14:23:19] Controller handshake initiated to /api/download-file/25-200-250/25-219/25-219-251031/25-219-Layout-251031.dxf.
[2025-11-05 14:23:19] Controller handshake initiated to /api/download-file/25-200-250/25-219/25-219-251031/25-219-Layout-251103.csv.
[2025-11-05 14:23:19] Controller handshake initiated to /api/download-file/25-200-250/25-219/25-219-251031/Control%20-%20Avalon%20-%20251031.csv.
[2025-11-05 14:23:20] Controller handshake initiated to /api/download-file/25-200-250/25-219/25-219-251031/job_info.json.
[2025-11-05 14:23:20] Controller handshake initiated to /api/download-file/25-200-250/25-221/25-221-251104/25-221-251104.jxl.
[2025-11-05 14:23:20] Controller handshake initiated to /api/download-file/25-200-250/25-221/25-221-251104/25-221-Layout-251104.csv.
[2025-11-05 14:23:20] Controller handshake initiated to /api/download-file/25-200-250/25-221/25-221-251104/25-221-Layout-251104.dxf.
[2025-11-05 14:23:20] Controller handshake initiated to /api/download-file/25-200-250/25-221/25-221-251104/Control%20-%20Avalon%20-%20251104.csv.
[2025-11-05 14:23:20] Controller handshake initiated to /api/download-file/25-200-250/25-221/25-221-251104/job_info.json.
[2025-11-05 14:23:21] Controller handshake initiated to /api/download-file/25-200-250/CGS/Field_Data/101625-0158PM/CGC.csv.
[2025-11-05 14:23:21] Controller handshake initiated to /api/download-file/25-200-250/CGS/Field_Data/101625-0158PM/CGC.job.
[2025-11-05 14:23:21] Controller handshake initiated to /api/download-file/25-200-250/CGS/Field_Data/101625-0313PM/CGC.job.
[2025-11-05 14:23:21] Controller handshake initiated to /api/download-file/25-200-250/CGS/Field_Data/101625-0313PM/RJG.csv.
[2025-11-05 14:23:21] Controller handshake initiated to /api/download-file/25-200-250/CGS/job_info.json.
[2025-11-05 14:56:53] Folder created: 25-200-250/25-220
[2025-11-05 14:57:58] Job created: 25-200-250/25-220/25-220-251105
[2025-11-05 14:57:58] Upload started: 25-200-250/25-220/25-220-251105 - 2 file(s) [ID: 12f6e887-e501-428d-a3a2-f6c336c0480a]
[2025-11-05 14:57:58]   File uploaded: 25-220-Layout-251105.csv (0.00 MB) [ID: 12f6e887-e501-428d-a3a2-f6c336c0480a]
[2025-11-05 14:57:58]   File uploaded: 25-220-Layout-251105.dxf (0.31 MB) [ID: 12f6e887-e501-428d-a3a2-f6c336c0480a]
[2025-11-05 14:57:58] Upload completed: 25-200-250/25-220/25-220-251105 - 2 file(s), 0.32 MB in 0.0s (161883.8 KB/s) [ID: 12f6e887-e501-428d-a3a2-f6c336c0480a]
[2025-11-05 15:51:37] Controller handshake initiated to /api/log.
[2025-11-05 15:51:37] Controller opened data sync.
[2025-11-05 15:51:37] Controller handshake initiated to /api/templates.
[2025-11-05 15:51:37] Controller handshake initiated to /api/folders.
[2025-11-05 15:52:37] Controller handshake initiated to /api/log.
[2025-11-05 15:52:37] Controller clicked upload (25-200-250/25-221/25-221-251104/25-221-251104.job).
[2025-11-05 15:52:38] Controller handshake initiated to /api/upload-field-data-android.
[2025-11-05 15:53:15] Upload started: 25-200-250/25-221/25-221-251104 - 14 file(s) [ID: b0befc5f-4570-418e-ba58-c55ba8d9e3ad]
[2025-11-05 15:53:15]   File uploaded: 25-221-251104.job (0.15 MB) [ID: b0befc5f-4570-418e-ba58-c55ba8d9e3ad]
[2025-11-05 15:53:15]   File uploaded: 25-221-251104.dxf (0.08 MB) [ID: b0befc5f-4570-418e-ba58-c55ba8d9e3ad]
[2025-11-05 15:53:15]   File uploaded: 25-221-251104.csv (0.01 MB) [ID: b0befc5f-4570-418e-ba58-c55ba8d9e3ad]
[2025-11-05 15:53:15]   File uploaded: 25-221-Layout-251104.dxf (0.37 MB) [ID: b0befc5f-4570-418e-ba58-c55ba8d9e3ad]
[2025-11-05 15:53:15]   File uploaded: 25-221-Layout-251104.csv (0.00 MB) [ID: b0befc5f-4570-418e-ba58-c55ba8d9e3ad]
[2025-11-05 15:53:15]   File uploaded: IMG_1.jpg (3.92 MB) [ID: b0befc5f-4570-418e-ba58-c55ba8d9e3ad]
[2025-11-05 15:53:15]   File uploaded: IMG_8.jpg (3.59 MB) [ID: b0befc5f-4570-418e-ba58-c55ba8d9e3ad]
[2025-11-05 15:53:15]   File uploaded: IMG.jpg (3.94 MB) [ID: b0befc5f-4570-418e-ba58-c55ba8d9e3ad]
[2025-11-05 15:53:15]   File uploaded: IMG_4.jpg (4.04 MB) [ID: b0befc5f-4570-418e-ba58-c55ba8d9e3ad]
[2025-11-05 15:53:15]   File uploaded: IMG_2.jpg (4.50 MB) [ID: b0befc5f-4570-418e-ba58-c55ba8d9e3ad]
[2025-11-05 15:53:15]   File uploaded: IMG_3.jpg (3.95 MB) [ID: b0befc5f-4570-418e-ba58-c55ba8d9e3ad]
[2025-11-05 15:53:15]   File uploaded: IMG_5.jpg (4.08 MB) [ID: b0befc5f-4570-418e-ba58-c55ba8d9e3ad]
[2025-11-05 15:53:15]   File uploaded: IMG_7.jpg (3.57 MB) [ID: b0befc5f-4570-418e-ba58-c55ba8d9e3ad]
[2025-11-05 15:53:15]   File uploaded: IMG_6.jpg (4.01 MB) [ID: b0befc5f-4570-418e-ba58-c55ba8d9e3ad]
[2025-11-05 15:53:15] Upload completed: 25-200-250/25-221/25-221-251104 - 14 file(s), 36.22 MB in 0.0s (1090843.4 KB/s) [ID: b0befc5f-4570-418e-ba58-c55ba8d9e3ad]
[2025-11-05 15:53:15] Controller handshake initiated to /api/folders.
[2025-11-05 17:18:27] Controller handshake initiated to /api/log.
[2025-11-05 17:18:27] Controller opened data sync.
[2025-11-05 17:18:27] Controller handshake initiated to /api/folders.
[2025-11-05 17:18:27] Controller handshake initiated to /api/templates.
[2025-11-05 17:19:30] Controller handshake initiated to /api/log.
[2025-11-05 17:19:30] Controller clicked upload (25-200-250/25-221/25-221-251104/25-221-251104.job).
[2025-11-05 17:19:31] Controller handshake initiated to /api/upload-field-data-android.
[2025-11-05 17:20:08] Upload started: 25-200-250/25-221/25-221-251104 - 15 file(s) [ID: 9b443e11-683d-4aee-bf4b-2db207cd4dad]
[2025-11-05 17:20:08]   File uploaded: 25-221-251104.job (0.18 MB) [ID: 9b443e11-683d-4aee-bf4b-2db207cd4dad]
[2025-11-05 17:20:08]   File uploaded: 25-221-251104-R.csv (0.01 MB) [ID: 9b443e11-683d-4aee-bf4b-2db207cd4dad]
[2025-11-05 17:20:08]   File uploaded: 25-221-251104.dxf (0.08 MB) [ID: 9b443e11-683d-4aee-bf4b-2db207cd4dad]
[2025-11-05 17:20:08]   File uploaded: 25-221-251104.csv (0.01 MB) [ID: 9b443e11-683d-4aee-bf4b-2db207cd4dad]
[2025-11-05 17:20:08]   File uploaded: 25-221-Layout-251104.dxf (0.37 MB) [ID: 9b443e11-683d-4aee-bf4b-2db207cd4dad]
[2025-11-05 17:20:08]   File uploaded: 25-221-Layout-251104.csv (0.00 MB) [ID: 9b443e11-683d-4aee-bf4b-2db207cd4dad]
[2025-11-05 17:20:08]   File uploaded: IMG_1.jpg (3.92 MB) [ID: 9b443e11-683d-4aee-bf4b-2db207cd4dad]
[2025-11-05 17:20:08]   File uploaded: IMG_8.jpg (3.59 MB) [ID: 9b443e11-683d-4aee-bf4b-2db207cd4dad]
[2025-11-05 17:20:08]   File uploaded: IMG.jpg (3.94 MB) [ID: 9b443e11-683d-4aee-bf4b-2db207cd4dad]
[2025-11-05 17:20:08]   File uploaded: IMG_4.jpg (4.04 MB) [ID: 9b443e11-683d-4aee-bf4b-2db207cd4dad]
[2025-11-05 17:20:08]   File uploaded: IMG_2.jpg (4.50 MB) [ID: 9b443e11-683d-4aee-bf4b-2db207cd4dad]
[2025-11-05 17:20:08]   File uploaded: IMG_3.jpg (3.95 MB) [ID: 9b443e11-683d-4aee-bf4b-2db207cd4dad]
[2025-11-05 17:20:08]   File uploaded: IMG_5.jpg (4.08 MB) [ID: 9b443e11-683d-4aee-bf4b-2db207cd4dad]
[2025-11-05 17:20:08]   File uploaded: IMG_7.jpg (3.57 MB) [ID: 9b443e11-683d-4aee-bf4b-2db207cd4dad]
[2025-11-05 17:20:08]   File uploaded: IMG_6.jpg (4.01 MB) [ID: 9b443e11-683d-4aee-bf4b-2db207cd4dad]
[2025-11-05 17:20:08] Upload completed: 25-200-250/25-221/25-221-251104 - 15 file(s), 36.26 MB in 0.1s (571164.4 KB/s) [ID: 9b443e11-683d-4aee-bf4b-2db207cd4dad]
[2025-11-05 17:20:08] Controller handshake initiated to /api/folders.
[2025-11-05 18:15:08] Controller handshake initiated to /api/log.
[2025-11-05 18:15:08] Controller opened data sync.
[2025-11-05 18:15:08] Controller handshake initiated to /api/folders.
[2025-11-05 18:15:08] Controller handshake initiated to /api/templates.
[2025-11-05 18:19:01] Controller handshake initiated to /api/log.
[2025-11-05 18:19:01] Controller opened data sync.
[2025-11-05 18:19:01] Controller handshake initiated to /api/templates.
[2025-11-05 18:19:01] Controller handshake initiated to /api/folders.
[2025-11-05 18:19:45] Controller handshake initiated to /api/log.
[2025-11-05 18:19:45] Controller clicked upload (25-200-250/25-221/25-221-251104/25-221-251104.job).
[2025-11-05 18:19:46] Controller handshake initiated to /api/upload-field-data-android.
[2025-11-05 18:20:30] Upload started: 25-200-250/25-221/25-221-251104 - 17 file(s) [ID: 9d9f6982-0379-4300-b767-be47e50aef75]
[2025-11-05 18:20:30]   File uploaded: 25-221-251104.job (0.19 MB) [ID: 9d9f6982-0379-4300-b767-be47e50aef75]
[2025-11-05 18:20:30]   File uploaded: 25-221-251104RR.dxf (0.08 MB) [ID: 9d9f6982-0379-4300-b767-be47e50aef75]
[2025-11-05 18:20:30]   File uploaded: 25-221-251104-R.csv (0.01 MB) [ID: 9d9f6982-0379-4300-b767-be47e50aef75]
[2025-11-05 18:20:30]   File uploaded: 25-221-251104RR.csv (0.01 MB) [ID: 9d9f6982-0379-4300-b767-be47e50aef75]
[2025-11-05 18:20:30]   File uploaded: 25-221-251104.dxf (0.08 MB) [ID: 9d9f6982-0379-4300-b767-be47e50aef75]
[2025-11-05 18:20:30]   File uploaded: 25-221-251104.csv (0.01 MB) [ID: 9d9f6982-0379-4300-b767-be47e50aef75]
[2025-11-05 18:20:30]   File uploaded: 25-221-Layout-251104.dxf (0.37 MB) [ID: 9d9f6982-0379-4300-b767-be47e50aef75]
[2025-11-05 18:20:30]   File uploaded: 25-221-Layout-251104.csv (0.00 MB) [ID: 9d9f6982-0379-4300-b767-be47e50aef75]
[2025-11-05 18:20:30]   File uploaded: IMG_1.jpg (3.92 MB) [ID: 9d9f6982-0379-4300-b767-be47e50aef75]
[2025-11-05 18:20:30]   File uploaded: IMG_8.jpg (3.59 MB) [ID: 9d9f6982-0379-4300-b767-be47e50aef75]
[2025-11-05 18:20:30]   File uploaded: IMG.jpg (3.94 MB) [ID: 9d9f6982-0379-4300-b767-be47e50aef75]
[2025-11-05 18:20:30]   File uploaded: IMG_4.jpg (4.04 MB) [ID: 9d9f6982-0379-4300-b767-be47e50aef75]
[2025-11-05 18:20:30]   File uploaded: IMG_2.jpg (4.50 MB) [ID: 9d9f6982-0379-4300-b767-be47e50aef75]
[2025-11-05 18:20:30]   File uploaded: IMG_3.jpg (3.95 MB) [ID: 9d9f6982-0379-4300-b767-be47e50aef75]
[2025-11-05 18:20:30]   File uploaded: IMG_5.jpg (4.08 MB) [ID: 9d9f6982-0379-4300-b767-be47e50aef75]
[2025-11-05 18:20:30]   File uploaded: IMG_7.jpg (3.57 MB) [ID: 9d9f6982-0379-4300-b767-be47e50aef75]
[2025-11-05 18:20:30]   File uploaded: IMG_6.jpg (4.01 MB) [ID: 9d9f6982-0379-4300-b767-be47e50aef75]
[2025-11-05 18:20:30] Upload completed: 25-200-250/25-221/25-221-251104 - 17 file(s), 36.36 MB in 0.1s (454059.8 KB/s) [ID: 9d9f6982-0379-4300-b767-be47e50aef75]
[2025-11-05 18:20:30] Controller handshake initiated to /api/folders.
[2025-11-05 19:21:53] Controller handshake initiated to /api/log.
[2025-11-05 19:21:53] Controller opened data sync.
[2025-11-05 19:21:53] Controller handshake initiated to /api/folders.
[2025-11-05 19:21:53] Controller handshake initiated to /api/templates.
[2025-11-05 19:22:45] Controller handshake initiated to /api/log.
[2025-11-05 19:22:45] Controller clicked download (25-200-250/25-220/25-220-251105).
[2025-11-05 19:22:46] Controller handshake initiated to /api/download-job/25-200-250/25-220/25-220-251105.
[2025-11-05 19:22:46] Controller handshake initiated to /api/download-file/25-200-250/25-220/25-220-251105/25-220-251105.job.
[2025-11-05 19:22:46] Controller handshake initiated to /api/download-file/25-200-250/25-220/25-220-251105/25-220-251105.jxl.
[2025-11-05 19:22:47] Controller handshake initiated to /api/download-file/25-200-250/25-220/25-220-251105/25-220-Layout-251105.csv.
[2025-11-05 19:22:47] Controller handshake initiated to /api/download-file/25-200-250/25-220/25-220-251105/25-220-Layout-251105.dxf.
[2025-11-05 19:22:48] Controller handshake initiated to /api/download-file/25-200-250/25-220/25-220-251105/Control%20-%20Avalon%20-%20251105.csv.
[2025-11-05 19:22:48] Controller handshake initiated to /api/download-file/25-200-250/25-220/25-220-251105/job_info.json.
[2025-11-06 12:05:40] Folder created: 25-200-250/25-223
[2025-11-06 12:08:44] Job created: 25-200-250/25-223/25-223-251106
[2025-11-06 12:08:44] Upload started: 25-200-250/25-223/25-223-251106 - 2 file(s) [ID: 909ce4a2-327d-44ef-8c62-df1a1b4def1d]
[2025-11-06 12:08:44]   File uploaded: 25-223-Layout-251106.dxf (0.32 MB) [ID: 909ce4a2-327d-44ef-8c62-df1a1b4def1d]
[2025-11-06 12:08:44]   File uploaded: 25-223-Layout-251106.csv (0.00 MB) [ID: 909ce4a2-327d-44ef-8c62-df1a1b4def1d]
[2025-11-06 12:08:44] Upload completed: 25-200-250/25-223/25-223-251106 - 2 file(s), 0.32 MB in 0.0s (162396.5 KB/s) [ID: 909ce4a2-327d-44ef-8c62-df1a1b4def1d]
[2025-11-06 12:43:49] Controller handshake initiated to /api/log.
[2025-11-06 12:43:49] Controller opened data sync.
[2025-11-06 12:43:49] Controller handshake initiated to /api/folders.
[2025-11-06 12:43:49] Controller handshake initiated to /api/templates.
[2025-11-06 12:59:44] Controller handshake initiated to /api/log.
[2025-11-06 12:59:44] Controller opened data sync.
[2025-11-06 12:59:44] Controller handshake initiated to /api/folders.
[2025-11-06 12:59:44] Controller handshake initiated to /api/templates.
[2025-11-06 13:00:47] Controller handshake initiated to /api/log.
[2025-11-06 13:00:47] Controller clicked download (25-200-250/25-220).
[2025-11-06 13:00:47] Controller handshake initiated to /api/download-job/25-200-250/25-220.
[2025-11-06 13:00:47] Controller handshake initiated to /api/download-file/25-200-250/25-220/25-220-251105/25-220-251105.job.
[2025-11-06 13:00:48] Controller handshake initiated to /api/download-file/25-200-250/25-220/25-220-251105/25-220-251105.jxl.
[2025-11-06 13:00:48] Controller handshake initiated to /api/download-file/25-200-250/25-220/25-220-251105/25-220-Layout-251105.csv.
[2025-11-06 13:00:48] Controller handshake initiated to /api/download-file/25-200-250/25-220/25-220-251105/25-220-Layout-251105.dxf.
[2025-11-06 13:00:54] Controller handshake initiated to /api/log.
[2025-11-06 13:00:54] Controller clicked download (25-200-250/25-223).
[2025-11-06 13:01:15] Controller handshake initiated to /api/download-file/25-200-250/25-220/25-220-251105/Control%20-%20Avalon%20-%20251105.csv.
[2025-11-06 13:01:15] Controller handshake initiated to /api/download-file/25-200-250/25-220/25-220-251105/job_info.json.
[2025-11-06 13:01:16] Controller handshake initiated to /api/download-job/25-200-250/25-223.
[2025-11-06 13:01:16] Controller handshake initiated to /api/download-file/25-200-250/25-223/25-223-251106/25-223-251106.job.
[2025-11-06 13:01:16] Controller handshake initiated to /api/download-file/25-200-250/25-223/25-223-251106/25-223-251106.jxl.
[2025-11-06 13:01:16] Controller handshake initiated to /api/download-file/25-200-250/25-223/25-223-251106/25-223-Layout-251106.csv.
[2025-11-06 13:01:16] Controller handshake initiated to /api/download-file/25-200-250/25-223/25-223-251106/25-223-Layout-251106.dxf.
[2025-11-06 13:01:17] Controller handshake initiated to /api/download-file/25-200-250/25-223/25-223-251106/Control%20-%20Avalon%20-%20251106.csv.
[2025-11-06 13:01:17] Controller handshake initiated to /api/download-file/25-200-250/25-223/25-223-251106/job_info.json.
[2025-11-06 13:09:35] Folder created: 25-200-250/25-222
[2025-11-06 13:10:25] Job created: 25-200-250/25-222/25-222-251106
[2025-11-06 13:10:26] Upload started: 25-200-250/25-222/25-222-251106 - 2 file(s) [ID: 947e6e7e-34fc-4fee-beb0-20c55daa33d9]
[2025-11-06 13:10:26]   File uploaded: 25-222-Layout-251106.csv (0.00 MB) [ID: 947e6e7e-34fc-4fee-beb0-20c55daa33d9]
[2025-11-06 13:10:26]   File uploaded: 25-222-Layout-251106.dxf (0.31 MB) [ID: 947e6e7e-34fc-4fee-beb0-20c55daa33d9]
[2025-11-06 13:10:26] Upload completed: 25-200-250/25-222/25-222-251106 - 2 file(s), 0.31 MB in 0.0s (159727.1 KB/s) [ID: 947e6e7e-34fc-4fee-beb0-20c55daa33d9]
[2025-11-06 14:07:06] Controller handshake initiated to /api/log.
[2025-11-06 14:07:06] Controller opened data sync.
[2025-11-06 14:07:06] Controller handshake initiated to /api/templates.
[2025-11-06 14:07:06] Controller handshake initiated to /api/folders.
[2025-11-06 14:08:00] Controller handshake initiated to /api/log.
[2025-11-06 14:08:00] Controller clicked upload (25-200-250/25-220/25-220-251105/25-220-251105.job).
[2025-11-06 14:08:01] Controller handshake initiated to /api/upload-field-data-android.
[2025-11-06 14:08:40] Upload started: 25-200-250/25-220/25-220-251105 - 11 file(s) [ID: 5a50c462-f9f0-496c-9efa-57d428c4eef8]
[2025-11-06 14:08:40]   File uploaded: 25-220-251105.job (0.11 MB) [ID: 5a50c462-f9f0-496c-9efa-57d428c4eef8]
[2025-11-06 14:08:40]   File uploaded: 25-220-251105.csv (0.01 MB) [ID: 5a50c462-f9f0-496c-9efa-57d428c4eef8]
[2025-11-06 14:08:40]   File uploaded: 25-220-251105.dxf (0.06 MB) [ID: 5a50c462-f9f0-496c-9efa-57d428c4eef8]
[2025-11-06 14:08:40]   File uploaded: 25-220-Layout-251105.csv (0.00 MB) [ID: 5a50c462-f9f0-496c-9efa-57d428c4eef8]
[2025-11-06 14:08:40]   File uploaded: 25-220-Layout-251105.dxf (0.31 MB) [ID: 5a50c462-f9f0-496c-9efa-57d428c4eef8]
[2025-11-06 14:08:40]   File uploaded: IMG_4.jpg (5.24 MB) [ID: 5a50c462-f9f0-496c-9efa-57d428c4eef8]
[2025-11-06 14:08:40]   File uploaded: IMG_5.jpg (8.68 MB) [ID: 5a50c462-f9f0-496c-9efa-57d428c4eef8]
[2025-11-06 14:08:40]   File uploaded: IMG_1.jpg (4.84 MB) [ID: 5a50c462-f9f0-496c-9efa-57d428c4eef8]
[2025-11-06 14:08:40]   File uploaded: IMG_3.jpg (5.15 MB) [ID: 5a50c462-f9f0-496c-9efa-57d428c4eef8]
[2025-11-06 14:08:40]   File uploaded: IMG_2.jpg (5.15 MB) [ID: 5a50c462-f9f0-496c-9efa-57d428c4eef8]
[2025-11-06 14:08:40]   File uploaded: IMG.jpg (4.43 MB) [ID: 5a50c462-f9f0-496c-9efa-57d428c4eef8]
[2025-11-06 14:08:40] Upload completed: 25-200-250/25-220/25-220-251105 - 11 file(s), 33.98 MB in 0.0s (809239.5 KB/s) [ID: 5a50c462-f9f0-496c-9efa-57d428c4eef8]
[2025-11-06 14:08:40] Controller handshake initiated to /api/folders.
[2025-11-06 14:16:48] Controller handshake initiated to /api/log.
[2025-11-06 14:16:48] Controller opened data sync.
[2025-11-06 14:16:48] Controller handshake initiated to /api/folders.
[2025-11-06 14:16:48] Controller handshake initiated to /api/templates.
[2025-11-06 14:17:30] Controller handshake initiated to /api/log.
[2025-11-06 14:17:30] Controller clicked download (25-200-250/25-222/25-222-251106).
[2025-11-06 14:17:31] Controller handshake initiated to /api/download-job/25-200-250/25-222/25-222-251106.
[2025-11-06 14:17:32] Controller handshake initiated to /api/download-file/25-200-250/25-222/25-222-251106/25-222-251106.job.
[2025-11-06 14:17:32] Controller handshake initiated to /api/download-file/25-200-250/25-222/25-222-251106/25-222-251106.jxl.
[2025-11-06 14:17:32] Controller handshake initiated to /api/download-file/25-200-250/25-222/25-222-251106/25-222-Layout-251106.csv.
[2025-11-06 14:17:34] Controller handshake initiated to /api/download-file/25-200-250/25-222/25-222-251106/25-222-Layout-251106.dxf.
[2025-11-06 14:17:38] Controller handshake initiated to /api/download-file/25-200-250/25-222/25-222-251106/Control%20-%20Avalon%20-%20251106.csv.
[2025-11-06 14:17:50] Controller handshake initiated to /api/download-file/25-200-250/25-222/25-222-251106/job_info.json.
[2025-11-06 16:12:06] Controller handshake initiated to /api/log.
[2025-11-06 16:12:06] Controller clicked download (25-200-250/25-223/25-223-251106).
[2025-11-06 16:12:06] Controller handshake initiated to /api/download-job/25-200-250/25-223/25-223-251106.
[2025-11-06 16:12:06] Controller handshake initiated to /api/download-file/25-200-250/25-223/25-223-251106/25-223-251106.jxl.
[2025-11-06 16:12:07] Controller handshake initiated to /api/download-file/25-200-250/25-223/25-223-251106/25-223-Layout-251106.csv.
[2025-11-06 16:12:07] Controller handshake initiated to /api/download-file/25-200-250/25-223/25-223-251106/25-223-Layout-251106.dxf.
[2025-11-06 16:12:08] Controller handshake initiated to /api/download-file/25-200-250/25-223/25-223-251106/Control%20-%20Avalon%20-%20251106.csv.
[2025-11-06 16:12:08] Controller handshake initiated to /api/download-file/25-200-250/25-223/25-223-251106/job_info.json.
[2025-11-06 17:45:24] Controller handshake initiated to /api/log.
[2025-11-06 17:45:24] Controller opened data sync.
[2025-11-06 17:45:24] Controller handshake initiated to /api/folders.
[2025-11-06 17:45:24] Controller handshake initiated to /api/templates.
[2025-11-06 17:47:21] Folder created: 25-200-250/25-226
[2025-11-06 17:47:49] Job created: 25-200-250/25-226/25-226-251106
[2025-11-06 17:47:50] Upload started: 25-200-250/25-226/25-226-251106 - 1 file(s) [ID: b43d84ea-2a48-4361-819b-b39f7e172c37]
[2025-11-06 17:47:50]   File uploaded: 25-226-Layout-251106.dxf (0.31 MB) [ID: b43d84ea-2a48-4361-819b-b39f7e172c37]
[2025-11-06 17:47:50] Upload completed: 25-200-250/25-226/25-226-251106 - 1 file(s), 0.31 MB in 0.0s (317178.7 KB/s) [ID: b43d84ea-2a48-4361-819b-b39f7e172c37]
[2025-11-06 17:48:09] Controller handshake initiated to /api/folders.
[2025-11-06 17:48:09] Controller handshake initiated to /api/log.
[2025-11-06 17:48:09] Controller opened data sync.
[2025-11-06 17:48:09] Controller handshake initiated to /api/templates.
[2025-11-06 17:48:55] Controller handshake initiated to /api/log.
[2025-11-06 17:48:55] Controller clicked download (25-200-250/25-226).
[2025-11-06 17:48:55] Controller handshake initiated to /api/download-job/25-200-250/25-226.
[2025-11-06 17:48:55] Controller handshake initiated to /api/download-file/25-200-250/25-226/25-226-251106/25-226-251106.job.
[2025-11-06 17:48:56] Controller handshake initiated to /api/download-file/25-200-250/25-226/25-226-251106/25-226-251106.jxl.
[2025-11-06 17:48:56] Controller handshake initiated to /api/download-file/25-200-250/25-226/25-226-251106/25-226-Layout-251106.dxf.
[2025-11-06 17:48:58] Controller handshake initiated to /api/download-file/25-200-250/25-226/25-226-251106/Control%20-%20Avalon%20-%20251106.csv.
[2025-11-06 17:48:58] Controller handshake initiated to /api/download-file/25-200-250/25-226/25-226-251106/job_info.json.
[2025-11-06 18:13:11] Controller handshake initiated to /api/log.
[2025-11-06 18:13:11] Controller opened data sync.
[2025-11-06 18:13:11] Controller handshake initiated to /api/templates.
[2025-11-06 18:13:11] Controller handshake initiated to /api/folders.
[2025-11-06 18:14:09] Controller handshake initiated to /api/log.
[2025-11-06 18:14:09] Controller clicked upload (25-200-250/25-226/25-226-251106/25-226-251106.job).
[2025-11-06 18:14:10] Controller handshake initiated to /api/upload-field-data-android.
[2025-11-06 18:15:00] Upload started: 25-200-250/25-226/25-226-251106 - 5 file(s) [ID: 8a39e2ca-0c36-4766-a11f-c2c7f2139ea3]
[2025-11-06 18:15:00]   File uploaded: 25-226-251106.job (0.04 MB) [ID: 8a39e2ca-0c36-4766-a11f-c2c7f2139ea3]
[2025-11-06 18:15:00]   File uploaded: 25-226-251106.dxf (0.04 MB) [ID: 8a39e2ca-0c36-4766-a11f-c2c7f2139ea3]
[2025-11-06 18:15:00]   File uploaded: 25-226-251106.csv (0.00 MB) [ID: 8a39e2ca-0c36-4766-a11f-c2c7f2139ea3]
[2025-11-06 18:15:00]   File uploaded: 25-226-Layout-251106.dxf (0.31 MB) [ID: 8a39e2ca-0c36-4766-a11f-c2c7f2139ea3]
[2025-11-06 18:15:00]   File uploaded: IMG.jpg (5.23 MB) [ID: 8a39e2ca-0c36-4766-a11f-c2c7f2139ea3]
[2025-11-06 18:15:00] Upload completed: 25-200-250/25-226/25-226-251106 - 5 file(s), 5.62 MB in 0.0s (303075.1 KB/s) [ID: 8a39e2ca-0c36-4766-a11f-c2c7f2139ea3]
[2025-11-06 18:15:00] Controller handshake initiated to /api/folders.
[2025-11-06 18:59:45] Folder created: 25-200-250/25-225
[2025-11-06 19:00:13] Job created: 25-200-250/25-225/25-225-251106
[2025-11-06 19:00:13] Upload started: 25-200-250/25-225/25-225-251106 - 2 file(s) [ID: c8d66780-3cea-4882-91c4-91a554f1da26]
[2025-11-06 19:00:13]   File uploaded: 25-225-Layout-251106.csv (0.00 MB) [ID: c8d66780-3cea-4882-91c4-91a554f1da26]
[2025-11-06 19:00:13]   File uploaded: 25-225-Layout-251106.dxf (0.31 MB) [ID: c8d66780-3cea-4882-91c4-91a554f1da26]
[2025-11-06 19:00:13] Upload completed: 25-200-250/25-225/25-225-251106 - 2 file(s), 0.31 MB in 0.0s (158693.8 KB/s) [ID: c8d66780-3cea-4882-91c4-91a554f1da26]
[2025-11-06 19:10:55] Job created: 25-200-250/25-225/25-225-251106
[2025-11-06 19:10:56] Upload started: 25-200-250/25-225/25-225-251106 - 2 file(s) [ID: 09f67651-48fb-48d9-a5bc-cc1a071d9b08]
[2025-11-06 19:10:56]   File uploaded: 25-225-Layout-251106.csv (0.00 MB) [ID: 09f67651-48fb-48d9-a5bc-cc1a071d9b08]
[2025-11-06 19:10:56]   File uploaded: 25-225-Layout-251106.dxf (0.31 MB) [ID: 09f67651-48fb-48d9-a5bc-cc1a071d9b08]
[2025-11-06 19:10:56] Upload completed: 25-200-250/25-225/25-225-251106 - 2 file(s), 0.31 MB in 0.0s (159312.5 KB/s) [ID: 09f67651-48fb-48d9-a5bc-cc1a071d9b08]
[2025-11-07 12:07:39] Upload started: 25-200-250/25-225/25-225-251106 - 2 file(s) [ID: f0f55eb6-ef12-42f7-aa82-994c6cac5e70]
[2025-11-07 12:07:39]   File uploaded: 25-225-Layout-251107.csv (0.00 MB) [ID: f0f55eb6-ef12-42f7-aa82-994c6cac5e70]
[2025-11-07 12:07:39]   File uploaded: 25-225-Layout-251107.dxf (0.31 MB) [ID: f0f55eb6-ef12-42f7-aa82-994c6cac5e70]
[2025-11-07 12:07:39] Upload completed: 25-200-250/25-225/25-225-251106 - 2 file(s), 0.31 MB in 0.0s (159599.6 KB/s) [ID: f0f55eb6-ef12-42f7-aa82-994c6cac5e70]
[2025-11-07 13:57:35] Controller handshake initiated to /api/log.
[2025-11-07 13:57:35] Controller opened data sync.
[2025-11-07 13:57:35] Controller handshake initiated to /api/templates.
[2025-11-07 13:57:35] Controller handshake initiated to /api/folders.
[2025-11-07 13:58:44] Controller handshake initiated to /api/log.
[2025-11-07 13:58:44] Controller clicked download (25-200-250/25-225/25-225-251106/25-225-Layout-251106.csv).
[2025-11-07 13:58:44] Controller handshake initiated to /api/download-file/25-200-250/25-225/25-225-251106/25-225-Layout-251106.csv.
[2025-11-07 13:58:56] Controller handshake initiated to /api/log.
[2025-11-07 13:58:56] Controller opened data sync.
[2025-11-07 13:58:56] Controller handshake initiated to /api/folders.
[2025-11-07 13:58:56] Controller handshake initiated to /api/templates.
[2025-11-07 13:59:43] Controller handshake initiated to /api/log.
[2025-11-07 13:59:43] Controller clicked download (25-200-250/25-225/25-225-251106/25-225-Layout-251106.dxf).
[2025-11-07 13:59:44] Controller handshake initiated to /api/download-file/25-200-250/25-225/25-225-251106/25-225-Layout-251106.dxf.
[2025-11-07 13:59:57] Controller handshake initiated to /api/log.
[2025-11-07 13:59:57] Controller opened data sync.
[2025-11-07 13:59:57] Controller handshake initiated to /api/folders.
[2025-11-07 13:59:57] Controller handshake initiated to /api/templates.
[2025-11-07 14:00:44] Controller handshake initiated to /api/log.
[2025-11-07 14:00:44] Controller clicked download (25-200-250/25-225/25-225-251106/25-225-Layout-251107.csv).
[2025-11-07 14:00:45] Controller handshake initiated to /api/download-file/25-200-250/25-225/25-225-251106/25-225-Layout-251107.csv.
[2025-11-07 14:01:02] Controller handshake initiated to /api/log.
[2025-11-07 14:01:02] Controller opened data sync.
[2025-11-07 14:01:02] Controller handshake initiated to /api/folders.
[2025-11-07 14:01:02] Controller handshake initiated to /api/templates.
[2025-11-07 14:02:05] Controller handshake initiated to /api/log.
[2025-11-07 14:02:05] Controller clicked download (25-200-250/25-225/25-225-251106/25-225-Layout-251107.dxf).
[2025-11-07 14:02:05] Controller handshake initiated to /api/download-file/25-200-250/25-225/25-225-251106/25-225-Layout-251107.dxf.
[2025-11-07 14:03:30] Controller handshake initiated to /api/log.
[2025-11-07 14:03:30] Controller opened data sync.
[2025-11-07 14:03:30] Controller handshake initiated to /api/templates.
[2025-11-07 14:03:30] Controller handshake initiated to /api/folders.
[2025-11-07 14:04:16] Controller handshake initiated to /api/log.
[2025-11-07 14:04:16] Controller clicked download (25-200-250/25-225/25-225-251106).
[2025-11-07 14:04:17] Controller handshake initiated to /api/download-job/25-200-250/25-225/25-225-251106.
[2025-11-07 14:04:17] Controller handshake initiated to /api/download-file/25-200-250/25-225/25-225-251106/25-225-251106.job.
[2025-11-07 14:04:17] Controller handshake initiated to /api/download-file/25-200-250/25-225/25-225-251106/25-225-251106.jxl.
[2025-11-07 14:04:18] Controller handshake initiated to /api/download-file/25-200-250/25-225/25-225-251106/25-225-Layout-251106.csv.
[2025-11-07 14:04:18] Controller handshake initiated to /api/download-file/25-200-250/25-225/25-225-251106/25-225-Layout-251106.dxf.
[2025-11-07 14:04:18] Controller handshake initiated to /api/download-file/25-200-250/25-225/25-225-251106/25-225-Layout-251107.csv.
[2025-11-07 14:04:18] Controller handshake initiated to /api/download-file/25-200-250/25-225/25-225-251106/25-225-Layout-251107.dxf.
[2025-11-07 14:04:19] Controller handshake initiated to /api/download-file/25-200-250/25-225/25-225-251106/Control%20-%20Avalon%20-%20251106.csv.
[2025-11-07 14:04:19] Controller handshake initiated to /api/download-file/25-200-250/25-225/25-225-251106/job_info.json.
[2025-11-07 16:28:27] Controller handshake initiated to /api/log.
[2025-11-07 16:28:27] Controller opened data sync.
[2025-11-07 16:28:27] Controller handshake initiated to /api/folders.
[2025-11-07 16:28:27] Controller handshake initiated to /api/templates.
[2025-11-07 16:30:23] Controller handshake initiated to /api/log.
[2025-11-07 16:30:23] Controller clicked upload (25-200-250/25-223/25-223-251106/25-223-251106.job).
[2025-11-07 16:30:24] Controller handshake initiated to /api/upload-field-data-android.
[2025-11-07 16:30:25] Upload started: 25-200-250/25-223/25-223-251106 - 6 file(s) [ID: a436e844-5908-43c0-9457-948722cb0a0b]
[2025-11-07 16:30:25]   File uploaded: 25-223-251106.job (0.11 MB) [ID: a436e844-5908-43c0-9457-948722cb0a0b]
[2025-11-07 16:30:25]   File uploaded: 25-223-251106.csv (0.01 MB) [ID: a436e844-5908-43c0-9457-948722cb0a0b]
[2025-11-07 16:30:25]   File uploaded: 25-223-251106.dxf (0.06 MB) [ID: a436e844-5908-43c0-9457-948722cb0a0b]
[2025-11-07 16:30:25]   File uploaded: 25-223-Layout-251106.csv (0.00 MB) [ID: a436e844-5908-43c0-9457-948722cb0a0b]
[2025-11-07 16:30:25]   File uploaded: 25-223-Layout-251106.dxf (0.32 MB) [ID: a436e844-5908-43c0-9457-948722cb0a0b]
[2025-11-07 16:30:25]   File uploaded: IMG.jpg (4.69 MB) [ID: a436e844-5908-43c0-9457-948722cb0a0b]
[2025-11-07 16:30:25] Upload completed: 25-200-250/25-223/25-223-251106 - 6 file(s), 5.17 MB in 0.0s (662170.3 KB/s) [ID: a436e844-5908-43c0-9457-948722cb0a0b]
[2025-11-07 16:30:25] Controller handshake initiated to /api/folders.
[2025-11-07 17:39:47] Controller handshake initiated to /api/log.
[2025-11-07 17:39:47] Controller opened data sync.
[2025-11-07 17:39:47] Controller handshake initiated to /api/folders.
[2025-11-07 17:39:47] Controller handshake initiated to /api/templates.
[2025-11-07 17:44:06] Controller handshake initiated to /api/folders.
[2025-11-07 17:44:06] Controller handshake initiated to /api/log.
[2025-11-07 17:44:06] Controller opened data sync.
[2025-11-07 17:44:06] Controller handshake initiated to /api/templates.
[2025-11-07 17:45:51] Controller handshake initiated to /api/log.
[2025-11-07 17:45:51] Controller clicked download (25-000-050/25-036/25-036-251024).
[2025-11-07 17:45:51] Controller handshake initiated to /api/download-job/25-000-050/25-036/25-036-251024.
[2025-11-07 17:45:52] Controller handshake initiated to /api/download-file/25-000-050/25-036/25-036-251024/25-036-251024.jxl.
[2025-11-07 17:45:52] Controller handshake initiated to /api/download-file/25-000-050/25-036/25-036-251024/25-036-Stakes-251024.csv.
[2025-11-07 17:45:52] Controller handshake initiated to /api/download-file/25-000-050/25-036/25-036-251024/25-036-Stakes-251024.dxf.
[2025-11-07 17:45:54] Controller handshake initiated to /api/download-file/25-000-050/25-036/25-036-251024/Control%20-%20Avalon%20-%20251024.csv.
[2025-11-07 17:45:54] Controller handshake initiated to /api/download-file/25-000-050/25-036/25-036-251024/job_info.json.
[2025-11-07 18:06:30] Controller handshake initiated to /api/log.
[2025-11-07 18:06:30] Controller opened data sync.
[2025-11-07 18:06:30] Controller handshake initiated to /api/templates.
[2025-11-07 18:06:30] Controller handshake initiated to /api/folders.
[2025-11-07 18:07:19] Controller handshake initiated to /api/log.
[2025-11-07 18:07:19] Controller clicked download (25-200-250/25-223).
[2025-11-07 18:07:20] Controller handshake initiated to /api/download-job/25-200-250/25-223.
[2025-11-07 18:07:20] Controller handshake initiated to /api/download-file/25-200-250/25-223/25-223-251106/25-223-251106.job.
[2025-11-07 18:07:20] Controller handshake initiated to /api/download-file/25-200-250/25-223/25-223-251106/25-223-251106.jxl.
[2025-11-07 18:07:20] Controller handshake initiated to /api/download-file/25-200-250/25-223/25-223-251106/25-223-Layout-251106.csv.
[2025-11-07 18:07:21] Controller handshake initiated to /api/download-file/25-200-250/25-223/25-223-251106/25-223-Layout-251106.dxf.
[2025-11-07 18:07:21] Controller handshake initiated to /api/download-file/25-200-250/25-223/25-223-251106/Control%20-%20Avalon%20-%20251106.csv.
[2025-11-07 18:07:21] Controller handshake initiated to /api/download-file/25-200-250/25-223/25-223-251106/Field_Data/110725-0100PM/25-223-251106.csv.
[2025-11-07 18:07:21] Controller handshake initiated to /api/download-file/25-200-250/25-223/25-223-251106/Field_Data/110725-0100PM/25-223-251106.dxf.
[2025-11-07 18:07:22] Controller handshake initiated to /api/download-file/25-200-250/25-223/25-223-251106/Field_Data/110725-0100PM/25-223-251106.job.
[2025-11-07 18:07:22] Controller handshake initiated to /api/download-file/25-200-250/25-223/25-223-251106/Field_Data/110725-0100PM/25-223-Layout-251106.csv.
[2025-11-07 18:07:22] Controller handshake initiated to /api/download-file/25-200-250/25-223/25-223-251106/Field_Data/110725-0100PM/25-223-Layout-251106.dxf.
[2025-11-07 18:07:22] Controller handshake initiated to /api/download-file/25-200-250/25-223/25-223-251106/Field_Data/110725-0100PM/IMG.jpg.
[2025-11-07 18:07:29] Controller handshake initiated to /api/download-file/25-200-250/25-223/25-223-251106/job_info.json.
[2025-11-07 18:58:12] Folder created: 25-200-250/25-169
[2025-11-07 18:59:06] Folder created: 25-150-200/25-169
[2025-11-07 19:00:25] Job created: 25-150-200/25-169/25-169-251107
[2025-11-07 19:00:25] Upload started: 25-150-200/25-169/25-169-251107 - 1 file(s) [ID: 9e012a44-427d-49a7-af73-82199ae10ef1]
[2025-11-07 19:00:25]   File uploaded: 25-169-Layout-251107.dxf (0.31 MB) [ID: 9e012a44-427d-49a7-af73-82199ae10ef1]
[2025-11-07 19:00:25] Upload completed: 25-150-200/25-169/25-169-251107 - 1 file(s), 0.31 MB in 0.0s (320487.3 KB/s) [ID: 9e012a44-427d-49a7-af73-82199ae10ef1]
[2025-11-07 19:08:51] Upload started: 25-150-200/25-169/25-169-251107 - 1 file(s) [ID: c5547594-6203-47aa-9f6d-460f5cb82bcf]
[2025-11-07 19:08:51]   File uploaded: 25-169-Layout-251107.csv (0.00 MB) [ID: c5547594-6203-47aa-9f6d-460f5cb82bcf]
[2025-11-07 19:08:51] Upload completed: 25-150-200/25-169/25-169-251107 - 1 file(s), 0.00 MB in 0.0s (44.9 KB/s) [ID: c5547594-6203-47aa-9f6d-460f5cb82bcf]
[2025-11-09 17:19:30] Controller handshake initiated to /api/templates.
[2025-11-09 17:19:30] Controller handshake initiated to /api/log.
[2025-11-09 17:19:30] Controller opened data sync.
[2025-11-09 17:19:30] Controller handshake initiated to /api/folders.
[2025-11-10 11:24:24] Controller handshake initiated to /api/log.
[2025-11-10 11:24:24] Controller opened data sync.
[2025-11-10 11:24:24] Controller handshake initiated to /api/templates.
[2025-11-10 11:24:24] Controller handshake initiated to /api/folders.
[2025-11-10 11:25:44] Controller handshake initiated to /api/log.
[2025-11-10 11:25:44] Controller clicked download (25-150-200/25-169/25-169-251107).
[2025-11-10 11:25:44] Controller handshake initiated to /api/download-job/25-150-200/25-169/25-169-251107.
[2025-11-10 11:25:44] Controller handshake initiated to /api/download-file/25-150-200/25-169/25-169-251107/25-169-251107.job.
[2025-11-10 11:25:45] Controller handshake initiated to /api/download-file/25-150-200/25-169/25-169-251107/25-169-251107.jxl.
[2025-11-10 11:25:45] Controller handshake initiated to /api/download-file/25-150-200/25-169/25-169-251107/25-169-Layout-251107.csv.
[2025-11-10 11:25:45] Controller handshake initiated to /api/download-file/25-150-200/25-169/25-169-251107/25-169-Layout-251107.dxf.
[2025-11-10 11:25:46] Controller handshake initiated to /api/download-file/25-150-200/25-169/25-169-251107/Control%20-%20Avalon%20-%20251107.csv.
[2025-11-10 11:25:46] Controller handshake initiated to /api/download-file/25-150-200/25-169/25-169-251107/job_info.json.
[2025-11-10 11:52:16] Controller handshake initiated to /api/log.
[2025-11-10 11:52:16] Controller opened data sync.
[2025-11-10 11:52:16] Controller handshake initiated to /api/folders.
[2025-11-10 11:52:16] Controller handshake initiated to /api/templates.
[2025-11-10 11:54:15] Controller handshake initiated to /api/log.
[2025-11-10 11:54:15] Controller clicked upload (24-000-100/24-007/24-007-251103-R1/24-007-251103-R1.job).
[2025-11-10 11:54:15] Controller handshake initiated to /api/upload-field-data-android.
[2025-11-10 11:54:25] Upload started: 24-000-100/24-007/24-007-251103-R1 - 14 file(s) [ID: 891eb337-3ba2-41b2-a7fa-5107a8cd9d8a]
[2025-11-10 11:54:25]   File uploaded: 24-007-251103-R1.job (0.09 MB) [ID: 891eb337-3ba2-41b2-a7fa-5107a8cd9d8a]
[2025-11-10 11:54:25]   File uploaded: 24-007-251109.csv (0.00 MB) [ID: 891eb337-3ba2-41b2-a7fa-5107a8cd9d8a]
[2025-11-10 11:54:25]   File uploaded: 24-007-Barn-Layout-251103.dxf (0.26 MB) [ID: 891eb337-3ba2-41b2-a7fa-5107a8cd9d8a]
[2025-11-10 11:54:25]   File uploaded: 24-007-Barn-Layout-251103.csv (0.00 MB) [ID: 891eb337-3ba2-41b2-a7fa-5107a8cd9d8a]
[2025-11-10 11:54:25]   File uploaded: IMG_2.jpg (6.65 MB) [ID: 891eb337-3ba2-41b2-a7fa-5107a8cd9d8a]
[2025-11-10 11:54:25]   File uploaded: IMG_4.jpg (6.96 MB) [ID: 891eb337-3ba2-41b2-a7fa-5107a8cd9d8a]
[2025-11-10 11:54:25]   File uploaded: IMG_5.jpg (6.10 MB) [ID: 891eb337-3ba2-41b2-a7fa-5107a8cd9d8a]
[2025-11-10 11:54:25]   File uploaded: IMG_7.jpg (5.58 MB) [ID: 891eb337-3ba2-41b2-a7fa-5107a8cd9d8a]
[2025-11-10 11:54:25]   File uploaded: IMG_1.jpg (8.06 MB) [ID: 891eb337-3ba2-41b2-a7fa-5107a8cd9d8a]
[2025-11-10 11:54:25]   File uploaded: IMG_6.jpg (5.32 MB) [ID: 891eb337-3ba2-41b2-a7fa-5107a8cd9d8a]
[2025-11-10 11:54:25]   File uploaded: IMG_3.jpg (6.16 MB) [ID: 891eb337-3ba2-41b2-a7fa-5107a8cd9d8a]
[2025-11-10 11:54:25]   File uploaded: IMG.jpg (8.20 MB) [ID: 891eb337-3ba2-41b2-a7fa-5107a8cd9d8a]
[2025-11-10 11:54:25]   File uploaded: IMG_9.jpg (5.96 MB) [ID: 891eb337-3ba2-41b2-a7fa-5107a8cd9d8a]
[2025-11-10 11:54:25]   File uploaded: IMG_8.jpg (5.72 MB) [ID: 891eb337-3ba2-41b2-a7fa-5107a8cd9d8a]
[2025-11-10 11:54:25] Upload completed: 24-000-100/24-007/24-007-251103-R1 - 14 file(s), 65.07 MB in 0.1s (748625.6 KB/s) [ID: 891eb337-3ba2-41b2-a7fa-5107a8cd9d8a]
[2025-11-10 11:54:25] Controller handshake initiated to /api/folders.
[2025-11-10 12:09:39] Folder created: 25-200-250/25-227
[2025-11-10 12:09:56] Job created: 25-200-250/25-227/25-227-251110
[2025-11-10 12:09:57] Upload started: 25-200-250/25-227/25-227-251110 - 2 file(s) [ID: be648dc5-a587-4cf5-aa60-fae570216556]
[2025-11-10 12:09:57]   File uploaded: 25-227-Layout-251110.csv (0.00 MB) [ID: be648dc5-a587-4cf5-aa60-fae570216556]
[2025-11-10 12:09:57]   File uploaded: 25-227-Layout-251110.dxf (0.32 MB) [ID: be648dc5-a587-4cf5-aa60-fae570216556]
[2025-11-10 12:09:57] Upload completed: 25-200-250/25-227/25-227-251110 - 2 file(s), 0.32 MB in 0.0s (166355.0 KB/s) [ID: be648dc5-a587-4cf5-aa60-fae570216556]
[2025-11-10 12:17:03] Controller handshake initiated to /api/log.
[2025-11-10 12:17:03] Controller opened data sync.
[2025-11-10 12:17:03] Controller handshake initiated to /api/templates.
[2025-11-10 12:17:03] Controller handshake initiated to /api/folders.
[2025-11-10 12:17:59] Controller handshake initiated to /api/log.
[2025-11-10 12:17:59] Controller clicked upload (25-150-200/25-169/25-169-251107/25-169-251107.job).
[2025-11-10 12:17:59] Controller handshake initiated to /api/upload-field-data-android.
[2025-11-10 12:18:01] Upload started: 25-150-200/25-169/25-169-251107 - 4 file(s) [ID: ee5f941c-82d7-41b0-83e7-11e723aa428b]
[2025-11-10 12:18:01]   File uploaded: 25-169-251107.job (0.07 MB) [ID: ee5f941c-82d7-41b0-83e7-11e723aa428b]
[2025-11-10 12:18:01]   File uploaded: 25-169-251107.csv (0.00 MB) [ID: ee5f941c-82d7-41b0-83e7-11e723aa428b]
[2025-11-10 12:18:01]   File uploaded: 25-169-251107.dxf (0.04 MB) [ID: ee5f941c-82d7-41b0-83e7-11e723aa428b]
[2025-11-10 12:18:01]   File uploaded: 25-169-Layout-251107.dxf (0.31 MB) [ID: ee5f941c-82d7-41b0-83e7-11e723aa428b]
[2025-11-10 12:18:01] Upload completed: 25-150-200/25-169/25-169-251107 - 4 file(s), 0.43 MB in 0.0s (16168.7 KB/s) [ID: ee5f941c-82d7-41b0-83e7-11e723aa428b]
[2025-11-10 12:18:01] Controller handshake initiated to /api/folders.
[2025-11-10 12:29:42] Controller handshake initiated to /api/log.
[2025-11-10 12:29:42] Controller opened data sync.
[2025-11-10 12:29:42] Controller handshake initiated to /api/templates.
[2025-11-10 12:29:42] Controller handshake initiated to /api/folders.
[2025-11-10 12:30:38] Controller handshake initiated to /api/log.
[2025-11-10 12:30:38] Controller clicked download (25-200-250/25-227/25-227-251110).
[2025-11-10 12:30:39] Controller handshake initiated to /api/download-job/25-200-250/25-227/25-227-251110.
[2025-11-10 12:30:39] Controller handshake initiated to /api/download-file/25-200-250/25-227/25-227-251110/25-227-251110.job.
[2025-11-10 12:30:40] Controller handshake initiated to /api/download-file/25-200-250/25-227/25-227-251110/25-227-251110.jxl.
[2025-11-10 12:30:40] Controller handshake initiated to /api/download-file/25-200-250/25-227/25-227-251110/25-227-Layout-251110.csv.
[2025-11-10 12:30:40] Controller handshake initiated to /api/download-file/25-200-250/25-227/25-227-251110/25-227-Layout-251110.dxf.
[2025-11-10 12:30:41] Controller handshake initiated to /api/download-file/25-200-250/25-227/25-227-251110/Control%20-%20Avalon%20-%20251110.csv.
[2025-11-10 12:30:41] Controller handshake initiated to /api/download-file/25-200-250/25-227/25-227-251110/job_info.json.
[2025-11-10 15:17:49] Folder created: 25-200-250/25-229
[2025-11-10 15:18:28] Job created: 25-200-250/25-229/25-229-251110
[2025-11-10 15:18:28] Upload started: 25-200-250/25-229/25-229-251110 - 2 file(s) [ID: 05c1bcd3-da25-4660-a55a-18f5a79e3131]
[2025-11-10 15:18:28]   File uploaded: 25-229-Layout-251110.csv (0.00 MB) [ID: 05c1bcd3-da25-4660-a55a-18f5a79e3131]
[2025-11-10 15:18:28]   File uploaded: 25-229-Layout-251110.dxf (0.31 MB) [ID: 05c1bcd3-da25-4660-a55a-18f5a79e3131]
[2025-11-10 15:18:28] Upload completed: 25-200-250/25-229/25-229-251110 - 2 file(s), 0.31 MB in 0.0s (322434.6 KB/s) [ID: 05c1bcd3-da25-4660-a55a-18f5a79e3131]
[2025-11-10 15:44:19] Controller handshake initiated to /api/folders.
[2025-11-10 15:44:19] Controller handshake initiated to /api/log.
[2025-11-10 15:44:19] Controller opened data sync.
[2025-11-10 15:44:19] Controller handshake initiated to /api/templates.
[2025-11-10 15:45:14] Controller handshake initiated to /api/log.
[2025-11-10 15:45:14] Controller clicked download (25-200-250/25-229/25-229-251110).
[2025-11-10 15:45:14] Controller handshake initiated to /api/download-job/25-200-250/25-229/25-229-251110.
[2025-11-10 15:45:14] Controller handshake initiated to /api/download-file/25-200-250/25-229/25-229-251110/25-229-251110.job.
[2025-11-10 15:45:15] Controller handshake initiated to /api/download-file/25-200-250/25-229/25-229-251110/25-229-251110.jxl.
[2025-11-10 15:45:15] Controller handshake initiated to /api/download-file/25-200-250/25-229/25-229-251110/25-229-Layout-251110.csv.
[2025-11-10 15:45:15] Controller handshake initiated to /api/download-file/25-200-250/25-229/25-229-251110/25-229-Layout-251110.dxf.
[2025-11-10 15:45:17] Controller handshake initiated to /api/download-file/25-200-250/25-229/25-229-251110/Control%20-%20Avalon%20-%20251110.csv.
[2025-11-10 15:45:17] Controller handshake initiated to /api/download-file/25-200-250/25-229/25-229-251110/job_info.json.
[2025-11-10 15:45:48] Controller handshake initiated to /api/download-job/25-200-250/25-229/25-229-251110.
[2025-11-10 15:45:48] Controller handshake initiated to /api/log.
[2025-11-10 15:45:48] Controller clicked download (25-200-250/25-229/25-229-251110).
[2025-11-10 15:45:48] Controller handshake initiated to /api/log.
[2025-11-10 15:45:48] Controller clicked download (25-200-250/25-229/25-229-251110).
[2025-11-10 15:45:48] Controller handshake initiated to /api/download-file/25-200-250/25-229/25-229-251110/25-229-251110.jxl.
[2025-11-10 15:45:49] Controller handshake initiated to /api/download-file/25-200-250/25-229/25-229-251110/25-229-Layout-251110.csv.
[2025-11-10 15:45:49] Controller handshake initiated to /api/download-file/25-200-250/25-229/25-229-251110/25-229-Layout-251110.dxf.
[2025-11-10 15:45:49] Controller handshake initiated to /api/download-file/25-200-250/25-229/25-229-251110/Control%20-%20Avalon%20-%20251110.csv.
[2025-11-10 15:45:50] Controller handshake initiated to /api/download-file/25-200-250/25-229/25-229-251110/job_info.json.
[2025-11-10 15:45:50] Controller handshake initiated to /api/download-job/25-200-250/25-229/25-229-251110.
[2025-11-10 15:45:50] Controller handshake initiated to /api/download-file/25-200-250/25-229/25-229-251110/25-229-251110.jxl.
[2025-11-10 15:45:50] Controller handshake initiated to /api/download-file/25-200-250/25-229/25-229-251110/25-229-Layout-251110.csv.
[2025-11-10 15:45:50] Controller handshake initiated to /api/download-file/25-200-250/25-229/25-229-251110/25-229-Layout-251110.dxf.
[2025-11-10 15:45:51] Controller handshake initiated to /api/download-file/25-200-250/25-229/25-229-251110/Control%20-%20Avalon%20-%20251110.csv.
[2025-11-10 15:45:52] Controller handshake initiated to /api/download-file/25-200-250/25-229/25-229-251110/job_info.json.
[2025-11-12 13:30:34] Folder created: 25-200-250/25-230
[2025-11-12 13:31:06] Job created: 25-200-250/25-230/25-230-251112
[2025-11-12 13:31:06] Upload started: 25-200-250/25-230/25-230-251112 - 2 file(s) [ID: a8054d4e-46f2-4524-bdc3-0727ad073b0a]
[2025-11-12 13:31:06]   File uploaded: 25-230-Layout-251112.csv (0.00 MB) [ID: a8054d4e-46f2-4524-bdc3-0727ad073b0a]
[2025-11-12 13:31:06]   File uploaded: 25-230-Layout-251112.dxf (0.31 MB) [ID: a8054d4e-46f2-4524-bdc3-0727ad073b0a]
[2025-11-12 13:31:06] Upload completed: 25-200-250/25-230/25-230-251112 - 2 file(s), 0.31 MB in 0.0s (320167.0 KB/s) [ID: a8054d4e-46f2-4524-bdc3-0727ad073b0a]
[2025-11-12 13:50:34] Controller handshake initiated to /api/log.
[2025-11-12 13:50:34] Controller opened data sync.
[2025-11-12 13:50:34] Controller handshake initiated to /api/folders.
[2025-11-12 13:50:34] Controller handshake initiated to /api/templates.
[2025-11-12 13:51:41] Controller handshake initiated to /api/log.
[2025-11-12 13:51:41] Controller clicked download (25-200-250/25-230/25-230-251112).
[2025-11-12 13:51:42] Controller handshake initiated to /api/download-job/25-200-250/25-230/25-230-251112.
[2025-11-12 13:51:42] Controller handshake initiated to /api/download-file/25-200-250/25-230/25-230-251112/25-230-251112.job.
[2025-11-12 13:51:42] Controller handshake initiated to /api/download-file/25-200-250/25-230/25-230-251112/25-230-251112.jxl.
[2025-11-12 13:51:43] Controller handshake initiated to /api/download-file/25-200-250/25-230/25-230-251112/25-230-Layout-251112.csv.
[2025-11-12 13:51:43] Controller handshake initiated to /api/download-file/25-200-250/25-230/25-230-251112/25-230-Layout-251112.dxf.
[2025-11-12 13:51:45] Controller handshake initiated to /api/download-file/25-200-250/25-230/25-230-251112/Control%20-%20Avalon%20-%20251112.csv.
[2025-11-12 13:51:45] Controller handshake initiated to /api/download-file/25-200-250/25-230/25-230-251112/job_info.json.
[2025-11-12 17:59:51] Controller handshake initiated to /api/log.
[2025-11-12 17:59:51] Controller opened data sync.
[2025-11-12 17:59:51] Controller handshake initiated to /api/templates.
[2025-11-12 17:59:51] Controller handshake initiated to /api/folders.
[2025-11-12 18:00:45] Controller handshake initiated to /api/log.
[2025-11-12 18:00:45] Controller clicked download (25-200-250/25-230/25-230-251112/25-230-Layout-251112-R1.csv).
[2025-11-12 18:00:47] Controller handshake initiated to /api/download-file/25-200-250/25-230/25-230-251112/25-230-Layout-251112-R1.csv.
[2025-11-12 18:01:05] Controller handshake initiated to /api/log.
[2025-11-12 18:01:05] Controller opened data sync.
[2025-11-12 18:01:06] Controller handshake initiated to /api/templates.
[2025-11-12 18:01:06] Controller handshake initiated to /api/folders.
[2025-11-12 18:01:50] Controller handshake initiated to /api/log.
[2025-11-12 18:01:50] Controller clicked download (25-200-250/25-230/25-230-251112/25-230-Layout-251112-R1.dxf).
[2025-11-12 18:01:51] Controller handshake initiated to /api/download-file/25-200-250/25-230/25-230-251112/25-230-Layout-251112-R1.dxf.
[2025-11-12 19:52:11] Controller handshake initiated to /api/log.
[2025-11-12 19:52:11] Controller opened data sync.
[2025-11-12 19:52:11] Controller handshake initiated to /api/templates.
[2025-11-12 19:52:11] Controller handshake initiated to /api/folders.
[2025-11-12 19:52:53] Folder created: 25-200-250/25-231
[2025-11-12 19:53:16] Job created: 25-200-250/25-231/25-231-251112
[2025-11-12 19:53:17] Upload started: 25-200-250/25-231/25-231-251112 - 2 file(s) [ID: ffdf5f96-fecc-4efa-ac4a-6722f83b8cfc]
[2025-11-12 19:53:17]   File uploaded: 25-231-Layout-251112.csv (0.00 MB) [ID: ffdf5f96-fecc-4efa-ac4a-6722f83b8cfc]
[2025-11-12 19:53:17]   File uploaded: 25-231-Layout-251112.dxf (0.31 MB) [ID: ffdf5f96-fecc-4efa-ac4a-6722f83b8cfc]
[2025-11-12 19:53:17] Upload completed: 25-200-250/25-231/25-231-251112 - 2 file(s), 0.31 MB in 0.0s (160457.5 KB/s) [ID: ffdf5f96-fecc-4efa-ac4a-6722f83b8cfc]
[2025-11-12 19:58:22] Controller handshake initiated to /api/log.
[2025-11-12 19:58:22] Controller opened data sync.
[2025-11-12 19:58:22] Controller handshake initiated to /api/folders.
[2025-11-12 19:58:22] Controller handshake initiated to /api/templates.
[2025-11-12 19:58:59] Controller handshake initiated to /api/log.
[2025-11-12 19:58:59] Controller clicked download (25-200-250/25-231/25-231-251112).
[2025-11-12 19:59:00] Controller handshake initiated to /api/download-job/25-200-250/25-231/25-231-251112.
[2025-11-12 19:59:00] Controller handshake initiated to /api/download-file/25-200-250/25-231/25-231-251112/25-231-251112.job.
[2025-11-12 19:59:00] Controller handshake initiated to /api/download-file/25-200-250/25-231/25-231-251112/25-231-251112.jxl.
[2025-11-12 19:59:01] Controller handshake initiated to /api/download-file/25-200-250/25-231/25-231-251112/25-231-Layout-251112.csv.
[2025-11-12 19:59:01] Controller handshake initiated to /api/download-file/25-200-250/25-231/25-231-251112/25-231-Layout-251112.dxf.
[2025-11-12 19:59:14] Controller handshake initiated to /api/download-file/25-200-250/25-231/25-231-251112/Control%20-%20Avalon%20-%20251112.csv.
[2025-11-12 19:59:14] Controller handshake initiated to /api/download-file/25-200-250/25-231/25-231-251112/job_info.json.
[2025-11-13 13:24:22] Controller handshake initiated to /api/log.
[2025-11-13 13:24:22] Controller opened data sync.
[2025-11-13 13:24:22] Controller handshake initiated to /api/folders.
[2025-11-13 13:24:22] Controller handshake initiated to /api/templates.
[2025-11-13 13:25:21] Controller handshake initiated to /api/log.
[2025-11-13 13:25:21] Controller clicked download (25-200-250/25-231/25-231-251112).
[2025-11-13 13:25:21] Controller handshake initiated to /api/download-job/25-200-250/25-231/25-231-251112.
[2025-11-13 13:25:21] Controller handshake initiated to /api/download-file/25-200-250/25-231/25-231-251112/25-231-251112.job.
[2025-11-13 13:25:22] Controller handshake initiated to /api/download-file/25-200-250/25-231/25-231-251112/25-231-251112.jxl.
[2025-11-13 13:25:22] Controller handshake initiated to /api/download-file/25-200-250/25-231/25-231-251112/25-231-Layout-251112.csv.
[2025-11-13 13:25:22] Controller handshake initiated to /api/download-file/25-200-250/25-231/25-231-251112/25-231-Layout-251112.dxf.
[2025-11-13 13:25:24] Controller handshake initiated to /api/download-file/25-200-250/25-231/25-231-251112/Control%20-%20Avalon%20-%20251112.csv.
[2025-11-13 13:25:24] Controller handshake initiated to /api/download-file/25-200-250/25-231/25-231-251112/job_info.json.
[2025-11-13 14:36:31] Controller handshake initiated to /api/log.
[2025-11-13 14:36:31] Controller opened data sync.
[2025-11-13 14:36:31] Controller handshake initiated to /api/templates.
[2025-11-13 14:36:31] Controller handshake initiated to /api/folders.
[2025-11-13 15:36:08] Controller handshake initiated to /api/log.
[2025-11-13 15:36:08] Controller opened data sync.
[2025-11-13 15:36:08] Controller handshake initiated to /api/folders.
[2025-11-13 15:36:08] Controller handshake initiated to /api/templates.
[2025-11-13 15:37:19] Controller handshake initiated to /api/log.
[2025-11-13 15:37:19] Controller clicked upload (25-200-250/25-231/25-231-251112/25-231-251112.job).
[2025-11-13 15:37:19] Controller handshake initiated to /api/upload-field-data-android.
[2025-11-13 15:37:48] Upload started: 25-200-250/25-231/25-231-251112 - 10 file(s) [ID: 759a3a89-08ef-4a02-87da-5d355c95c992]
[2025-11-13 15:37:48]   File uploaded: 25-231-251112.job (0.09 MB) [ID: 759a3a89-08ef-4a02-87da-5d355c95c992]
[2025-11-13 15:37:48]   File uploaded: 25-231-251113.dxf (0.06 MB) [ID: 759a3a89-08ef-4a02-87da-5d355c95c992]
[2025-11-13 15:37:48]   File uploaded: 25-231-251113.csv (0.01 MB) [ID: 759a3a89-08ef-4a02-87da-5d355c95c992]
[2025-11-13 15:37:48]   File uploaded: 25-231-Layout-251112.csv (0.00 MB) [ID: 759a3a89-08ef-4a02-87da-5d355c95c992]
[2025-11-13 15:37:48]   File uploaded: 25-231-Layout-251112.dxf (0.31 MB) [ID: 759a3a89-08ef-4a02-87da-5d355c95c992]
[2025-11-13 15:37:48]   File uploaded: IMG_3.jpg (5.39 MB) [ID: 759a3a89-08ef-4a02-87da-5d355c95c992]
[2025-11-13 15:37:48]   File uploaded: IMG_4.jpg (5.88 MB) [ID: 759a3a89-08ef-4a02-87da-5d355c95c992]
[2025-11-13 15:37:48]   File uploaded: IMG_2.jpg (5.43 MB) [ID: 759a3a89-08ef-4a02-87da-5d355c95c992]
[2025-11-13 15:37:48]   File uploaded: IMG.jpg (5.55 MB) [ID: 759a3a89-08ef-4a02-87da-5d355c95c992]
[2025-11-13 15:37:48]   File uploaded: IMG_1.jpg (5.43 MB) [ID: 759a3a89-08ef-4a02-87da-5d355c95c992]
[2025-11-13 15:37:48] Upload completed: 25-200-250/25-231/25-231-251112 - 10 file(s), 28.14 MB in 0.1s (223338.3 KB/s) [ID: 759a3a89-08ef-4a02-87da-5d355c95c992]
[2025-11-13 15:37:49] Controller handshake initiated to /api/folders.
[2025-11-13 16:23:24] Controller handshake initiated to /api/log.
[2025-11-13 16:23:24] Controller opened data sync.
[2025-11-13 16:23:24] Controller handshake initiated to /api/folders.
[2025-11-13 16:23:24] Controller handshake initiated to /api/templates.
[2025-11-13 16:24:16] Controller handshake initiated to /api/log.
[2025-11-13 16:24:16] Controller clicked download (25-200-250/25-231/25-231-251112/25-231-Layout-251113.csv).
[2025-11-13 16:24:17] Controller handshake initiated to /api/download-file/25-200-250/25-231/25-231-251112/25-231-Layout-251113.csv.
[2025-11-13 16:24:35] Controller handshake initiated to /api/log.
[2025-11-13 16:24:35] Controller opened data sync.
[2025-11-13 16:24:35] Controller handshake initiated to /api/folders.
[2025-11-13 16:24:35] Controller handshake initiated to /api/templates.
[2025-11-13 16:25:18] Controller handshake initiated to /api/log.
[2025-11-13 16:25:18] Controller clicked download (25-200-250/25-231/25-231-251112/25-231-Layout-251113.dxf).
[2025-11-13 16:25:18] Controller handshake initiated to /api/download-file/25-200-250/25-231/25-231-251112/25-231-Layout-251113.dxf.
[2025-11-13 17:00:48] Controller handshake initiated to /api/log.
[2025-11-13 17:00:48] Controller opened data sync.
[2025-11-13 17:00:48] Controller handshake initiated to /api/templates.
[2025-11-13 17:00:48] Controller handshake initiated to /api/folders.
[2025-11-13 17:01:40] Controller handshake initiated to /api/log.
[2025-11-13 17:01:40] Controller clicked upload (25-200-250/25-231/25-231-251112/25-231-251112.job).
[2025-11-13 17:01:41] Controller handshake initiated to /api/upload-field-data-android.
[2025-11-13 17:02:12] Upload started: 25-200-250/25-231/25-231-251112 - 12 file(s) [ID: 38c9e6e0-fd9b-4da0-8222-eaa32fa6d95d]
[2025-11-13 17:02:12]   File uploaded: 25-231-251112.job (0.11 MB) [ID: 38c9e6e0-fd9b-4da0-8222-eaa32fa6d95d]
[2025-11-13 17:02:12]   File uploaded: 25-231-251113.dxf (0.06 MB) [ID: 38c9e6e0-fd9b-4da0-8222-eaa32fa6d95d]
[2025-11-13 17:02:12]   File uploaded: 25-231-251113.csv (0.01 MB) [ID: 38c9e6e0-fd9b-4da0-8222-eaa32fa6d95d]
[2025-11-13 17:02:12]   File uploaded: 25-231-Layout-251113.csv (0.00 MB) [ID: 38c9e6e0-fd9b-4da0-8222-eaa32fa6d95d]
[2025-11-13 17:02:12]   File uploaded: 25-231-Layout-251112.csv (0.00 MB) [ID: 38c9e6e0-fd9b-4da0-8222-eaa32fa6d95d]
[2025-11-13 17:02:12]   File uploaded: 25-231-Layout-251112.dxf (0.31 MB) [ID: 38c9e6e0-fd9b-4da0-8222-eaa32fa6d95d]
[2025-11-13 17:02:12]   File uploaded: 25-231-Layout-251113.dxf (0.32 MB) [ID: 38c9e6e0-fd9b-4da0-8222-eaa32fa6d95d]
[2025-11-13 17:02:12]   File uploaded: IMG_3.jpg (5.39 MB) [ID: 38c9e6e0-fd9b-4da0-8222-eaa32fa6d95d]
[2025-11-13 17:02:12]   File uploaded: IMG_4.jpg (5.88 MB) [ID: 38c9e6e0-fd9b-4da0-8222-eaa32fa6d95d]
[2025-11-13 17:02:12]   File uploaded: IMG_2.jpg (5.43 MB) [ID: 38c9e6e0-fd9b-4da0-8222-eaa32fa6d95d]
[2025-11-13 17:02:12]   File uploaded: IMG.jpg (5.55 MB) [ID: 38c9e6e0-fd9b-4da0-8222-eaa32fa6d95d]
[2025-11-13 17:02:12]   File uploaded: IMG_1.jpg (5.43 MB) [ID: 38c9e6e0-fd9b-4da0-8222-eaa32fa6d95d]
[2025-11-13 17:02:12] Upload completed: 25-200-250/25-231/25-231-251112 - 12 file(s), 28.47 MB in 0.1s (455467.0 KB/s) [ID: 38c9e6e0-fd9b-4da0-8222-eaa32fa6d95d]
[2025-11-13 17:02:12] Controller handshake initiated to /api/folders.
[2025-11-14 12:41:07] Controller handshake initiated to /api/log.
[2025-11-14 12:41:07] Controller opened data sync.
[2025-11-14 12:41:07] Controller handshake initiated to /api/folders.
[2025-11-14 12:41:07] Controller handshake initiated to /api/templates.
[2025-11-14 13:24:37] Controller handshake initiated to /api/log.
[2025-11-14 13:24:37] Controller clicked download (24-200-300/24-224/24-224-251030).
[2025-11-14 13:24:37] Controller handshake initiated to /api/download-job/24-200-300/24-224/24-224-251030.
[2025-11-14 13:24:37] Controller handshake initiated to /api/download-file/24-200-300/24-224/24-224-251030/24-224-251030.job.
[2025-11-14 13:24:37] Controller handshake initiated to /api/download-file/24-200-300/24-224/24-224-251030/24-224-251030.jxl.
[2025-11-14 13:24:38] Controller handshake initiated to /api/download-file/24-200-300/24-224/24-224-251030/24-224-5-Stanley-House-Layout-251030.csv.
[2025-11-14 13:24:38] Controller handshake initiated to /api/download-file/24-200-300/24-224/24-224-251030/24-224-5-Stanley-House-Layout-251030.dxf.
[2025-11-14 13:24:38] Controller handshake initiated to /api/download-file/24-200-300/24-224/24-224-251030/Control%20-%20Avalon%20-%20251030.csv.
[2025-11-14 13:24:39] Controller handshake initiated to /api/download-file/24-200-300/24-224/24-224-251030/job_info.json.
[2025-11-14 13:53:26] Controller handshake initiated to /api/log.
[2025-11-14 13:53:26] Controller opened data sync.
[2025-11-14 13:53:26] Controller handshake initiated to /api/folders.
[2025-11-14 13:53:26] Controller handshake initiated to /api/templates.
[2025-11-14 13:53:40] Folder created: 23-000-400/23-020
[2025-11-14 13:54:10] Job created: 23-000-400/23-020/23-020-251114
[2025-11-14 13:54:11] Upload started: 23-000-400/23-020/23-020-251114 - 2 file(s) [ID: 3e69a0c0-e6d3-4016-affd-094f93fa9908]
[2025-11-14 13:54:11]   File uploaded: 23-020-Layout-251114.csv (0.00 MB) [ID: 3e69a0c0-e6d3-4016-affd-094f93fa9908]
[2025-11-14 13:54:11]   File uploaded: 23-020-Layout-251114.dxf (0.24 MB) [ID: 3e69a0c0-e6d3-4016-affd-094f93fa9908]
[2025-11-14 13:54:11] Upload completed: 23-000-400/23-020/23-020-251114 - 2 file(s), 0.25 MB in 0.0s (252871.1 KB/s) [ID: 3e69a0c0-e6d3-4016-affd-094f93fa9908]
[2025-11-14 13:55:36] Controller handshake initiated to /api/log.
[2025-11-14 13:55:36] Controller clicked upload (24-200-300/24-224/24-224-251030/24-224-251030.job).
[2025-11-14 13:55:36] Controller handshake initiated to /api/upload-field-data-android.
[2025-11-14 13:55:58] Upload started: 24-200-300/24-224/24-224-251030 - 6 file(s) [ID: 91c87889-cdf5-4942-a2ce-07e80c0ed325]
[2025-11-14 13:55:58]   File uploaded: 24-224-251030.job (0.02 MB) [ID: 91c87889-cdf5-4942-a2ce-07e80c0ed325]
[2025-11-14 13:55:58]   File uploaded: 24-224-251114.csv (0.00 MB) [ID: 91c87889-cdf5-4942-a2ce-07e80c0ed325]
[2025-11-14 13:55:58]   File uploaded: 24-224-5-Stanley-House-Layout-251030.csv (0.00 MB) [ID: 91c87889-cdf5-4942-a2ce-07e80c0ed325]
[2025-11-14 13:55:58]   File uploaded: 24-224-5-Stanley-House-Layout-251030.dxf (0.37 MB) [ID: 91c87889-cdf5-4942-a2ce-07e80c0ed325]
[2025-11-14 13:55:58]   File uploaded: IMG_1.jpg (5.35 MB) [ID: 91c87889-cdf5-4942-a2ce-07e80c0ed325]
[2025-11-14 13:55:58]   File uploaded: IMG.jpg (4.89 MB) [ID: 91c87889-cdf5-4942-a2ce-07e80c0ed325]
[2025-11-14 13:55:58] Upload completed: 24-200-300/24-224/24-224-251030 - 6 file(s), 10.63 MB in 0.0s (907458.9 KB/s) [ID: 91c87889-cdf5-4942-a2ce-07e80c0ed325]
[2025-11-14 13:55:58] Controller handshake initiated to /api/folders.
[2025-11-14 14:30:03] Controller handshake initiated to /api/log.
[2025-11-14 14:30:03] Controller opened data sync.
[2025-11-14 14:30:03] Controller handshake initiated to /api/folders.
[2025-11-14 14:30:03] Controller handshake initiated to /api/templates.
[2025-11-14 14:31:26] Controller handshake initiated to /api/log.
[2025-11-14 14:31:26] Controller clicked download (23-000-400/23-020/23-020-251114).
[2025-11-14 14:31:26] Controller handshake initiated to /api/download-job/23-000-400/23-020/23-020-251114.
[2025-11-14 14:31:26] Controller handshake initiated to /api/download-file/23-000-400/23-020/23-020-251114/23-020-251114.job.
[2025-11-14 14:31:26] Controller handshake initiated to /api/download-file/23-000-400/23-020/23-020-251114/23-020-251114.jxl.
[2025-11-14 14:31:27] Controller handshake initiated to /api/download-file/23-000-400/23-020/23-020-251114/23-020-Layout-251114.csv.
[2025-11-14 14:31:27] Controller handshake initiated to /api/download-file/23-000-400/23-020/23-020-251114/23-020-Layout-251114.dxf.
[2025-11-14 14:31:28] Controller handshake initiated to /api/download-file/23-000-400/23-020/23-020-251114/Control%20-%20Avalon%20-%20251114.csv.
[2025-11-14 14:31:28] Controller handshake initiated to /api/download-file/23-000-400/23-020/23-020-251114/job_info.json.
[2025-11-14 20:23:18] Controller handshake initiated to /api/log.
[2025-11-14 20:23:18] Controller opened data sync.
[2025-11-14 20:23:18] Controller handshake initiated to /api/folders.
[2025-11-14 20:23:18] Controller handshake initiated to /api/templates.
[2025-11-14 20:25:01] Controller handshake initiated to /api/log.
[2025-11-14 20:25:01] Controller clicked upload (23-000-400/23-020/23-020-251114/23-020-251114.job).
[2025-11-14 20:25:01] Controller handshake initiated to /api/upload-field-data-android.
[2025-11-14 20:25:20] Upload started: 23-000-400/23-020/23-020-251114 - 19 file(s) [ID: b23054f4-de08-4de8-a179-eefe7bee02be]
[2025-11-14 20:25:20]   File uploaded: 23-020-251114.job (0.12 MB) [ID: b23054f4-de08-4de8-a179-eefe7bee02be]
[2025-11-14 20:25:20]   File uploaded: 23-020-251114.csv (0.01 MB) [ID: b23054f4-de08-4de8-a179-eefe7bee02be]
[2025-11-14 20:25:20]   File uploaded: 23-020-251114.dxf (0.14 MB) [ID: b23054f4-de08-4de8-a179-eefe7bee02be]
[2025-11-14 20:25:20]   File uploaded: 23-020-Layout-251114.csv (0.00 MB) [ID: b23054f4-de08-4de8-a179-eefe7bee02be]
[2025-11-14 20:25:20]   File uploaded: 23-020-Layout-251114.dxf (0.24 MB) [ID: b23054f4-de08-4de8-a179-eefe7bee02be]
[2025-11-14 20:25:20]   File uploaded: IMG_3.jpg (5.13 MB) [ID: b23054f4-de08-4de8-a179-eefe7bee02be]
[2025-11-14 20:25:20]   File uploaded: IMG_11.jpg (7.43 MB) [ID: b23054f4-de08-4de8-a179-eefe7bee02be]
[2025-11-14 20:25:20]   File uploaded: IMG_8.jpg (4.53 MB) [ID: b23054f4-de08-4de8-a179-eefe7bee02be]
[2025-11-14 20:25:20]   File uploaded: IMG.jpg (5.40 MB) [ID: b23054f4-de08-4de8-a179-eefe7bee02be]
[2025-11-14 20:25:20]   File uploaded: IMG_2.jpg (5.61 MB) [ID: b23054f4-de08-4de8-a179-eefe7bee02be]
[2025-11-14 20:25:20]   File uploaded: IMG_5.jpg (6.65 MB) [ID: b23054f4-de08-4de8-a179-eefe7bee02be]
[2025-11-14 20:25:20]   File uploaded: IMG_9.jpg (6.90 MB) [ID: b23054f4-de08-4de8-a179-eefe7bee02be]
[2025-11-14 20:25:20]   File uploaded: IMG_12.jpg (6.26 MB) [ID: b23054f4-de08-4de8-a179-eefe7bee02be]
[2025-11-14 20:25:20]   File uploaded: IMG_10.jpg (6.06 MB) [ID: b23054f4-de08-4de8-a179-eefe7bee02be]
[2025-11-14 20:25:20]   File uploaded: IMG_7.jpg (7.05 MB) [ID: b23054f4-de08-4de8-a179-eefe7bee02be]
[2025-11-14 20:25:20]   File uploaded: IMG_1.jpg (5.38 MB) [ID: b23054f4-de08-4de8-a179-eefe7bee02be]
[2025-11-14 20:25:20]   File uploaded: IMG_4.jpg (5.87 MB) [ID: b23054f4-de08-4de8-a179-eefe7bee02be]
[2025-11-14 20:25:20]   File uploaded: IMG_13.jpg (6.92 MB) [ID: b23054f4-de08-4de8-a179-eefe7bee02be]
[2025-11-14 20:25:20]   File uploaded: IMG_6.jpg (5.24 MB) [ID: b23054f4-de08-4de8-a179-eefe7bee02be]
[2025-11-14 20:25:20] Upload completed: 23-000-400/23-020/23-020-251114 - 19 file(s), 84.93 MB in 0.1s (1023166.8 KB/s) [ID: b23054f4-de08-4de8-a179-eefe7bee02be]
[2025-11-14 20:25:20] Controller handshake initiated to /api/folders.
[2025-11-16 19:39:11] Controller handshake initiated to /api/templates.
[2025-11-16 19:39:11] Controller handshake initiated to /api/folders.
[2025-11-17 14:14:27] Folder created: 25-200-250/25-232
[2025-11-17 14:15:55] Controller handshake initiated to /api/log.
[2025-11-17 14:15:55] Controller opened data sync.
[2025-11-17 14:15:55] Controller handshake initiated to /api/folders.
[2025-11-17 14:15:55] Controller handshake initiated to /api/templates.
[2025-11-17 14:17:13] Job created: 25-200-250/25-232/25-232-251117
[2025-11-17 14:17:14] Upload started: 25-200-250/25-232/25-232-251117 - 2 file(s) [ID: f1a40e95-7690-4f0c-b3d4-977dfc74b263]
[2025-11-17 14:17:14]   File uploaded: 25-232-Layout-251117.csv (0.00 MB) [ID: f1a40e95-7690-4f0c-b3d4-977dfc74b263]
[2025-11-17 14:17:14]   File uploaded: 25-232-Layout-251117.dxf (0.32 MB) [ID: f1a40e95-7690-4f0c-b3d4-977dfc74b263]
[2025-11-17 14:17:14] Upload completed: 25-200-250/25-232/25-232-251117 - 2 file(s), 0.32 MB in 0.0s (166181.2 KB/s) [ID: f1a40e95-7690-4f0c-b3d4-977dfc74b263]
[2025-11-17 14:17:55] Controller handshake initiated to /api/log.
[2025-11-17 14:17:55] Controller opened data sync.
[2025-11-17 14:17:55] Controller handshake initiated to /api/folders.
[2025-11-17 14:17:55] Controller handshake initiated to /api/templates.
[2025-11-17 14:19:56] Controller handshake initiated to /api/log.
[2025-11-17 14:19:56] Controller clicked download (25-200-250/25-232/25-232-251117).
[2025-11-17 14:19:56] Controller handshake initiated to /api/download-job/25-200-250/25-232/25-232-251117.
[2025-11-17 14:19:56] Controller handshake initiated to /api/download-file/25-200-250/25-232/25-232-251117/25-232-251117.job.
[2025-11-17 14:19:56] Controller handshake initiated to /api/download-file/25-200-250/25-232/25-232-251117/25-232-251117.jxl.
[2025-11-17 14:19:57] Controller handshake initiated to /api/download-file/25-200-250/25-232/25-232-251117/25-232-Layout-251117.csv.
[2025-11-17 14:19:57] Controller handshake initiated to /api/download-file/25-200-250/25-232/25-232-251117/25-232-Layout-251117.dxf.
[2025-11-17 14:19:58] Controller handshake initiated to /api/download-file/25-200-250/25-232/25-232-251117/Control%20-%20Avalon%20-%20251117.csv.
[2025-11-17 14:19:58] Controller handshake initiated to /api/download-file/25-200-250/25-232/25-232-251117/job_info.json.
[2025-11-17 20:31:06] Folder created: 25-200-250/25-233
[2025-11-17 20:31:28] Job created: 25-200-250/25-233/25-233-251117
[2025-11-17 20:31:29] Upload started: 25-200-250/25-233/25-233-251117 - 2 file(s) [ID: fd9ae76f-251d-438d-b51b-f35e334b2f8f]
[2025-11-17 20:31:29]   File uploaded: 25-233-Layout-251117.csv (0.00 MB) [ID: fd9ae76f-251d-438d-b51b-f35e334b2f8f]
[2025-11-17 20:31:29]   File uploaded: 25-233-Layout-251117.dxf (0.33 MB) [ID: fd9ae76f-251d-438d-b51b-f35e334b2f8f]
[2025-11-17 20:31:29] Upload completed: 25-200-250/25-233/25-233-251117 - 2 file(s), 0.33 MB in 0.0s (168386.7 KB/s) [ID: fd9ae76f-251d-438d-b51b-f35e334b2f8f]
[2025-11-17 20:59:05] Controller handshake initiated to /api/log.
[2025-11-17 20:59:05] Controller opened data sync.
[2025-11-17 20:59:05] Controller handshake initiated to /api/templates.
[2025-11-17 20:59:05] Controller handshake initiated to /api/folders.
[2025-11-17 21:00:18] Controller handshake initiated to /api/log.
[2025-11-17 21:00:18] Controller clicked upload (25-200-250/25-232/25-232-251117/25-232-251117.job).
[2025-11-17 21:00:18] Controller handshake initiated to /api/upload-field-data-android.
[2025-11-17 21:00:36] Upload started: 25-200-250/25-232/25-232-251117 - 14 file(s) [ID: c0a0282c-bc38-4d6f-b3b7-d52599006405]
[2025-11-17 21:00:36]   File uploaded: 25-232-251117.job (0.17 MB) [ID: c0a0282c-bc38-4d6f-b3b7-d52599006405]
[2025-11-17 21:00:36]   File uploaded: 25-232-251117.csv (0.01 MB) [ID: c0a0282c-bc38-4d6f-b3b7-d52599006405]
[2025-11-17 21:00:36]   File uploaded: 25-232-251117.dxf (0.07 MB) [ID: c0a0282c-bc38-4d6f-b3b7-d52599006405]
[2025-11-17 21:00:36]   File uploaded: 25-232-Layout-251117.csv (0.00 MB) [ID: c0a0282c-bc38-4d6f-b3b7-d52599006405]
[2025-11-17 21:00:36]   File uploaded: 25-232-Layout-251117.dxf (0.32 MB) [ID: c0a0282c-bc38-4d6f-b3b7-d52599006405]
[2025-11-17 21:00:36]   File uploaded: IMG_3.jpg (5.57 MB) [ID: c0a0282c-bc38-4d6f-b3b7-d52599006405]
[2025-11-17 21:00:36]   File uploaded: IMG.jpg (4.93 MB) [ID: c0a0282c-bc38-4d6f-b3b7-d52599006405]
[2025-11-17 21:00:36]   File uploaded: IMG_6.jpg (4.54 MB) [ID: c0a0282c-bc38-4d6f-b3b7-d52599006405]
[2025-11-17 21:00:36]   File uploaded: IMG_4.jpg (5.92 MB) [ID: c0a0282c-bc38-4d6f-b3b7-d52599006405]
[2025-11-17 21:00:36]   File uploaded: IMG_8.jpg (5.25 MB) [ID: c0a0282c-bc38-4d6f-b3b7-d52599006405]
[2025-11-17 21:00:36]   File uploaded: IMG_1.jpg (6.12 MB) [ID: c0a0282c-bc38-4d6f-b3b7-d52599006405]
[2025-11-17 21:00:36]   File uploaded: IMG_5.jpg (7.13 MB) [ID: c0a0282c-bc38-4d6f-b3b7-d52599006405]
[2025-11-17 21:00:36]   File uploaded: IMG_7.jpg (6.02 MB) [ID: c0a0282c-bc38-4d6f-b3b7-d52599006405]
[2025-11-17 21:00:36]   File uploaded: IMG_2.jpg (5.63 MB) [ID: c0a0282c-bc38-4d6f-b3b7-d52599006405]
[2025-11-17 21:00:36] Upload completed: 25-200-250/25-232/25-232-251117 - 14 file(s), 51.69 MB in 0.1s (945102.5 KB/s) [ID: c0a0282c-bc38-4d6f-b3b7-d52599006405]
[2025-11-17 21:00:36] Controller handshake initiated to /api/folders.
[2025-11-18 13:35:32] Job created: 25-200-250/25-232/25-232-251118
[2025-11-18 13:35:33] Upload started: 25-200-250/25-232/25-232-251118 - 2 file(s) [ID: 50bc39e4-6bc4-4bfc-afa5-27a2c82102a8]
[2025-11-18 13:35:33]   File uploaded: 25-232-Layout-251118.csv (0.00 MB) [ID: 50bc39e4-6bc4-4bfc-afa5-27a2c82102a8]
[2025-11-18 13:35:33]   File uploaded: 25-232-Layout-251118.dxf (0.35 MB) [ID: 50bc39e4-6bc4-4bfc-afa5-27a2c82102a8]
[2025-11-18 13:35:33] Upload completed: 25-200-250/25-232/25-232-251118 - 2 file(s), 0.35 MB in 0.0s (180017.1 KB/s) [ID: 50bc39e4-6bc4-4bfc-afa5-27a2c82102a8]
[2025-11-18 13:39:31] Folder created: 23-000-400/23-285
[2025-11-18 13:40:07] Job created: 23-000-400/23-285/23-285-251118
[2025-11-18 13:40:07] Upload started: 23-000-400/23-285/23-285-251118 - 1 file(s) [ID: 57b43d6e-313d-482c-9604-ec3b23235ee3]
[2025-11-18 13:40:07]   File uploaded: 23-285-Layout-251118.dxf (0.32 MB) [ID: 57b43d6e-313d-482c-9604-ec3b23235ee3]
[2025-11-18 13:40:07] Upload completed: 23-000-400/23-285/23-285-251118 - 1 file(s), 0.32 MB in 0.0s (326875.0 KB/s) [ID: 57b43d6e-313d-482c-9604-ec3b23235ee3]
[2025-11-18 14:27:13] Controller handshake initiated to /api/log.
[2025-11-18 14:27:13] Controller opened data sync.
[2025-11-18 14:27:13] Controller handshake initiated to /api/templates.
[2025-11-18 14:27:13] Controller handshake initiated to /api/folders.
[2025-11-18 14:28:06] Controller handshake initiated to /api/log.
[2025-11-18 14:28:06] Controller opened data sync.
[2025-11-18 14:28:06] Controller handshake initiated to /api/folders.
[2025-11-18 14:28:06] Controller handshake initiated to /api/templates.
[2025-11-18 14:29:58] Controller handshake initiated to /api/log.
[2025-11-18 14:29:58] Controller clicked download (25-200-250/25-233/25-233-251117).
[2025-11-18 14:29:58] Controller handshake initiated to /api/download-job/25-200-250/25-233/25-233-251117.
[2025-11-18 14:29:58] Controller handshake initiated to /api/download-file/25-200-250/25-233/25-233-251117/25-233-251117.job.
[2025-11-18 14:29:58] Controller handshake initiated to /api/download-file/25-200-250/25-233/25-233-251117/25-233-251117.jxl.
[2025-11-18 14:29:59] Controller handshake initiated to /api/download-file/25-200-250/25-233/25-233-251117/25-233-Layout-251117.csv.
[2025-11-18 14:29:59] Controller handshake initiated to /api/download-file/25-200-250/25-233/25-233-251117/25-233-Layout-251117.dxf.
[2025-11-18 14:30:00] Controller handshake initiated to /api/download-file/25-200-250/25-233/25-233-251117/Control%20-%20Avalon%20-%20251117.csv.
[2025-11-18 14:30:00] Controller handshake initiated to /api/download-file/25-200-250/25-233/25-233-251117/job_info.json.
[2025-11-18 14:33:26] Controller handshake initiated to /api/log.
[2025-11-18 14:33:26] Controller opened data sync.
[2025-11-18 14:33:26] Controller handshake initiated to /api/folders.
[2025-11-18 14:33:26] Controller handshake initiated to /api/templates.
[2025-11-18 14:34:14] Controller handshake initiated to /api/log.
[2025-11-18 14:34:14] Controller clicked download (25-200-250).
[2025-11-18 14:34:14] Controller handshake initiated to /api/download-job/25-200-250.
[2025-11-18 14:34:15] Controller handshake initiated to /api/download-file/25-200-250/24-226/24-226-250829/24-226-250829.jxl.
[2025-11-18 14:34:15] Controller handshake initiated to /api/download-file/25-200-250/24-226/24-226-250829/25-226-Layout-250829.csv.
[2025-11-18 14:34:15] Controller handshake initiated to /api/download-file/25-200-250/24-226/24-226-250829/25-226-Layout-250829.dxf.
[2025-11-18 14:34:16] Controller handshake initiated to /api/download-file/25-200-250/24-226/24-226-250829/Control%20-%20Avalon%20-%20250829.csv.
[2025-11-18 14:34:16] Controller handshake initiated to /api/download-file/25-200-250/24-226/24-226-250829/job_info.json.
[2025-11-18 14:34:17] Controller handshake initiated to /api/download-file/25-200-250/25-201/25-201-251014/25-201-251014.job.
[2025-11-18 14:34:17] Controller handshake initiated to /api/download-file/25-200-250/25-201/25-201-251014/25-201-251014.jxl.
[2025-11-18 14:34:17] Controller handshake initiated to /api/download-file/25-200-250/25-201/25-201-251014/25-201-Layout-251014.csv.
[2025-11-18 14:34:17] Controller handshake initiated to /api/download-file/25-200-250/25-201/25-201-251014/25-201-Layout-251014.dxf.
[2025-11-18 14:34:18] Controller handshake initiated to /api/download-file/25-200-250/25-201/25-201-251014/Control%20-%20Avalon%20-%20251014.csv.
[2025-11-18 14:34:18] Controller handshake initiated to /api/download-file/25-200-250/25-201/25-201-251014/Field_Data/101625-0314PM/25-201-251014.csv.
[2025-11-18 14:34:18] Controller handshake initiated to /api/log.
[2025-11-18 14:34:18] Controller clicked download (25-200-250).
[2025-11-18 14:34:18] Controller handshake initiated to /api/download-file/25-200-250/25-201/25-201-251014/Field_Data/101625-0314PM/25-201-251014.dxf.
[2025-11-18 14:34:18] Controller handshake initiated to /api/download-file/25-200-250/25-201/25-201-251014/Field_Data/101625-0314PM/25-201-251014.job.
[2025-11-18 14:34:18] Controller handshake initiated to /api/download-file/25-200-250/25-201/25-201-251014/Field_Data/101625-0314PM/25-201-Layout-251014.csv.
[2025-11-18 14:34:19] Controller handshake initiated to /api/download-file/25-200-250/25-201/25-201-251014/Field_Data/101625-0314PM/25-201-Layout-251014.dxf.
[2025-11-18 14:34:19] Controller handshake initiated to /api/download-file/25-200-250/25-201/25-201-251014/Field_Data/101625-0314PM/IMG.jpg.
[2025-11-18 14:34:27] Controller handshake initiated to /api/log.
[2025-11-18 14:34:27] Controller opened data sync.
[2025-11-18 14:34:27] Controller handshake initiated to /api/folders.
[2025-11-18 14:34:27] Controller handshake initiated to /api/templates.
[2025-11-18 14:35:24] Controller handshake initiated to /api/log.
[2025-11-18 14:35:24] Controller clicked download (25-200-250/25-233).
[2025-11-18 14:35:25] Controller handshake initiated to /api/download-job/25-200-250/25-233.
[2025-11-18 14:35:25] Controller handshake initiated to /api/download-file/25-200-250/25-233/25-233-251117/25-233-251117.job.
[2025-11-18 14:35:25] Controller handshake initiated to /api/download-file/25-200-250/25-233/25-233-251117/25-233-251117.jxl.
[2025-11-18 14:35:25] Controller handshake initiated to /api/download-file/25-200-250/25-233/25-233-251117/25-233-Layout-251117.csv.
[2025-11-18 14:35:25] Controller handshake initiated to /api/download-file/25-200-250/25-233/25-233-251117/25-233-Layout-251117.dxf.
[2025-11-18 14:35:26] Controller handshake initiated to /api/download-file/25-200-250/25-233/25-233-251117/Control%20-%20Avalon%20-%20251117.csv.
[2025-11-18 14:35:26] Controller handshake initiated to /api/download-file/25-200-250/25-233/25-233-251117/job_info.json.
[2025-11-18 18:48:54] Controller handshake initiated to /api/folders.
[2025-11-18 18:48:54] Controller handshake initiated to /api/templates.
[2025-11-18 18:48:58] Controller handshake initiated to /api/log.
[2025-11-18 18:48:58] Controller opened data sync.
[2025-11-18 18:48:58] Controller handshake initiated to /api/folders.
[2025-11-18 18:48:58] Controller handshake initiated to /api/templates.
[2025-11-18 18:50:05] Controller handshake initiated to /api/log.
[2025-11-18 18:50:05] Controller clicked upload (25-200-250/25-233/25-233-251117/25-233-251117.job).
[2025-11-18 18:50:06] Controller handshake initiated to /api/upload-field-data-android.
[2025-11-18 18:50:10] Upload started: 25-200-250/25-233/25-233-251117 - 5 file(s) [ID: ec5bcfa8-7f70-48fe-ab15-f335a96fe609]
[2025-11-18 18:50:10]   File uploaded: 25-233-251117.job (0.10 MB) [ID: ec5bcfa8-7f70-48fe-ab15-f335a96fe609]
[2025-11-18 18:50:10]   File uploaded: 25-233-251117.csv (0.00 MB) [ID: ec5bcfa8-7f70-48fe-ab15-f335a96fe609]
[2025-11-18 18:50:10]   File uploaded: 25-233-251117.dxf (0.04 MB) [ID: ec5bcfa8-7f70-48fe-ab15-f335a96fe609]
[2025-11-18 18:50:10]   File uploaded: 25-233-Layout-251117.dxf (0.33 MB) [ID: ec5bcfa8-7f70-48fe-ab15-f335a96fe609]
[2025-11-18 18:50:10]   File uploaded: 25-233-Layout-251117.csv (0.00 MB) [ID: ec5bcfa8-7f70-48fe-ab15-f335a96fe609]
[2025-11-18 18:50:10] Upload completed: 25-200-250/25-233/25-233-251117 - 5 file(s), 0.48 MB in 0.0s (98108.0 KB/s) [ID: ec5bcfa8-7f70-48fe-ab15-f335a96fe609]
[2025-11-18 18:50:11] Controller handshake initiated to /api/folders.
[2025-11-18 18:50:34] Controller handshake initiated to /api/log.
[2025-11-18 18:50:34] Controller clicked download (25-200-250/25-232/25-232-251118).
[2025-11-18 18:50:34] Controller handshake initiated to /api/download-job/25-200-250/25-232/25-232-251118.
[2025-11-18 18:50:34] Controller handshake initiated to /api/download-file/25-200-250/25-232/25-232-251118/25-232-251118.job.
[2025-11-18 18:50:34] Controller handshake initiated to /api/download-file/25-200-250/25-232/25-232-251118/25-232-251118.jxl.
[2025-11-18 18:50:35] Controller handshake initiated to /api/download-file/25-200-250/25-232/25-232-251118/25-232-Layout-251118.csv.
[2025-11-18 18:50:35] Controller handshake initiated to /api/download-file/25-200-250/25-232/25-232-251118/25-232-Layout-251118.dxf.
[2025-11-18 18:50:37] Controller handshake initiated to /api/download-file/25-200-250/25-232/25-232-251118/Control%20-%20Avalon%20-%20251118.csv.
[2025-11-18 18:50:37] Controller handshake initiated to /api/download-file/25-200-250/25-232/25-232-251118/job_info.json.
[2025-11-19 14:55:21] Controller handshake initiated to /api/log.
[2025-11-19 14:55:21] Controller opened data sync.
[2025-11-19 14:55:21] Controller handshake initiated to /api/folders.
[2025-11-19 14:55:21] Controller handshake initiated to /api/templates.
[2025-11-19 14:57:06] Controller handshake initiated to /api/log.
[2025-11-19 14:57:06] Controller opened data sync.
[2025-11-19 14:57:06] Controller handshake initiated to /api/folders.
[2025-11-19 14:57:06] Controller handshake initiated to /api/templates.
[2025-11-19 14:57:48] Controller handshake initiated to /api/log.
[2025-11-19 14:57:48] Controller clicked upload (25-200-250/25-232/25-232-251118/25-232-251118.job).
[2025-11-19 14:57:48] Controller handshake initiated to /api/upload-field-data-android.
[2025-11-19 14:57:48] Upload started: 25-200-250/25-232/25-232-251118 - 5 file(s) [ID: 744af217-2696-46bd-a8b1-2a401c730a8f]
[2025-11-19 14:57:48]   File uploaded: 25-232-251118.job (0.04 MB) [ID: 744af217-2696-46bd-a8b1-2a401c730a8f]
[2025-11-19 14:57:48]   File uploaded: 25-232-251118.csv (0.00 MB) [ID: 744af217-2696-46bd-a8b1-2a401c730a8f]
[2025-11-19 14:57:48]   File uploaded: 25-232-251118.dxf (0.03 MB) [ID: 744af217-2696-46bd-a8b1-2a401c730a8f]
[2025-11-19 14:57:48]   File uploaded: 25-232-Layout-251118.dxf (0.35 MB) [ID: 744af217-2696-46bd-a8b1-2a401c730a8f]
[2025-11-19 14:57:48]   File uploaded: 25-232-Layout-251118.csv (0.00 MB) [ID: 744af217-2696-46bd-a8b1-2a401c730a8f]
[2025-11-19 14:57:48] Upload completed: 25-200-250/25-232/25-232-251118 - 5 file(s), 0.43 MB in 0.0s (146261.7 KB/s) [ID: 744af217-2696-46bd-a8b1-2a401c730a8f]
[2025-11-19 14:57:48] Controller handshake initiated to /api/folders.
[2025-11-19 16:10:59] Folder created: 25-200-250/25-235
[2025-11-19 16:11:39] Job created: 25-200-250/25-235/25-235-251119
[2025-11-19 16:11:39] Upload started: 25-200-250/25-235/25-235-251119 - 2 file(s) [ID: 218b7b59-7b10-4158-ba3a-e39afd0ed4c2]
[2025-11-19 16:11:39]   File uploaded: 25-235-Layout-251119.csv (0.00 MB) [ID: 218b7b59-7b10-4158-ba3a-e39afd0ed4c2]
[2025-11-19 16:11:39]   File uploaded: 25-235-Layout-251119.dxf (0.27 MB) [ID: 218b7b59-7b10-4158-ba3a-e39afd0ed4c2]
[2025-11-19 16:11:39] Upload completed: 25-200-250/25-235/25-235-251119 - 2 file(s), 0.27 MB in 0.0s (278849.6 KB/s) [ID: 218b7b59-7b10-4158-ba3a-e39afd0ed4c2]
[2025-11-19 16:12:22] Job created: 25-150-200/25-187/25-187-251119
[2025-11-19 16:12:22] Upload started: 25-150-200/25-187/25-187-251119 - 2 file(s) [ID: 412fd8ec-b23d-4508-a93b-0df41595561b]
[2025-11-19 16:12:22]   File uploaded: 25-187-House-Pinning-251119.csv (0.00 MB) [ID: 412fd8ec-b23d-4508-a93b-0df41595561b]
[2025-11-19 16:12:22]   File uploaded: 25-187-House-Pinning-251119.dxf (0.01 MB) [ID: 412fd8ec-b23d-4508-a93b-0df41595561b]
[2025-11-19 16:12:22] Upload completed: 25-150-200/25-187/25-187-251119 - 2 file(s), 0.01 MB in 0.0s (5804.7 KB/s) [ID: 412fd8ec-b23d-4508-a93b-0df41595561b]
[2025-11-19 17:08:31] Controller handshake initiated to /api/log.
[2025-11-19 17:08:31] Controller opened data sync.
[2025-11-19 17:08:31] Controller handshake initiated to /api/templates.
[2025-11-19 17:08:31] Controller handshake initiated to /api/folders.
[2025-11-19 17:09:23] Controller handshake initiated to /api/log.
[2025-11-19 17:09:23] Controller clicked download (25-200-250/25-235/25-235-251119).
[2025-11-19 17:09:28] Controller handshake initiated to /api/download-job/25-200-250/25-235/25-235-251119.
[2025-11-19 17:09:28] Controller handshake initiated to /api/download-file/25-200-250/25-235/25-235-251119/25-235-251119.job.
[2025-11-19 17:09:28] Controller handshake initiated to /api/download-file/25-200-250/25-235/25-235-251119/25-235-251119.jxl.
[2025-11-19 17:09:29] Controller handshake initiated to /api/download-file/25-200-250/25-235/25-235-251119/25-235-Layout-251119.csv.
[2025-11-19 17:09:29] Controller handshake initiated to /api/download-file/25-200-250/25-235/25-235-251119/25-235-Layout-251119.dxf.
[2025-11-19 17:09:29] Controller handshake initiated to /api/download-file/25-200-250/25-235/25-235-251119/Control%20-%20Avalon%20-%20251119.csv.
[2025-11-19 17:09:29] Controller handshake initiated to /api/download-file/25-200-250/25-235/25-235-251119/job_info.json.
[2025-11-19 17:10:23] Controller handshake initiated to /api/log.
[2025-11-19 17:10:23] Controller opened data sync.
[2025-11-19 17:10:23] Controller handshake initiated to /api/templates.
[2025-11-19 17:10:23] Controller handshake initiated to /api/folders.
[2025-11-19 17:11:19] Controller handshake initiated to /api/log.
[2025-11-19 17:11:19] Controller clicked download (25-200-250/25-235/25-235-251119).
[2025-11-19 17:11:19] Controller handshake initiated to /api/download-job/25-200-250/25-235/25-235-251119.
[2025-11-19 17:11:19] Controller handshake initiated to /api/download-file/25-200-250/25-235/25-235-251119/25-235-251119.job.
[2025-11-19 17:11:19] Controller handshake initiated to /api/download-file/25-200-250/25-235/25-235-251119/25-235-251119.jxl.
[2025-11-19 17:11:20] Controller handshake initiated to /api/download-file/25-200-250/25-235/25-235-251119/25-235-Layout-251119.csv.
[2025-11-19 17:11:20] Controller handshake initiated to /api/download-file/25-200-250/25-235/25-235-251119/25-235-Layout-251119.dxf.
[2025-11-19 17:11:21] Controller handshake initiated to /api/download-file/25-200-250/25-235/25-235-251119/Control%20-%20Avalon%20-%20251119.csv.
[2025-11-19 17:11:22] Controller handshake initiated to /api/download-file/25-200-250/25-235/25-235-251119/job_info.json.
[2025-11-19 18:42:34] Controller handshake initiated to /api/log.
[2025-11-19 18:42:34] Controller clicked download (25-150-200/25-187/25-187-251119).
[2025-11-19 18:42:34] Controller handshake initiated to /api/download-job/25-150-200/25-187/25-187-251119.
[2025-11-19 18:42:35] Controller handshake initiated to /api/download-file/25-150-200/25-187/25-187-251119/25-187-251119.job.
[2025-11-19 18:42:35] Controller handshake initiated to /api/download-file/25-150-200/25-187/25-187-251119/25-187-251119.jxl.
[2025-11-19 18:42:35] Controller handshake initiated to /api/download-file/25-150-200/25-187/25-187-251119/25-187-House-Pinning-251119.csv.
[2025-11-19 18:42:36] Controller handshake initiated to /api/download-file/25-150-200/25-187/25-187-251119/25-187-House-Pinning-251119.dxf.
[2025-11-19 18:42:36] Controller handshake initiated to /api/download-file/25-150-200/25-187/25-187-251119/Control%20-%20Avalon%20-%20251119.csv.
[2025-11-19 18:42:36] Controller handshake initiated to /api/download-file/25-150-200/25-187/25-187-251119/job_info.json.
[2025-11-20 12:12:26] Controller handshake initiated to /api/log.
[2025-11-20 12:12:26] Controller opened data sync.
[2025-11-20 12:12:26] Controller handshake initiated to /api/folders.
[2025-11-20 12:12:26] Controller handshake initiated to /api/templates.
[2025-11-20 12:13:21] Controller handshake initiated to /api/log.
[2025-11-20 12:13:21] Controller clicked upload (25-200-250/25-235/25-235-251119/25-235-251119.job).
[2025-11-20 12:13:21] Controller handshake initiated to /api/upload-field-data-android.
[2025-11-20 12:13:23] Upload started: 25-200-250/25-235/25-235-251119 - 7 file(s) [ID: cecc1fff-265c-4cdf-97ee-7fe709cd3e1d]
[2025-11-20 12:13:23]   File uploaded: 25-235-251119.job (0.09 MB) [ID: cecc1fff-265c-4cdf-97ee-7fe709cd3e1d]
[2025-11-20 12:13:23]   File uploaded: 25-235-251119.csv (0.00 MB) [ID: cecc1fff-265c-4cdf-97ee-7fe709cd3e1d]
[2025-11-20 12:13:23]   File uploaded: 25-235-251119.dxf (0.05 MB) [ID: cecc1fff-265c-4cdf-97ee-7fe709cd3e1d]
[2025-11-20 12:13:23]   File uploaded: 25-235-Layout-251119.dxf (0.27 MB) [ID: cecc1fff-265c-4cdf-97ee-7fe709cd3e1d]
[2025-11-20 12:13:23]   File uploaded: 25-235-Layout-251119.csv (0.00 MB) [ID: cecc1fff-265c-4cdf-97ee-7fe709cd3e1d]
[2025-11-20 12:13:23]   File uploaded: IMG_1.jpg (4.82 MB) [ID: cecc1fff-265c-4cdf-97ee-7fe709cd3e1d]
[2025-11-20 12:13:23]   File uploaded: IMG.jpg (4.80 MB) [ID: cecc1fff-265c-4cdf-97ee-7fe709cd3e1d]
[2025-11-20 12:13:23] Upload completed: 25-200-250/25-235/25-235-251119 - 7 file(s), 10.04 MB in 0.0s (446824.6 KB/s) [ID: cecc1fff-265c-4cdf-97ee-7fe709cd3e1d]
[2025-11-20 12:13:23] Controller handshake initiated to /api/folders.
[2025-11-20 16:26:23] Controller handshake initiated to /api/log.
[2025-11-20 16:26:23] Controller clicked upload (25-150-200/25-187/25-187-251119/25-187-251119.job).
[2025-11-20 16:26:23] Controller handshake initiated to /api/upload-field-data-android.
[2025-11-20 16:26:23] Upload started: 25-150-200/25-187/25-187-251119 - 2 file(s) [ID: 58761523-9b1e-4b63-ba61-3fcfd371e56c]
[2025-11-20 16:26:23]   File uploaded: 25-187-251119.job (0.02 MB) [ID: 58761523-9b1e-4b63-ba61-3fcfd371e56c]
[2025-11-20 16:26:23]   File uploaded: 25-187-251119.csv (0.00 MB) [ID: 58761523-9b1e-4b63-ba61-3fcfd371e56c]
[2025-11-20 16:26:23] Upload completed: 25-150-200/25-187/25-187-251119 - 2 file(s), 0.03 MB in 0.0s (8586.3 KB/s) [ID: 58761523-9b1e-4b63-ba61-3fcfd371e56c]
[2025-11-20 16:26:23] Controller handshake initiated to /api/folders.
[2025-11-20 19:15:58] Controller handshake initiated to /api/log.
[2025-11-20 19:15:58] Controller clicked download (23-000-400/23-285/23-285-251118).
[2025-11-20 19:15:58] Controller handshake initiated to /api/download-job/23-000-400/23-285/23-285-251118.
[2025-11-20 19:15:58] Controller handshake initiated to /api/download-file/23-000-400/23-285/23-285-251118/23-285-251118.job.
[2025-11-20 19:15:59] Controller handshake initiated to /api/download-file/23-000-400/23-285/23-285-251118/23-285-251118.jxl.
[2025-11-20 19:15:59] Controller handshake initiated to /api/download-file/23-000-400/23-285/23-285-251118/23-285-Layout-251118.dxf.
[2025-11-20 19:15:59] Controller handshake initiated to /api/download-file/23-000-400/23-285/23-285-251118/Control%20-%20Avalon%20-%20251118.csv.
[2025-11-20 19:16:00] Controller handshake initiated to /api/download-file/23-000-400/23-285/23-285-251118/job_info.json.
[2025-11-20 19:38:18] Controller handshake initiated to /api/log.
[2025-11-20 19:38:18] Controller opened data sync.
[2025-11-20 19:38:18] Controller handshake initiated to /api/templates.
[2025-11-20 19:38:18] Controller handshake initiated to /api/folders.
[2025-11-20 19:42:12] Controller handshake initiated to /api/log.
[2025-11-20 19:42:12] Controller clicked upload (23-000-400/23-285/23-285-251118/23-285-251118.job).
[2025-11-20 19:42:13] Controller handshake initiated to /api/upload-field-data-android.
[2025-11-20 19:42:26] Upload started: 23-000-400/23-285/23-285-251118 - 6 file(s) [ID: 071aae83-d66c-445a-9fd5-425d695b0eea]
[2025-11-20 19:42:26]   File uploaded: 23-285-251118.job (0.05 MB) [ID: 071aae83-d66c-445a-9fd5-425d695b0eea]
[2025-11-20 19:42:26]   File uploaded: 23-285-251118.dxf (0.04 MB) [ID: 071aae83-d66c-445a-9fd5-425d695b0eea]
[2025-11-20 19:42:26]   File uploaded: 23-285-251118.csv (0.00 MB) [ID: 071aae83-d66c-445a-9fd5-425d695b0eea]
[2025-11-20 19:42:26]   File uploaded: 23-285-Layout-251118.dxf (0.32 MB) [ID: 071aae83-d66c-445a-9fd5-425d695b0eea]
[2025-11-20 19:42:26]   File uploaded: IMG.jpg (5.03 MB) [ID: 071aae83-d66c-445a-9fd5-425d695b0eea]
[2025-11-20 19:42:26]   File uploaded: IMG_1.jpg (3.89 MB) [ID: 071aae83-d66c-445a-9fd5-425d695b0eea]
[2025-11-20 19:42:26] Upload completed: 23-000-400/23-285/23-285-251118 - 6 file(s), 9.33 MB in 0.0s (868179.4 KB/s) [ID: 071aae83-d66c-445a-9fd5-425d695b0eea]
[2025-11-20 19:42:27] Controller handshake initiated to /api/folders.
[2025-11-20 19:57:10] Controller handshake initiated to /api/log.
[2025-11-20 19:57:10] Controller clicked upload (23-000-400/23-020/23-020-251114/23-020-251114.job).
[2025-11-20 19:57:10] Controller handshake initiated to /api/upload-field-data-android.
[2025-11-20 19:58:59] Controller handshake initiated to /api/log.
[2025-11-20 19:58:59] Controller opened data sync.
[2025-11-20 19:58:59] Controller handshake initiated to /api/folders.
[2025-11-20 19:58:59] Controller handshake initiated to /api/templates.
[2025-11-20 19:59:52] Controller handshake initiated to /api/log.
[2025-11-20 19:59:52] Controller clicked download (23-000-400/23-020/23-020-251114).
[2025-11-20 19:59:53] Controller handshake initiated to /api/download-job/23-000-400/23-020/23-020-251114.
[2025-11-20 19:59:53] Controller handshake initiated to /api/download-file/23-000-400/23-020/23-020-251114/23-020-251114.jxl.
[2025-11-20 19:59:53] Controller handshake initiated to /api/download-file/23-000-400/23-020/23-020-251114/23-020-Layout-251114.csv.
[2025-11-20 19:59:53] Controller handshake initiated to /api/download-file/23-000-400/23-020/23-020-251114/23-020-Layout-251114.dxf.
[2025-11-20 19:59:54] Controller handshake initiated to /api/download-file/23-000-400/23-020/23-020-251114/Control%20-%20Avalon%20-%20251114.csv.
[2025-11-20 19:59:54] Controller handshake initiated to /api/download-file/23-000-400/23-020/23-020-251114/Field_Data/111425-0455PM/23-020-251114.csv.
[2025-11-20 19:59:54] Controller handshake initiated to /api/download-file/23-000-400/23-020/23-020-251114/Field_Data/111425-0455PM/23-020-251114.dxf.
[2025-11-20 19:59:55] Controller handshake initiated to /api/download-file/23-000-400/23-020/23-020-251114/Field_Data/111425-0455PM/23-020-251114.job.
[2025-11-20 19:59:55] Controller handshake initiated to /api/download-file/23-000-400/23-020/23-020-251114/Field_Data/111425-0455PM/23-020-Layout-251114.csv.
[2025-11-20 19:59:55] Controller handshake initiated to /api/download-file/23-000-400/23-020/23-020-251114/Field_Data/111425-0455PM/23-020-Layout-251114.dxf.
[2025-11-20 19:59:55] Controller handshake initiated to /api/download-file/23-000-400/23-020/23-020-251114/Field_Data/111425-0455PM/IMG.jpg.
[2025-11-20 19:59:59] Controller handshake initiated to /api/download-file/23-000-400/23-020/23-020-251114/Field_Data/111425-0455PM/IMG_1.jpg.
[2025-11-20 20:00:03] Controller handshake initiated to /api/download-file/23-000-400/23-020/23-020-251114/Field_Data/111425-0455PM/IMG_10.jpg.
[2025-11-20 20:00:07] Controller handshake initiated to /api/download-file/23-000-400/23-020/23-020-251114/Field_Data/111425-0455PM/IMG_11.jpg.
[2025-11-20 20:00:13] Controller handshake initiated to /api/download-file/23-000-400/23-020/23-020-251114/Field_Data/111425-0455PM/IMG_12.jpg.
[2025-11-20 20:00:17] Controller handshake initiated to /api/download-file/23-000-400/23-020/23-020-251114/Field_Data/111425-0455PM/IMG_13.jpg.
[2025-11-20 20:00:22] Controller handshake initiated to /api/download-file/23-000-400/23-020/23-020-251114/Field_Data/111425-0455PM/IMG_2.jpg.
[2025-11-20 20:00:26] Controller handshake initiated to /api/download-file/23-000-400/23-020/23-020-251114/Field_Data/111425-0455PM/IMG_3.jpg.
[2025-11-20 20:00:30] Controller handshake initiated to /api/download-file/23-000-400/23-020/23-020-251114/Field_Data/111425-0455PM/IMG_4.jpg.
[2025-11-20 20:00:34] Controller handshake initiated to /api/download-file/23-000-400/23-020/23-020-251114/Field_Data/111425-0455PM/IMG_5.jpg.
[2025-11-20 20:00:39] Controller handshake initiated to /api/download-file/23-000-400/23-020/23-020-251114/Field_Data/111425-0455PM/IMG_6.jpg.
[2025-11-20 20:00:42] Controller handshake initiated to /api/download-file/23-000-400/23-020/23-020-251114/Field_Data/111425-0455PM/IMG_7.jpg.
[2025-11-20 20:00:47] Controller handshake initiated to /api/download-file/23-000-400/23-020/23-020-251114/Field_Data/111425-0455PM/IMG_8.jpg.
[2025-11-20 20:00:51] Controller handshake initiated to /api/download-file/23-000-400/23-020/23-020-251114/Field_Data/111425-0455PM/IMG_9.jpg.
[2025-11-20 20:00:56] Controller handshake initiated to /api/download-file/23-000-400/23-020/23-020-251114/job_info.json.
[2025-11-20 20:56:59] Controller handshake initiated to /api/log.
[2025-11-20 20:56:59] Controller opened data sync.
[2025-11-20 20:56:59] Controller handshake initiated to /api/templates.
[2025-11-20 20:56:59] Controller handshake initiated to /api/folders.
[2025-11-20 20:58:00] Controller handshake initiated to /api/log.
[2025-11-20 20:58:00] Controller clicked upload (23-000-400/23-020/23-020-251114/23-020-251114.job).
[2025-11-20 20:58:00] Controller handshake initiated to /api/upload-field-data-android.
[2025-11-20 20:58:40] Upload started: 23-000-400/23-020/23-020-251114 - 19 file(s) [ID: dcfd752b-c572-4c17-8270-351c7e111795]
[2025-11-20 20:58:40]   File uploaded: 23-020-251114.job (0.14 MB) [ID: dcfd752b-c572-4c17-8270-351c7e111795]
[2025-11-20 20:58:40]   File uploaded: 23-020-251114.dxf (0.14 MB) [ID: dcfd752b-c572-4c17-8270-351c7e111795]
[2025-11-20 20:58:40]   File uploaded: 23-020-251120.csv (0.01 MB) [ID: dcfd752b-c572-4c17-8270-351c7e111795]
[2025-11-20 20:58:40]   File uploaded: 23-020-Layout-251114.csv (0.00 MB) [ID: dcfd752b-c572-4c17-8270-351c7e111795]
[2025-11-20 20:58:40]   File uploaded: 23-020-Layout-251114.dxf (0.24 MB) [ID: dcfd752b-c572-4c17-8270-351c7e111795]
[2025-11-20 20:58:40]   File uploaded: IMG_3.jpg (5.13 MB) [ID: dcfd752b-c572-4c17-8270-351c7e111795]
[2025-11-20 20:58:40]   File uploaded: IMG_11.jpg (7.43 MB) [ID: dcfd752b-c572-4c17-8270-351c7e111795]
[2025-11-20 20:58:40]   File uploaded: IMG_8.jpg (4.53 MB) [ID: dcfd752b-c572-4c17-8270-351c7e111795]
[2025-11-20 20:58:40]   File uploaded: IMG.jpg (5.40 MB) [ID: dcfd752b-c572-4c17-8270-351c7e111795]
[2025-11-20 20:58:40]   File uploaded: IMG_2.jpg (5.61 MB) [ID: dcfd752b-c572-4c17-8270-351c7e111795]
[2025-11-20 20:58:40]   File uploaded: IMG_5.jpg (6.65 MB) [ID: dcfd752b-c572-4c17-8270-351c7e111795]
[2025-11-20 20:58:40]   File uploaded: IMG_9.jpg (6.90 MB) [ID: dcfd752b-c572-4c17-8270-351c7e111795]
[2025-11-20 20:58:40]   File uploaded: IMG_12.jpg (6.26 MB) [ID: dcfd752b-c572-4c17-8270-351c7e111795]
[2025-11-20 20:58:40]   File uploaded: IMG_10.jpg (6.06 MB) [ID: dcfd752b-c572-4c17-8270-351c7e111795]
[2025-11-20 20:58:40]   File uploaded: IMG_7.jpg (7.05 MB) [ID: dcfd752b-c572-4c17-8270-351c7e111795]
[2025-11-20 20:58:40]   File uploaded: IMG_1.jpg (5.38 MB) [ID: dcfd752b-c572-4c17-8270-351c7e111795]
[2025-11-20 20:58:40]   File uploaded: IMG_4.jpg (5.87 MB) [ID: dcfd752b-c572-4c17-8270-351c7e111795]
[2025-11-20 20:58:40]   File uploaded: IMG_13.jpg (6.92 MB) [ID: dcfd752b-c572-4c17-8270-351c7e111795]
[2025-11-20 20:58:40]   File uploaded: IMG_6.jpg (5.24 MB) [ID: dcfd752b-c572-4c17-8270-351c7e111795]
[2025-11-20 20:58:40] Upload completed: 23-000-400/23-020/23-020-251114 - 19 file(s), 84.94 MB in 0.1s (743437.0 KB/s) [ID: dcfd752b-c572-4c17-8270-351c7e111795]
[2025-11-20 20:58:40] Controller handshake initiated to /api/folders.
[2025-11-21 15:08:14] Controller handshake initiated to /api/log.
[2025-11-21 15:08:14] Controller opened data sync.
[2025-11-21 15:08:14] Controller handshake initiated to /api/folders.
[2025-11-21 15:08:14] Controller handshake initiated to /api/templates.
[2025-11-21 15:10:03] Controller handshake initiated to /api/log.
[2025-11-21 15:10:03] Controller clicked upload (23-000-400/23-020/23-020-251114/23-020-251114.job).
[2025-11-21 15:10:03] Controller handshake initiated to /api/upload-field-data-android.
[2025-11-21 15:10:11] Upload started: 23-000-400/23-020/23-020-251114 - 20 file(s) [ID: fea8839a-2bbe-4084-ad32-95640f6fdace]
[2025-11-21 15:10:11]   File uploaded: 23-020-251114.job (0.16 MB) [ID: fea8839a-2bbe-4084-ad32-95640f6fdace]
[2025-11-21 15:10:11]   File uploaded: 23-020-251121.csv (0.01 MB) [ID: fea8839a-2bbe-4084-ad32-95640f6fdace]
[2025-11-21 15:10:11]   File uploaded: 23-020-251114.dxf (0.14 MB) [ID: fea8839a-2bbe-4084-ad32-95640f6fdace]
[2025-11-21 15:10:11]   File uploaded: 23-020-251120.csv (0.01 MB) [ID: fea8839a-2bbe-4084-ad32-95640f6fdace]
[2025-11-21 15:10:11]   File uploaded: 23-020-Layout-251114.csv (0.00 MB) [ID: fea8839a-2bbe-4084-ad32-95640f6fdace]
[2025-11-21 15:10:11]   File uploaded: 23-020-Layout-251114.dxf (0.24 MB) [ID: fea8839a-2bbe-4084-ad32-95640f6fdace]
[2025-11-21 15:10:11]   File uploaded: IMG_3.jpg (5.13 MB) [ID: fea8839a-2bbe-4084-ad32-95640f6fdace]
[2025-11-21 15:10:11]   File uploaded: IMG_11.jpg (7.43 MB) [ID: fea8839a-2bbe-4084-ad32-95640f6fdace]
[2025-11-21 15:10:11]   File uploaded: IMG_8.jpg (4.53 MB) [ID: fea8839a-2bbe-4084-ad32-95640f6fdace]
[2025-11-21 15:10:11]   File uploaded: IMG.jpg (5.40 MB) [ID: fea8839a-2bbe-4084-ad32-95640f6fdace]
[2025-11-21 15:10:11]   File uploaded: IMG_2.jpg (5.61 MB) [ID: fea8839a-2bbe-4084-ad32-95640f6fdace]
[2025-11-21 15:10:11]   File uploaded: IMG_5.jpg (6.65 MB) [ID: fea8839a-2bbe-4084-ad32-95640f6fdace]
[2025-11-21 15:10:11]   File uploaded: IMG_9.jpg (6.90 MB) [ID: fea8839a-2bbe-4084-ad32-95640f6fdace]
[2025-11-21 15:10:11]   File uploaded: IMG_12.jpg (6.26 MB) [ID: fea8839a-2bbe-4084-ad32-95640f6fdace]
[2025-11-21 15:10:11]   File uploaded: IMG_10.jpg (6.06 MB) [ID: fea8839a-2bbe-4084-ad32-95640f6fdace]
[2025-11-21 15:10:11]   File uploaded: IMG_7.jpg (7.05 MB) [ID: fea8839a-2bbe-4084-ad32-95640f6fdace]
[2025-11-21 15:10:11]   File uploaded: IMG_1.jpg (5.38 MB) [ID: fea8839a-2bbe-4084-ad32-95640f6fdace]
[2025-11-21 15:10:11]   File uploaded: IMG_4.jpg (5.87 MB) [ID: fea8839a-2bbe-4084-ad32-95640f6fdace]
[2025-11-21 15:10:11]   File uploaded: IMG_13.jpg (6.92 MB) [ID: fea8839a-2bbe-4084-ad32-95640f6fdace]
[2025-11-21 15:10:11]   File uploaded: IMG_6.jpg (5.24 MB) [ID: fea8839a-2bbe-4084-ad32-95640f6fdace]
[2025-11-21 15:10:11] Upload completed: 23-000-400/23-020/23-020-251114 - 20 file(s), 84.98 MB in 0.1s (897106.5 KB/s) [ID: fea8839a-2bbe-4084-ad32-95640f6fdace]
[2025-11-21 15:10:11] Controller handshake initiated to /api/folders.
[2025-11-24 13:23:45] Job created: 23-000-400/23-186/23-186-251124
[2025-11-24 13:23:46] Upload started: 23-000-400/23-186/23-186-251124 - 2 file(s) [ID: 86e5c49a-a79e-4894-a040-339c1ded53e2]
[2025-11-24 13:23:46]   File uploaded: 23-186-Lot-Pinning-251124.csv (0.00 MB) [ID: 86e5c49a-a79e-4894-a040-339c1ded53e2]
[2025-11-24 13:23:46]   File uploaded: 23-186-Lot-Pinning-251124.dxf (0.36 MB) [ID: 86e5c49a-a79e-4894-a040-339c1ded53e2]
[2025-11-24 13:23:46] Upload completed: 23-000-400/23-186/23-186-251124 - 2 file(s), 0.36 MB in 0.0s (370364.3 KB/s) [ID: 86e5c49a-a79e-4894-a040-339c1ded53e2]
[2025-11-24 14:24:20] Controller handshake initiated to /api/log.
[2025-11-24 14:24:20] Controller opened data sync.
[2025-11-24 14:24:20] Controller handshake initiated to /api/templates.
[2025-11-24 14:24:20] Controller handshake initiated to /api/folders.
[2025-11-24 14:25:18] Controller handshake initiated to /api/log.
[2025-11-24 14:25:18] Controller clicked download (23-000-400/23-186/23-186-251124).
[2025-11-24 14:25:18] Controller handshake initiated to /api/download-job/23-000-400/23-186/23-186-251124.
[2025-11-24 14:25:18] Controller handshake initiated to /api/download-file/23-000-400/23-186/23-186-251124/23-186-251124.job.
[2025-11-24 14:25:19] Controller handshake initiated to /api/download-file/23-000-400/23-186/23-186-251124/23-186-251124.jxl.
[2025-11-24 14:25:19] Controller handshake initiated to /api/download-file/23-000-400/23-186/23-186-251124/23-186-Lot-Pinning-251124.csv.
[2025-11-24 14:25:19] Controller handshake initiated to /api/download-file/23-000-400/23-186/23-186-251124/23-186-Lot-Pinning-251124.dxf.
[2025-11-24 14:25:19] Controller handshake initiated to /api/download-file/23-000-400/23-186/23-186-251124/Control%20-%20Avalon%20-%20251124.csv.
[2025-11-24 14:25:20] Controller handshake initiated to /api/download-file/23-000-400/23-186/23-186-251124/job_info.json.
[2025-11-24 14:27:46] Folder created: 25-200-250/25-236
[2025-11-24 14:28:14] Job created: 25-200-250/25-236/25-236-251124
[2025-11-24 14:28:15] Upload started: 25-200-250/25-236/25-236-251124 - 2 file(s) [ID: 6a594a71-0d76-4a18-b5a4-cca92e90b6c9]
[2025-11-24 14:28:15]   File uploaded: 25-236-Layout-251124.csv (0.00 MB) [ID: 6a594a71-0d76-4a18-b5a4-cca92e90b6c9]
[2025-11-24 14:28:15]   File uploaded: 25-236-Layout-251124.dxf (0.33 MB) [ID: 6a594a71-0d76-4a18-b5a4-cca92e90b6c9]
[2025-11-24 14:28:15] Upload completed: 25-200-250/25-236/25-236-251124 - 2 file(s), 0.33 MB in 0.0s (167769.0 KB/s) [ID: 6a594a71-0d76-4a18-b5a4-cca92e90b6c9]
[2025-11-24 17:07:55] Controller handshake initiated to /api/log.
[2025-11-24 17:07:55] Controller opened data sync.
[2025-11-24 17:07:55] Controller handshake initiated to /api/folders.
[2025-11-24 17:07:55] Controller handshake initiated to /api/templates.
[2025-11-24 17:09:03] Controller handshake initiated to /api/log.
[2025-11-24 17:09:03] Controller clicked download (25-200-250/25-236/25-236-251124).
[2025-11-24 17:09:03] Controller handshake initiated to /api/download-job/25-200-250/25-236/25-236-251124.
[2025-11-24 17:09:03] Controller handshake initiated to /api/download-file/25-200-250/25-236/25-236-251124/25-236-251124.job.
[2025-11-24 17:09:04] Controller handshake initiated to /api/download-file/25-200-250/25-236/25-236-251124/25-236-251124.jxl.
[2025-11-24 17:09:04] Controller handshake initiated to /api/download-file/25-200-250/25-236/25-236-251124/25-236-Layout-251124.csv.
[2025-11-24 17:09:04] Controller handshake initiated to /api/download-file/25-200-250/25-236/25-236-251124/25-236-Layout-251124.dxf.
[2025-11-24 17:09:04] Controller handshake initiated to /api/download-file/25-200-250/25-236/25-236-251124/Control%20-%20Avalon%20-%20251124.csv.
[2025-11-24 17:09:05] Controller handshake initiated to /api/download-file/25-200-250/25-236/25-236-251124/job_info.json.
[2025-11-24 19:49:18] Folder created: 25-000-050/25-008
[2025-11-24 19:49:44] Job created: 25-000-050/25-008/25-008-251124
[2025-11-24 19:49:45] Upload started: 25-000-050/25-008/25-008-251124 - 1 file(s) [ID: 6286d7e0-bb61-47bb-9fb3-17aaf1f5c43c]
[2025-11-24 19:49:45]   File uploaded: 25-008-Layout-251124.dxf (0.31 MB) [ID: 6286d7e0-bb61-47bb-9fb3-17aaf1f5c43c]
[2025-11-24 19:49:45] Upload completed: 25-000-050/25-008/25-008-251124 - 1 file(s), 0.31 MB in 0.0s (160010.7 KB/s) [ID: 6286d7e0-bb61-47bb-9fb3-17aaf1f5c43c]
[2025-11-24 20:58:52] Controller handshake initiated to /api/log.
[2025-11-24 20:58:52] Controller opened data sync.
[2025-11-24 20:58:52] Controller handshake initiated to /api/folders.
[2025-11-24 20:58:52] Controller handshake initiated to /api/templates.
[2025-11-24 21:00:04] Controller handshake initiated to /api/log.
[2025-11-24 21:00:04] Controller clicked upload (25-200-250/25-236/25-236-251124/25-236-251124.job).
[2025-11-24 21:00:04] Controller handshake initiated to /api/upload-field-data-android.
[2025-11-24 21:00:08] Upload started: 25-200-250/25-236/25-236-251124 - 10 file(s) [ID: 7c69475c-edcc-4c39-bb35-17d500bfe623]
[2025-11-24 21:00:08]   File uploaded: 25-236-251124.job (0.08 MB) [ID: 7c69475c-edcc-4c39-bb35-17d500bfe623]
[2025-11-24 21:00:08]   File uploaded: 25-236-251124.csv (0.00 MB) [ID: 7c69475c-edcc-4c39-bb35-17d500bfe623]
[2025-11-24 21:00:08]   File uploaded: 25-236-251124.dxf (0.04 MB) [ID: 7c69475c-edcc-4c39-bb35-17d500bfe623]
[2025-11-24 21:00:08]   File uploaded: 25-236-Layout-251124.dxf (0.33 MB) [ID: 7c69475c-edcc-4c39-bb35-17d500bfe623]
[2025-11-24 21:00:08]   File uploaded: 25-236-Layout-251124.csv (0.00 MB) [ID: 7c69475c-edcc-4c39-bb35-17d500bfe623]
[2025-11-24 21:00:08]   File uploaded: IMG.jpg (5.61 MB) [ID: 7c69475c-edcc-4c39-bb35-17d500bfe623]
[2025-11-24 21:00:08]   File uploaded: IMG_3.jpg (3.86 MB) [ID: 7c69475c-edcc-4c39-bb35-17d500bfe623]
[2025-11-24 21:00:08]   File uploaded: IMG_2.jpg (4.60 MB) [ID: 7c69475c-edcc-4c39-bb35-17d500bfe623]
[2025-11-24 21:00:08]   File uploaded: IMG_4.jpg (4.62 MB) [ID: 7c69475c-edcc-4c39-bb35-17d500bfe623]
[2025-11-24 21:00:08]   File uploaded: IMG_1.jpg (5.55 MB) [ID: 7c69475c-edcc-4c39-bb35-17d500bfe623]
[2025-11-24 21:00:08] Upload completed: 25-200-250/25-236/25-236-251124 - 10 file(s), 24.69 MB in 0.0s (1011480.0 KB/s) [ID: 7c69475c-edcc-4c39-bb35-17d500bfe623]
[2025-11-24 21:00:08] Controller handshake initiated to /api/folders.
[2025-11-25 12:48:22] Folder created: 25-200-250/25-234
[2025-11-25 12:48:49] Job created: 25-200-250/25-234/25-234-251125
[2025-11-25 12:48:49] Upload started: 25-200-250/25-234/25-234-251125 - 2 file(s) [ID: 3f386826-45fe-41c0-89e2-7c1f78425e6c]
[2025-11-25 12:48:49]   File uploaded: 25-234-Layout-251125.csv (0.00 MB) [ID: 3f386826-45fe-41c0-89e2-7c1f78425e6c]
[2025-11-25 12:48:49]   File uploaded: 25-234-Layout-251125.dxf (0.31 MB) [ID: 3f386826-45fe-41c0-89e2-7c1f78425e6c]
[2025-11-25 12:48:49] Upload completed: 25-200-250/25-234/25-234-251125 - 2 file(s), 0.31 MB in 0.0s (319079.1 KB/s) [ID: 3f386826-45fe-41c0-89e2-7c1f78425e6c]
[2025-11-25 15:03:22] Controller handshake initiated to /api/folders.
[2025-11-25 15:03:22] Controller handshake initiated to /api/templates.
[2025-11-25 15:03:22] Controller handshake initiated to /api/log.
[2025-11-25 15:03:22] Controller opened data sync.
[2025-11-25 15:04:41] Controller handshake initiated to /api/log.
[2025-11-25 15:04:41] Controller clicked download (25-200-250/25-234/25-234-251125).
[2025-11-25 15:04:42] Controller handshake initiated to /api/download-job/25-200-250/25-234/25-234-251125.
[2025-11-25 15:04:42] Controller handshake initiated to /api/download-file/25-200-250/25-234/25-234-251125/25-234-251125.job.
[2025-11-25 15:04:42] Controller handshake initiated to /api/download-file/25-200-250/25-234/25-234-251125/25-234-251125.jxl.
[2025-11-25 15:04:42] Controller handshake initiated to /api/download-file/25-200-250/25-234/25-234-251125/25-234-Layout-251125.csv.
[2025-11-25 15:04:43] Controller handshake initiated to /api/download-file/25-200-250/25-234/25-234-251125/25-234-Layout-251125.dxf.
[2025-11-25 15:04:45] Controller handshake initiated to /api/download-file/25-200-250/25-234/25-234-251125/Control%20-%20Avalon%20-%20251125.csv.
[2025-11-25 15:04:45] Controller handshake initiated to /api/download-file/25-200-250/25-234/25-234-251125/job_info.json.
[2025-11-26 15:28:26] Folder created: 25-200-250/25-237
[2025-11-26 15:28:42] Job created: 25-200-250/25-237/25-237-251126
[2025-11-26 15:28:42] Upload started: 25-200-250/25-237/25-237-251126 - 2 file(s) [ID: ea64554b-0b90-4748-9e93-aa3f9feaa6e3]
[2025-11-26 15:28:42]   File uploaded: 25-237-Layout-251126.csv (0.00 MB) [ID: ea64554b-0b90-4748-9e93-aa3f9feaa6e3]
[2025-11-26 15:28:42]   File uploaded: 25-237-Layout-251126.dxf (0.32 MB) [ID: ea64554b-0b90-4748-9e93-aa3f9feaa6e3]
[2025-11-26 15:28:42] Upload completed: 25-200-250/25-237/25-237-251126 - 2 file(s), 0.32 MB in 0.0s (165236.8 KB/s) [ID: ea64554b-0b90-4748-9e93-aa3f9feaa6e3]
[2025-11-27 13:01:33] Controller handshake initiated to /api/log.
[2025-11-27 13:01:33] Controller opened data sync.
[2025-11-27 13:01:33] Controller handshake initiated to /api/templates.
[2025-11-27 13:01:33] Controller handshake initiated to /api/folders.
[2025-11-27 13:02:32] Controller handshake initiated to /api/log.
[2025-11-27 13:02:32] Controller clicked upload (25-200-250/25-234/25-234-251125/25-234-251125.job).
[2025-11-27 13:02:32] Controller handshake initiated to /api/upload-field-data-android.
[2025-11-27 13:02:48] Upload started: 25-200-250/25-234/25-234-251125 - 22 file(s) [ID: e729e4b9-560c-48a3-b71a-00af95edb01b]
[2025-11-27 13:02:48]   File uploaded: 25-234-251125.job (0.27 MB) [ID: e729e4b9-560c-48a3-b71a-00af95edb01b]
[2025-11-27 13:02:48]   File uploaded: 25-234-251127.csv (0.01 MB) [ID: e729e4b9-560c-48a3-b71a-00af95edb01b]
[2025-11-27 13:02:48]   File uploaded: 25-234-251127.dxf (0.11 MB) [ID: e729e4b9-560c-48a3-b71a-00af95edb01b]
[2025-11-27 13:02:48]   File uploaded: 25-234-Layout-251125.dxf (0.31 MB) [ID: e729e4b9-560c-48a3-b71a-00af95edb01b]
[2025-11-27 13:02:48]   File uploaded: 25-234-Layout-251125.csv (0.00 MB) [ID: e729e4b9-560c-48a3-b71a-00af95edb01b]
[2025-11-27 13:02:48]   File uploaded: IMG_2.jpg (7.46 MB) [ID: e729e4b9-560c-48a3-b71a-00af95edb01b]
[2025-11-27 13:02:48]   File uploaded: IMG_14.jpg (4.82 MB) [ID: e729e4b9-560c-48a3-b71a-00af95edb01b]
[2025-11-27 13:02:48]   File uploaded: IMG_11.jpg (5.83 MB) [ID: e729e4b9-560c-48a3-b71a-00af95edb01b]
[2025-11-27 13:02:48]   File uploaded: IMG_10.jpg (5.14 MB) [ID: e729e4b9-560c-48a3-b71a-00af95edb01b]
[2025-11-27 13:02:48]   File uploaded: IMG_13.jpg (5.27 MB) [ID: e729e4b9-560c-48a3-b71a-00af95edb01b]
[2025-11-27 13:02:48]   File uploaded: IMG_9.jpg (5.74 MB) [ID: e729e4b9-560c-48a3-b71a-00af95edb01b]
[2025-11-27 13:02:48]   File uploaded: IMG_16.jpg (5.01 MB) [ID: e729e4b9-560c-48a3-b71a-00af95edb01b]
[2025-11-27 13:02:48]   File uploaded: IMG_8.jpg (6.94 MB) [ID: e729e4b9-560c-48a3-b71a-00af95edb01b]
[2025-11-27 13:02:48]   File uploaded: IMG_4.jpg (5.65 MB) [ID: e729e4b9-560c-48a3-b71a-00af95edb01b]
[2025-11-27 13:02:48]   File uploaded: IMG_1.jpg (4.62 MB) [ID: e729e4b9-560c-48a3-b71a-00af95edb01b]
[2025-11-27 13:02:48]   File uploaded: IMG.jpg (8.54 MB) [ID: e729e4b9-560c-48a3-b71a-00af95edb01b]
[2025-11-27 13:02:48]   File uploaded: IMG_12.jpg (4.74 MB) [ID: e729e4b9-560c-48a3-b71a-00af95edb01b]
[2025-11-27 13:02:48]   File uploaded: IMG_7.jpg (4.82 MB) [ID: e729e4b9-560c-48a3-b71a-00af95edb01b]
[2025-11-27 13:02:48]   File uploaded: IMG_6.jpg (8.07 MB) [ID: e729e4b9-560c-48a3-b71a-00af95edb01b]
[2025-11-27 13:02:48]   File uploaded: IMG_5.jpg (4.57 MB) [ID: e729e4b9-560c-48a3-b71a-00af95edb01b]
[2025-11-27 13:02:48]   File uploaded: IMG_3.jpg (5.42 MB) [ID: e729e4b9-560c-48a3-b71a-00af95edb01b]
[2025-11-27 13:02:48]   File uploaded: IMG_15.jpg (4.88 MB) [ID: e729e4b9-560c-48a3-b71a-00af95edb01b]
[2025-11-27 13:02:48] Upload completed: 25-200-250/25-234/25-234-251125 - 22 file(s), 98.24 MB in 0.3s (397603.3 KB/s) [ID: e729e4b9-560c-48a3-b71a-00af95edb01b]
[2025-11-27 13:02:48] Controller handshake initiated to /api/folders.
[2025-11-27 14:21:25] Controller handshake initiated to /api/log.
[2025-11-27 14:21:25] Controller opened data sync.
[2025-11-27 14:21:25] Controller handshake initiated to /api/folders.
[2025-11-27 14:21:25] Controller handshake initiated to /api/templates.
[2025-11-27 14:27:06] Controller handshake initiated to /api/log.
[2025-11-27 14:27:06] Controller clicked download (25-200-250/25-237/25-237-251126).
[2025-11-27 14:27:06] Controller handshake initiated to /api/download-job/25-200-250/25-237/25-237-251126.
[2025-11-27 14:27:06] Controller handshake initiated to /api/download-file/25-200-250/25-237/25-237-251126/25-237-251126.job.
[2025-11-27 14:27:07] Controller handshake initiated to /api/download-file/25-200-250/25-237/25-237-251126/25-237-251126.jxl.
[2025-11-27 14:27:07] Controller handshake initiated to /api/download-file/25-200-250/25-237/25-237-251126/25-237-Layout-251126.csv.
[2025-11-27 14:27:07] Controller handshake initiated to /api/download-file/25-200-250/25-237/25-237-251126/25-237-Layout-251126.dxf.
[2025-11-27 14:27:07] Controller handshake initiated to /api/download-file/25-200-250/25-237/25-237-251126/Control%20-%20Avalon%20-%20251126.csv.
[2025-11-27 14:27:08] Controller handshake initiated to /api/download-file/25-200-250/25-237/25-237-251126/job_info.json.
[2025-11-27 16:49:14] Controller handshake initiated to /api/log.
[2025-11-27 16:49:14] Controller opened data sync.
[2025-11-27 16:49:14] Controller handshake initiated to /api/templates.
[2025-11-27 16:49:14] Controller handshake initiated to /api/folders.
[2025-11-27 16:50:35] Controller handshake initiated to /api/log.
[2025-11-27 16:50:35] Controller clicked upload (25-200-250/25-237/25-237-251126/25-237-251126.job).
[2025-11-27 16:50:36] Controller handshake initiated to /api/upload-field-data-android.
[2025-11-27 16:51:17] Upload started: 25-200-250/25-237/25-237-251126 - 13 file(s) [ID: bb2e5f1b-b4d4-4709-bb80-97dc94865c67]
[2025-11-27 16:51:17]   File uploaded: 25-237-251126.job (0.11 MB) [ID: bb2e5f1b-b4d4-4709-bb80-97dc94865c67]
[2025-11-27 16:51:17]   File uploaded: 25-237-251127.dxf (0.06 MB) [ID: bb2e5f1b-b4d4-4709-bb80-97dc94865c67]
[2025-11-27 16:51:17]   File uploaded: 25-237-251127.csv (0.01 MB) [ID: bb2e5f1b-b4d4-4709-bb80-97dc94865c67]
[2025-11-27 16:51:17]   File uploaded: 25-237-Layout-251126.dxf (0.32 MB) [ID: bb2e5f1b-b4d4-4709-bb80-97dc94865c67]
[2025-11-27 16:51:17]   File uploaded: 25-237-Layout-251126.csv (0.00 MB) [ID: bb2e5f1b-b4d4-4709-bb80-97dc94865c67]
[2025-11-27 16:51:17]   File uploaded: IMG_7.jpg (4.82 MB) [ID: bb2e5f1b-b4d4-4709-bb80-97dc94865c67]
[2025-11-27 16:51:17]   File uploaded: IMG_5.jpg (4.78 MB) [ID: bb2e5f1b-b4d4-4709-bb80-97dc94865c67]
[2025-11-27 16:51:17]   File uploaded: IMG_1.jpg (5.88 MB) [ID: bb2e5f1b-b4d4-4709-bb80-97dc94865c67]
[2025-11-27 16:51:17]   File uploaded: IMG_6.jpg (4.65 MB) [ID: bb2e5f1b-b4d4-4709-bb80-97dc94865c67]
[2025-11-27 16:51:17]   File uploaded: IMG_3.jpg (4.49 MB) [ID: bb2e5f1b-b4d4-4709-bb80-97dc94865c67]
[2025-11-27 16:51:17]   File uploaded: IMG.jpg (5.15 MB) [ID: bb2e5f1b-b4d4-4709-bb80-97dc94865c67]
[2025-11-27 16:51:17]   File uploaded: IMG_4.jpg (4.30 MB) [ID: bb2e5f1b-b4d4-4709-bb80-97dc94865c67]
[2025-11-27 16:51:17]   File uploaded: IMG_2.jpg (5.10 MB) [ID: bb2e5f1b-b4d4-4709-bb80-97dc94865c67]
[2025-11-27 16:51:17] Upload completed: 25-200-250/25-237/25-237-251126 - 13 file(s), 39.67 MB in 0.1s (725457.0 KB/s) [ID: bb2e5f1b-b4d4-4709-bb80-97dc94865c67]
[2025-11-27 16:51:17] Controller handshake initiated to /api/folders.
[2025-11-27 18:40:50] Controller handshake initiated to /api/log.
[2025-11-27 18:40:50] Controller opened data sync.
[2025-11-27 18:40:50] Controller handshake initiated to /api/folders.
[2025-11-27 18:40:50] Controller handshake initiated to /api/templates.
[2025-11-27 18:42:03] Controller handshake initiated to /api/log.
[2025-11-27 18:42:03] Controller clicked download (24-200-300/24-220/24-220-251001).
[2025-11-27 18:42:04] Controller handshake initiated to /api/download-job/24-200-300/24-220/24-220-251001.
[2025-11-27 18:42:04] Controller handshake initiated to /api/download-file/24-200-300/24-220/24-220-251001/24-220-251001.job.
[2025-11-27 18:42:04] Controller handshake initiated to /api/download-file/24-200-300/24-220/24-220-251001/24-220-251001.jxl.
[2025-11-27 18:42:04] Controller handshake initiated to /api/download-file/24-200-300/24-220/24-220-251001/24-220-Sign-Layout-251001.csv.
[2025-11-27 18:42:05] Controller handshake initiated to /api/download-file/24-200-300/24-220/24-220-251001/24-220-Sign-Layout-251001.dxf.
[2025-11-27 18:42:05] Controller handshake initiated to /api/download-file/24-200-300/24-220/24-220-251001/Control%20-%20Avalon%20-%20251001.csv.
[2025-11-27 18:42:05] Controller handshake initiated to /api/download-file/24-200-300/24-220/24-220-251001/job_info.json.
[2025-11-27 18:47:56] Controller handshake initiated to /api/log.
[2025-11-27 18:47:56] Controller opened data sync.
[2025-11-27 18:47:56] Controller handshake initiated to /api/folders.
[2025-11-27 18:47:56] Controller handshake initiated to /api/templates.
[2025-11-27 18:48:52] Controller handshake initiated to /api/log.
[2025-11-27 18:48:52] Controller opened data sync.
[2025-11-27 18:48:52] Controller handshake initiated to /api/folders.
[2025-11-27 18:48:52] Controller handshake initiated to /api/templates.
[2025-11-27 19:19:36] Controller handshake initiated to /api/log.
[2025-11-27 19:19:36] Controller opened data sync.
[2025-11-27 19:19:36] Controller handshake initiated to /api/folders.
[2025-11-27 19:19:36] Controller handshake initiated to /api/templates.
[2025-11-27 19:20:33] Controller handshake initiated to /api/log.
[2025-11-27 19:20:33] Controller clicked download (24-200-300/24-220/24-220-251001).
[2025-11-27 19:20:34] Controller handshake initiated to /api/download-job/24-200-300/24-220/24-220-251001.
[2025-11-27 19:20:34] Controller handshake initiated to /api/download-file/24-200-300/24-220/24-220-251001/24-220-251001.jxl.
[2025-11-27 19:20:34] Controller handshake initiated to /api/download-file/24-200-300/24-220/24-220-251001/24-220-Field%20Data-251001.csv.
[2025-11-27 19:20:34] Controller handshake initiated to /api/download-file/24-200-300/24-220/24-220-251001/24-220-Sign-Layout-251001.csv.
[2025-11-27 19:20:34] Controller handshake initiated to /api/download-file/24-200-300/24-220/24-220-251001/24-220-Sign-Layout-251001.dxf.
[2025-11-27 19:20:35] Controller handshake initiated to /api/download-file/24-200-300/24-220/24-220-251001/@eaDir/24-220-Field%20Data-251001.csv@SynoEAStream.
[2025-11-27 19:20:35] Controller handshake initiated to /api/download-file/24-200-300/24-220/24-220-251001/Control%20-%20Avalon%20-%20251001.csv.
[2025-11-27 19:20:35] Controller handshake initiated to /api/download-file/24-200-300/24-220/24-220-251001/job_info.json.
[2025-11-27 20:08:53] Controller handshake initiated to /api/log.
[2025-11-27 20:08:53] Controller opened data sync.
[2025-11-27 20:08:53] Controller handshake initiated to /api/folders.
[2025-11-27 20:08:53] Controller handshake initiated to /api/templates.
[2025-11-27 20:17:13] Controller handshake initiated to /api/log.
[2025-11-27 20:17:13] Controller opened data sync.
[2025-11-27 20:17:13] Controller handshake initiated to /api/folders.
[2025-11-27 20:17:13] Controller handshake initiated to /api/templates.
[2025-11-27 20:31:14] Controller handshake initiated to /api/log.
[2025-11-27 20:31:14] Controller opened data sync.
[2025-11-27 20:31:14] Controller handshake initiated to /api/folders.
[2025-11-27 20:31:14] Controller handshake initiated to /api/templates.
[2025-11-27 20:35:19] Controller handshake initiated to /api/log.
[2025-11-27 20:35:19] Controller opened data sync.
[2025-11-27 20:35:19] Controller handshake initiated to /api/templates.
[2025-11-27 20:35:19] Controller handshake initiated to /api/folders.
[2025-11-27 20:36:41] Controller handshake initiated to /api/log.
[2025-11-27 20:36:41] Controller clicked upload (24-200-300/24-220/24-220-251001/24-220-251001.job).
[2025-11-27 20:36:42] Controller handshake initiated to /api/upload-field-data-android.
[2025-11-27 20:37:11] Upload started: 24-200-300/24-220/24-220-251001 - 10 file(s) [ID: 10c6e337-6347-4e15-aca1-c949d9a7a035]
[2025-11-27 20:37:11]   File uploaded: 24-220-251001.job (0.07 MB) [ID: 10c6e337-6347-4e15-aca1-c949d9a7a035]
[2025-11-27 20:37:11]   File uploaded: 24-220-251127.csv (0.00 MB) [ID: 10c6e337-6347-4e15-aca1-c949d9a7a035]
[2025-11-27 20:37:11]   File uploaded: 24-220-Sign-Layout-251001.csv (0.00 MB) [ID: 10c6e337-6347-4e15-aca1-c949d9a7a035]
[2025-11-27 20:37:11]   File uploaded: 24-220-Sign-Layout-251001.dxf (0.44 MB) [ID: 10c6e337-6347-4e15-aca1-c949d9a7a035]
[2025-11-27 20:37:11]   File uploaded: IMG_1.jpg (5.28 MB) [ID: 10c6e337-6347-4e15-aca1-c949d9a7a035]
[2025-11-27 20:37:11]   File uploaded: IMG.jpg (4.93 MB) [ID: 10c6e337-6347-4e15-aca1-c949d9a7a035]
[2025-11-27 20:37:11]   File uploaded: IMG_4.jpg (3.44 MB) [ID: 10c6e337-6347-4e15-aca1-c949d9a7a035]
[2025-11-27 20:37:11]   File uploaded: IMG_2.jpg (4.71 MB) [ID: 10c6e337-6347-4e15-aca1-c949d9a7a035]
[2025-11-27 20:37:11]   File uploaded: IMG_3.jpg (4.30 MB) [ID: 10c6e337-6347-4e15-aca1-c949d9a7a035]
[2025-11-27 20:37:11]   File uploaded: IMG_5.jpg (3.58 MB) [ID: 10c6e337-6347-4e15-aca1-c949d9a7a035]
[2025-11-27 20:37:11] Upload completed: 24-200-300/24-220/24-220-251001 - 10 file(s), 26.78 MB in 0.0s (1015509.8 KB/s) [ID: 10c6e337-6347-4e15-aca1-c949d9a7a035]
[2025-11-27 20:37:11] Controller handshake initiated to /api/folders.
[2025-11-27 20:37:29] Controller handshake initiated to /api/log.
[2025-11-27 20:37:29] Controller clicked upload (24-200-300/24-220/24-220-251001/24-220-251001.job).
[2025-11-27 20:37:29] Controller handshake initiated to /api/upload-field-data-android.
[2025-11-27 20:38:00] Upload started: 24-200-300/24-220/24-220-251001 - 10 file(s) [ID: b229487e-f196-44f7-be32-5c4d034c8088]
[2025-11-27 20:38:00]   File uploaded: 24-220-251001.job (0.07 MB) [ID: b229487e-f196-44f7-be32-5c4d034c8088]
[2025-11-27 20:38:00]   File uploaded: 24-220-251127.csv (0.00 MB) [ID: b229487e-f196-44f7-be32-5c4d034c8088]
[2025-11-27 20:38:00]   File uploaded: 24-220-Sign-Layout-251001.csv (0.00 MB) [ID: b229487e-f196-44f7-be32-5c4d034c8088]
[2025-11-27 20:38:00]   File uploaded: 24-220-Sign-Layout-251001.dxf (0.44 MB) [ID: b229487e-f196-44f7-be32-5c4d034c8088]
[2025-11-27 20:38:00]   File uploaded: IMG_1.jpg (5.28 MB) [ID: b229487e-f196-44f7-be32-5c4d034c8088]
[2025-11-27 20:38:00]   File uploaded: IMG.jpg (4.93 MB) [ID: b229487e-f196-44f7-be32-5c4d034c8088]
[2025-11-27 20:38:00]   File uploaded: IMG_4.jpg (3.44 MB) [ID: b229487e-f196-44f7-be32-5c4d034c8088]
[2025-11-27 20:38:00]   File uploaded: IMG_2.jpg (4.71 MB) [ID: b229487e-f196-44f7-be32-5c4d034c8088]
[2025-11-27 20:38:00]   File uploaded: IMG_3.jpg (4.30 MB) [ID: b229487e-f196-44f7-be32-5c4d034c8088]
[2025-11-27 20:38:00]   File uploaded: IMG_5.jpg (3.58 MB) [ID: b229487e-f196-44f7-be32-5c4d034c8088]
[2025-11-27 20:38:00] Upload completed: 24-200-300/24-220/24-220-251001 - 10 file(s), 26.78 MB in 0.1s (318822.9 KB/s) [ID: b229487e-f196-44f7-be32-5c4d034c8088]
[2025-11-27 20:38:00] Controller handshake initiated to /api/folders.
[2025-11-28 14:09:16] Controller handshake initiated to /api/log.
[2025-11-28 14:09:16] Controller opened data sync.
[2025-11-28 14:09:16] Controller handshake initiated to /api/folders.
[2025-11-28 14:09:16] Controller handshake initiated to /api/templates.
[2025-11-28 14:10:20] Controller handshake initiated to /api/log.
[2025-11-28 14:10:20] Controller clicked upload (24-200-300/24-220/24-220-251001/24-220-251001.job).
[2025-11-28 14:10:21] Controller handshake initiated to /api/upload-field-data-android.
[2025-11-28 14:10:52] Upload started: 24-200-300/24-220/24-220-251001 - 11 file(s) [ID: 661370c1-38ae-4a3a-bfa0-65b957e4b698]
[2025-11-28 14:10:52]   File uploaded: 24-220-251001.job (0.17 MB) [ID: 661370c1-38ae-4a3a-bfa0-65b957e4b698]
[2025-11-28 14:10:52]   File uploaded: 24-220-251127.csv (0.00 MB) [ID: 661370c1-38ae-4a3a-bfa0-65b957e4b698]
[2025-11-28 14:10:52]   File uploaded: 24-220-251128.csv (0.01 MB) [ID: 661370c1-38ae-4a3a-bfa0-65b957e4b698]
[2025-11-28 14:10:52]   File uploaded: 24-220-Sign-Layout-251001.csv (0.00 MB) [ID: 661370c1-38ae-4a3a-bfa0-65b957e4b698]
[2025-11-28 14:10:52]   File uploaded: 24-220-Sign-Layout-251001.dxf (0.44 MB) [ID: 661370c1-38ae-4a3a-bfa0-65b957e4b698]
[2025-11-28 14:10:52]   File uploaded: IMG_1.jpg (5.28 MB) [ID: 661370c1-38ae-4a3a-bfa0-65b957e4b698]
[2025-11-28 14:10:52]   File uploaded: IMG.jpg (4.93 MB) [ID: 661370c1-38ae-4a3a-bfa0-65b957e4b698]
[2025-11-28 14:10:52]   File uploaded: IMG_4.jpg (3.44 MB) [ID: 661370c1-38ae-4a3a-bfa0-65b957e4b698]
[2025-11-28 14:10:52]   File uploaded: IMG_2.jpg (4.71 MB) [ID: 661370c1-38ae-4a3a-bfa0-65b957e4b698]
[2025-11-28 14:10:52]   File uploaded: IMG_3.jpg (4.30 MB) [ID: 661370c1-38ae-4a3a-bfa0-65b957e4b698]
[2025-11-28 14:10:52]   File uploaded: IMG_5.jpg (3.58 MB) [ID: 661370c1-38ae-4a3a-bfa0-65b957e4b698]
[2025-11-28 14:10:52] Upload completed: 24-200-300/24-220/24-220-251001 - 11 file(s), 26.88 MB in 0.1s (417088.9 KB/s) [ID: 661370c1-38ae-4a3a-bfa0-65b957e4b698]
[2025-11-28 14:10:53] Controller handshake initiated to /api/folders.
[2025-11-28 15:25:07] Controller handshake initiated to /api/log.
[2025-11-28 15:25:07] Controller opened data sync.
[2025-11-28 15:25:07] Controller handshake initiated to /api/folders.
[2025-11-28 15:25:07] Controller handshake initiated to /api/templates.
[2025-11-28 15:25:58] Controller handshake initiated to /api/log.
[2025-11-28 15:25:58] Controller clicked upload (24-200-300/24-220/24-220-251001/24-220-251001.job).
[2025-11-28 15:26:00] Controller handshake initiated to /api/upload-field-data-android.
[2025-11-28 15:26:29] Upload started: 24-200-300/24-220/24-220-251001 - 12 file(s) [ID: 801ca292-935c-40c7-9cf8-7296906992e2]
[2025-11-28 15:26:29]   File uploaded: 24-220-251001.job (0.21 MB) [ID: 801ca292-935c-40c7-9cf8-7296906992e2]
[2025-11-28 15:26:29]   File uploaded: 24-220-251127.csv (0.00 MB) [ID: 801ca292-935c-40c7-9cf8-7296906992e2]
[2025-11-28 15:26:29]   File uploaded: 24-220-251128-R1.csv (0.01 MB) [ID: 801ca292-935c-40c7-9cf8-7296906992e2]
[2025-11-28 15:26:29]   File uploaded: 24-220-251128.csv (0.01 MB) [ID: 801ca292-935c-40c7-9cf8-7296906992e2]
[2025-11-28 15:26:29]   File uploaded: 24-220-Sign-Layout-251001.csv (0.00 MB) [ID: 801ca292-935c-40c7-9cf8-7296906992e2]
[2025-11-28 15:26:29]   File uploaded: 24-220-Sign-Layout-251001.dxf (0.44 MB) [ID: 801ca292-935c-40c7-9cf8-7296906992e2]
[2025-11-28 15:26:29]   File uploaded: IMG_1.jpg (5.28 MB) [ID: 801ca292-935c-40c7-9cf8-7296906992e2]
[2025-11-28 15:26:29]   File uploaded: IMG.jpg (4.93 MB) [ID: 801ca292-935c-40c7-9cf8-7296906992e2]
[2025-11-28 15:26:29]   File uploaded: IMG_4.jpg (3.44 MB) [ID: 801ca292-935c-40c7-9cf8-7296906992e2]
[2025-11-28 15:26:29]   File uploaded: IMG_2.jpg (4.71 MB) [ID: 801ca292-935c-40c7-9cf8-7296906992e2]
[2025-11-28 15:26:29]   File uploaded: IMG_3.jpg (4.30 MB) [ID: 801ca292-935c-40c7-9cf8-7296906992e2]
[2025-11-28 15:26:29]   File uploaded: IMG_5.jpg (3.58 MB) [ID: 801ca292-935c-40c7-9cf8-7296906992e2]
[2025-11-28 15:26:29] Upload completed: 24-200-300/24-220/24-220-251001 - 12 file(s), 26.93 MB in 0.1s (411581.2 KB/s) [ID: 801ca292-935c-40c7-9cf8-7296906992e2]
[2025-11-28 15:26:30] Controller handshake initiated to /api/folders.
[2025-11-28 18:35:19] Controller handshake initiated to /api/log.
[2025-11-28 18:35:19] Controller opened data sync.
[2025-11-28 18:35:19] Controller handshake initiated to /api/folders.
[2025-11-28 18:35:19] Controller handshake initiated to /api/templates.
[2025-11-28 18:36:36] Controller handshake initiated to /api/log.
[2025-11-28 18:36:36] Controller clicked upload (24-200-300/24-220/24-220-251001/24-220-251001.job).
[2025-11-28 18:36:37] Controller handshake initiated to /api/upload-field-data-android.
[2025-11-28 18:37:14] Upload started: 24-200-300/24-220/24-220-251001 - 14 file(s) [ID: 1afcf6bf-1d16-4117-817d-9bae3c7e425f]
[2025-11-28 18:37:14]   File uploaded: 24-220-251001.job (0.24 MB) [ID: 1afcf6bf-1d16-4117-817d-9bae3c7e425f]
[2025-11-28 18:37:14]   File uploaded: 24-220-251127.csv (0.00 MB) [ID: 1afcf6bf-1d16-4117-817d-9bae3c7e425f]
[2025-11-28 18:37:14]   File uploaded: 24-220-251128-R2.csv (0.00 MB) [ID: 1afcf6bf-1d16-4117-817d-9bae3c7e425f]
[2025-11-28 18:37:14]   File uploaded: 24-220-251128-R1.csv (0.01 MB) [ID: 1afcf6bf-1d16-4117-817d-9bae3c7e425f]
[2025-11-28 18:37:14]   File uploaded: 24-220-251128.csv (0.01 MB) [ID: 1afcf6bf-1d16-4117-817d-9bae3c7e425f]
[2025-11-28 18:37:14]   File uploaded: 24-220-Sign-Layout-251001.csv (0.00 MB) [ID: 1afcf6bf-1d16-4117-817d-9bae3c7e425f]
[2025-11-28 18:37:14]   File uploaded: 24-220-Sign-Layout-251001.dxf (0.44 MB) [ID: 1afcf6bf-1d16-4117-817d-9bae3c7e425f]
[2025-11-28 18:37:14]   File uploaded: IMG_1.jpg (5.28 MB) [ID: 1afcf6bf-1d16-4117-817d-9bae3c7e425f]
[2025-11-28 18:37:14]   File uploaded: IMG.jpg (4.93 MB) [ID: 1afcf6bf-1d16-4117-817d-9bae3c7e425f]
[2025-11-28 18:37:14]   File uploaded: IMG_4.jpg (3.44 MB) [ID: 1afcf6bf-1d16-4117-817d-9bae3c7e425f]
[2025-11-28 18:37:14]   File uploaded: IMG_2.jpg (4.71 MB) [ID: 1afcf6bf-1d16-4117-817d-9bae3c7e425f]
[2025-11-28 18:37:14]   File uploaded: IMG_3.jpg (4.30 MB) [ID: 1afcf6bf-1d16-4117-817d-9bae3c7e425f]
[2025-11-28 18:37:14]   File uploaded: IMG_6.jpg (6.30 MB) [ID: 1afcf6bf-1d16-4117-817d-9bae3c7e425f]
[2025-11-28 18:37:14]   File uploaded: IMG_5.jpg (3.58 MB) [ID: 1afcf6bf-1d16-4117-817d-9bae3c7e425f]
[2025-11-28 18:37:14] Upload completed: 24-200-300/24-220/24-220-251001 - 14 file(s), 33.26 MB in 0.1s (681122.9 KB/s) [ID: 1afcf6bf-1d16-4117-817d-9bae3c7e425f]
[2025-11-28 18:37:15] Controller handshake initiated to /api/folders.
[2025-11-28 20:01:07] Controller handshake initiated to /api/log.
[2025-11-28 20:01:07] Controller opened data sync.
[2025-11-28 20:01:07] Controller handshake initiated to /api/folders.
[2025-11-28 20:01:07] Controller handshake initiated to /api/templates.
[2025-11-28 20:02:44] Controller handshake initiated to /api/log.
[2025-11-28 20:02:44] Controller clicked upload (24-200-300/24-220/24-220-251001/24-220-251001.job).
[2025-11-28 20:02:44] Controller handshake initiated to /api/upload-field-data-android.
[2025-11-28 20:03:21] Upload started: 24-200-300/24-220/24-220-251001 - 14 file(s) [ID: 314f83a5-bc89-4b1e-9fb6-0877bfe9c7fb]
[2025-11-28 20:03:21]   File uploaded: 24-220-251001.job (0.26 MB) [ID: 314f83a5-bc89-4b1e-9fb6-0877bfe9c7fb]
[2025-11-28 20:03:21]   File uploaded: 24-220-251127.csv (0.00 MB) [ID: 314f83a5-bc89-4b1e-9fb6-0877bfe9c7fb]
[2025-11-28 20:03:21]   File uploaded: 24-220-251128-R2.csv (0.00 MB) [ID: 314f83a5-bc89-4b1e-9fb6-0877bfe9c7fb]
[2025-11-28 20:03:21]   File uploaded: 24-220-251128-R1.csv (0.01 MB) [ID: 314f83a5-bc89-4b1e-9fb6-0877bfe9c7fb]
[2025-11-28 20:03:21]   File uploaded: 24-220-251128.csv (0.01 MB) [ID: 314f83a5-bc89-4b1e-9fb6-0877bfe9c7fb]
[2025-11-28 20:03:21]   File uploaded: 24-220-Sign-Layout-251001.csv (0.00 MB) [ID: 314f83a5-bc89-4b1e-9fb6-0877bfe9c7fb]
[2025-11-28 20:03:21]   File uploaded: 24-220-Sign-Layout-251001.dxf (0.44 MB) [ID: 314f83a5-bc89-4b1e-9fb6-0877bfe9c7fb]
[2025-11-28 20:03:21]   File uploaded: IMG_1.jpg (5.28 MB) [ID: 314f83a5-bc89-4b1e-9fb6-0877bfe9c7fb]
[2025-11-28 20:03:21]   File uploaded: IMG.jpg (4.93 MB) [ID: 314f83a5-bc89-4b1e-9fb6-0877bfe9c7fb]
[2025-11-28 20:03:21]   File uploaded: IMG_4.jpg (3.44 MB) [ID: 314f83a5-bc89-4b1e-9fb6-0877bfe9c7fb]
[2025-11-28 20:03:21]   File uploaded: IMG_2.jpg (4.71 MB) [ID: 314f83a5-bc89-4b1e-9fb6-0877bfe9c7fb]
[2025-11-28 20:03:21]   File uploaded: IMG_3.jpg (4.30 MB) [ID: 314f83a5-bc89-4b1e-9fb6-0877bfe9c7fb]
[2025-11-28 20:03:21]   File uploaded: IMG_6.jpg (6.30 MB) [ID: 314f83a5-bc89-4b1e-9fb6-0877bfe9c7fb]
[2025-11-28 20:03:21]   File uploaded: IMG_5.jpg (3.58 MB) [ID: 314f83a5-bc89-4b1e-9fb6-0877bfe9c7fb]
[2025-11-28 20:03:21] Upload completed: 24-200-300/24-220/24-220-251001 - 14 file(s), 33.28 MB in 0.1s (524269.6 KB/s) [ID: 314f83a5-bc89-4b1e-9fb6-0877bfe9c7fb]
[2025-11-28 20:03:21] Controller handshake initiated to /api/folders.
[2025-12-01 14:35:59] Controller handshake initiated to /api/log.
[2025-12-01 14:35:59] Controller opened data sync.
[2025-12-01 14:35:59] Controller handshake initiated to /api/folders.
[2025-12-01 14:35:59] Controller handshake initiated to /api/templates.
[2025-12-01 14:39:24] Folder created: 25-200-250/25-238
[2025-12-01 14:39:49] Job created: 25-200-250/25-238/25-238-251201
[2025-12-01 14:39:50] Upload started: 25-200-250/25-238/25-238-251201 - 2 file(s) [ID: debf7183-22ce-4374-b14f-25ea13d00057]
[2025-12-01 14:39:50]   File uploaded: 25-238-Layout-251201.csv (0.00 MB) [ID: debf7183-22ce-4374-b14f-25ea13d00057]
[2025-12-01 14:39:50]   File uploaded: 25-238-Layout-251201.dxf (0.31 MB) [ID: debf7183-22ce-4374-b14f-25ea13d00057]
[2025-12-01 14:39:50] Upload completed: 25-200-250/25-238/25-238-251201 - 2 file(s), 0.32 MB in 0.0s (322625.0 KB/s) [ID: debf7183-22ce-4374-b14f-25ea13d00057]
[2025-12-01 14:40:41] Controller handshake initiated to /api/log.
[2025-12-01 14:40:41] Controller opened data sync.
[2025-12-01 14:40:41] Controller handshake initiated to /api/folders.
[2025-12-01 14:40:41] Controller handshake initiated to /api/templates.
[2025-12-01 14:41:49] Controller handshake initiated to /api/log.
[2025-12-01 14:41:49] Controller clicked download (25-200-250/25-238/25-238-251201).
[2025-12-01 14:41:50] Controller handshake initiated to /api/download-job/25-200-250/25-238/25-238-251201.
[2025-12-01 14:41:50] Controller handshake initiated to /api/download-file/25-200-250/25-238/25-238-251201/25-238-251201.job.
[2025-12-01 14:41:50] Controller handshake initiated to /api/download-file/25-200-250/25-238/25-238-251201/25-238-251201.jxl.
[2025-12-01 14:41:50] Controller handshake initiated to /api/download-file/25-200-250/25-238/25-238-251201/25-238-Layout-251201.csv.
[2025-12-01 14:41:50] Controller handshake initiated to /api/download-file/25-200-250/25-238/25-238-251201/25-238-Layout-251201.dxf.
[2025-12-01 14:41:51] Controller handshake initiated to /api/download-file/25-200-250/25-238/25-238-251201/Control%20-%20Avalon%20-%20251201.csv.
[2025-12-01 14:41:52] Controller handshake initiated to /api/download-file/25-200-250/25-238/25-238-251201/job_info.json.
[2025-12-01 19:25:08] Controller handshake initiated to /api/log.
[2025-12-01 19:25:08] Controller opened data sync.
[2025-12-01 19:25:08] Controller handshake initiated to /api/folders.
[2025-12-01 19:25:08] Controller handshake initiated to /api/templates.
[2025-12-01 19:26:04] Controller handshake initiated to /api/log.
[2025-12-01 19:26:04] Controller clicked upload (25-200-250/25-238/25-238-251201/25-238-251201.job).
[2025-12-01 19:26:05] Controller handshake initiated to /api/upload-field-data-android.
[2025-12-01 19:26:44] Upload started: 25-200-250/25-238/25-238-251201 - 12 file(s) [ID: 107232ec-943c-45cb-ba76-07becef6be69]
[2025-12-01 19:26:44]   File uploaded: 25-238-251201.job (0.10 MB) [ID: 107232ec-943c-45cb-ba76-07becef6be69]
[2025-12-01 19:26:44]   File uploaded: 25-238-251201.dxf (0.05 MB) [ID: 107232ec-943c-45cb-ba76-07becef6be69]
[2025-12-01 19:26:44]   File uploaded: 25-238-251201.csv (0.01 MB) [ID: 107232ec-943c-45cb-ba76-07becef6be69]
[2025-12-01 19:26:44]   File uploaded: 25-238-Layout-251201.dxf (0.31 MB) [ID: 107232ec-943c-45cb-ba76-07becef6be69]
[2025-12-01 19:26:44]   File uploaded: 25-238-Layout-251201.csv (0.00 MB) [ID: 107232ec-943c-45cb-ba76-07becef6be69]
[2025-12-01 19:26:44]   File uploaded: IMG_5.jpg (5.33 MB) [ID: 107232ec-943c-45cb-ba76-07becef6be69]
[2025-12-01 19:26:44]   File uploaded: IMG.jpg (5.51 MB) [ID: 107232ec-943c-45cb-ba76-07becef6be69]
[2025-12-01 19:26:44]   File uploaded: IMG_6.jpg (5.18 MB) [ID: 107232ec-943c-45cb-ba76-07becef6be69]
[2025-12-01 19:26:44]   File uploaded: IMG_2.jpg (4.62 MB) [ID: 107232ec-943c-45cb-ba76-07becef6be69]
[2025-12-01 19:26:44]   File uploaded: IMG_1.jpg (4.63 MB) [ID: 107232ec-943c-45cb-ba76-07becef6be69]
[2025-12-01 19:26:44]   File uploaded: IMG_3.jpg (5.57 MB) [ID: 107232ec-943c-45cb-ba76-07becef6be69]
[2025-12-01 19:26:44]   File uploaded: IMG_4.jpg (5.42 MB) [ID: 107232ec-943c-45cb-ba76-07becef6be69]
[2025-12-01 19:26:44] Upload completed: 25-200-250/25-238/25-238-251201 - 12 file(s), 36.73 MB in 0.0s (874652.3 KB/s) [ID: 107232ec-943c-45cb-ba76-07becef6be69]
[2025-12-01 19:26:45] Controller handshake initiated to /api/folders.
[2025-12-02 12:32:45] Controller handshake initiated to /api/templates.
[2025-12-02 12:32:45] Controller handshake initiated to /api/log.
[2025-12-02 12:32:45] Controller opened data sync.
[2025-12-02 12:32:45] Controller handshake initiated to /api/folders.
[2025-12-02 12:49:31] Controller handshake initiated to /api/log.
[2025-12-02 12:49:31] Controller opened data sync.
[2025-12-02 12:49:31] Controller handshake initiated to /api/folders.
[2025-12-02 12:49:31] Controller handshake initiated to /api/templates.
[2025-12-02 12:50:47] Controller handshake initiated to /api/log.
[2025-12-02 12:50:47] Controller clicked download (25-000-050/25-008/25-008-251124).
[2025-12-02 12:50:47] Controller handshake initiated to /api/download-job/25-000-050/25-008/25-008-251124.
[2025-12-02 12:50:48] Controller handshake initiated to /api/download-file/25-000-050/25-008/25-008-251124/25-008-251124.job.
[2025-12-02 12:50:48] Controller handshake initiated to /api/download-file/25-000-050/25-008/25-008-251124/25-008-251124.jxl.
[2025-12-02 12:50:48] Controller handshake initiated to /api/download-file/25-000-050/25-008/25-008-251124/25-008-Layout-251124.dxf.
[2025-12-02 12:50:49] Controller handshake initiated to /api/download-file/25-000-050/25-008/25-008-251124/Control%20-%20Avalon%20-%20251124.csv.
[2025-12-02 12:50:49] Controller handshake initiated to /api/download-file/25-000-050/25-008/25-008-251124/job_info.json.
[2025-12-02 12:54:03] Controller handshake initiated to /api/log.
[2025-12-02 12:54:03] Controller opened data sync.
[2025-12-02 12:54:03] Controller handshake initiated to /api/folders.
[2025-12-02 12:54:03] Controller handshake initiated to /api/templates.
[2025-12-02 12:55:29] Controller handshake initiated to /api/log.
[2025-12-02 12:55:29] Controller clicked download (25-000-050/25-008/25-008-251124/25-228-Layout-251202.csv).
[2025-12-02 12:55:29] Controller handshake initiated to /api/download-file/25-000-050/25-008/25-008-251124/25-228-Layout-251202.csv.
[2025-12-02 12:55:41] Controller handshake initiated to /api/log.
[2025-12-02 12:55:41] Controller opened data sync.
[2025-12-02 12:55:41] Controller handshake initiated to /api/folders.
[2025-12-02 12:55:41] Controller handshake initiated to /api/templates.
[2025-12-02 12:56:36] Controller handshake initiated to /api/log.
[2025-12-02 12:56:36] Controller clicked download (25-000-050/25-008/25-008-251124/25-228-Layout-251202.dxf).
[2025-12-02 12:56:36] Controller handshake initiated to /api/download-file/25-000-050/25-008/25-008-251124/25-228-Layout-251202.dxf.
[2025-12-02 13:26:29] Controller handshake initiated to /api/log.
[2025-12-02 13:26:29] Controller opened data sync.
[2025-12-02 13:26:29] Controller handshake initiated to /api/templates.
[2025-12-02 13:26:29] Controller handshake initiated to /api/folders.
[2025-12-02 13:27:50] Controller handshake initiated to /api/log.
[2025-12-02 13:27:50] Controller clicked upload (25-200-250/25-238/25-238-251201/25-238-251201.job).
[2025-12-02 13:27:51] Controller handshake initiated to /api/upload-field-data-android.
[2025-12-02 13:28:34] Upload started: 25-200-250/25-238/25-238-251201 - 14 file(s) [ID: 23e6d362-0014-4dd9-ab3d-dc40cf2c9d25]
[2025-12-02 13:28:34]   File uploaded: 25-238-251201.job (0.11 MB) [ID: 23e6d362-0014-4dd9-ab3d-dc40cf2c9d25]
[2025-12-02 13:28:34]   File uploaded: 25-238-251201.dxf (0.05 MB) [ID: 23e6d362-0014-4dd9-ab3d-dc40cf2c9d25]
[2025-12-02 13:28:34]   File uploaded: 25-238-251202.dxf (0.05 MB) [ID: 23e6d362-0014-4dd9-ab3d-dc40cf2c9d25]
[2025-12-02 13:28:34]   File uploaded: 25-238-251201.csv (0.01 MB) [ID: 23e6d362-0014-4dd9-ab3d-dc40cf2c9d25]
[2025-12-02 13:28:34]   File uploaded: 25-238-251202.csv (0.01 MB) [ID: 23e6d362-0014-4dd9-ab3d-dc40cf2c9d25]
[2025-12-02 13:28:34]   File uploaded: 25-238-Layout-251201.dxf (0.31 MB) [ID: 23e6d362-0014-4dd9-ab3d-dc40cf2c9d25]
[2025-12-02 13:28:34]   File uploaded: 25-238-Layout-251201.csv (0.00 MB) [ID: 23e6d362-0014-4dd9-ab3d-dc40cf2c9d25]
[2025-12-02 13:28:34]   File uploaded: IMG_5.jpg (5.33 MB) [ID: 23e6d362-0014-4dd9-ab3d-dc40cf2c9d25]
[2025-12-02 13:28:34]   File uploaded: IMG.jpg (5.51 MB) [ID: 23e6d362-0014-4dd9-ab3d-dc40cf2c9d25]
[2025-12-02 13:28:34]   File uploaded: IMG_6.jpg (5.18 MB) [ID: 23e6d362-0014-4dd9-ab3d-dc40cf2c9d25]
[2025-12-02 13:28:34]   File uploaded: IMG_2.jpg (4.62 MB) [ID: 23e6d362-0014-4dd9-ab3d-dc40cf2c9d25]
[2025-12-02 13:28:34]   File uploaded: IMG_1.jpg (4.63 MB) [ID: 23e6d362-0014-4dd9-ab3d-dc40cf2c9d25]
[2025-12-02 13:28:34]   File uploaded: IMG_3.jpg (5.57 MB) [ID: 23e6d362-0014-4dd9-ab3d-dc40cf2c9d25]
[2025-12-02 13:28:34]   File uploaded: IMG_4.jpg (5.42 MB) [ID: 23e6d362-0014-4dd9-ab3d-dc40cf2c9d25]
[2025-12-02 13:28:34] Upload completed: 25-200-250/25-238/25-238-251201 - 14 file(s), 36.80 MB in 0.1s (471054.2 KB/s) [ID: 23e6d362-0014-4dd9-ab3d-dc40cf2c9d25]
[2025-12-02 13:28:34] Controller handshake initiated to /api/folders.
[2025-12-02 13:49:01] Controller handshake initiated to /api/log.
[2025-12-02 13:49:01] Controller opened data sync.
[2025-12-02 13:49:01] Controller handshake initiated to /api/templates.
[2025-12-02 13:49:01] Controller handshake initiated to /api/folders.
[2025-12-02 13:49:59] Controller handshake initiated to /api/log.
[2025-12-02 13:49:59] Controller clicked download (25-000-050/25-008/25-008-251124/25-228-Layout-251202.csv).
[2025-12-02 13:49:59] Controller handshake initiated to /api/download-file/25-000-050/25-008/25-008-251124/25-228-Layout-251202.csv.
[2025-12-02 17:15:22] Controller handshake initiated to /api/log.
[2025-12-02 17:15:22] Controller opened data sync.
[2025-12-02 17:15:22] Controller handshake initiated to /api/templates.
[2025-12-02 17:15:22] Controller handshake initiated to /api/folders.
[2025-12-02 17:16:55] Controller handshake initiated to /api/log.
[2025-12-02 17:16:55] Controller clicked upload (25-000-050/25-008/25-008-251124/25-008-251124.job).
[2025-12-02 17:16:55] Controller handshake initiated to /api/upload-field-data-android.
[2025-12-02 17:17:29] Upload started: 25-000-050/25-008/25-008-251124 - 12 file(s) [ID: 43955d4b-e61b-4c90-a8ec-d025a2ebc420]
[2025-12-02 17:17:29]   File uploaded: 25-008-251124.job (0.18 MB) [ID: 43955d4b-e61b-4c90-a8ec-d025a2ebc420]
[2025-12-02 17:17:29]   File uploaded: 25-008-251202.csv (0.01 MB) [ID: 43955d4b-e61b-4c90-a8ec-d025a2ebc420]
[2025-12-02 17:17:29]   File uploaded: 25-008-251202.dxf (0.05 MB) [ID: 43955d4b-e61b-4c90-a8ec-d025a2ebc420]
[2025-12-02 17:17:29]   File uploaded: 25-008-Layout-251124.dxf (0.31 MB) [ID: 43955d4b-e61b-4c90-a8ec-d025a2ebc420]
[2025-12-02 17:17:29]   File uploaded: 25-228-Layout-251202.csv (0.00 MB) [ID: 43955d4b-e61b-4c90-a8ec-d025a2ebc420]
[2025-12-02 17:17:29]   File uploaded: 25-228-Layout-251202.dxf (0.31 MB) [ID: 43955d4b-e61b-4c90-a8ec-d025a2ebc420]
[2025-12-02 17:17:29]   File uploaded: IMG_3.jpg (4.93 MB) [ID: 43955d4b-e61b-4c90-a8ec-d025a2ebc420]
[2025-12-02 17:17:29]   File uploaded: IMG_1.jpg (4.94 MB) [ID: 43955d4b-e61b-4c90-a8ec-d025a2ebc420]
[2025-12-02 17:17:29]   File uploaded: IMG.jpg (5.82 MB) [ID: 43955d4b-e61b-4c90-a8ec-d025a2ebc420]
[2025-12-02 17:17:29]   File uploaded: IMG_2.jpg (4.93 MB) [ID: 43955d4b-e61b-4c90-a8ec-d025a2ebc420]
[2025-12-02 17:17:29]   File uploaded: IMG_4.jpg (4.70 MB) [ID: 43955d4b-e61b-4c90-a8ec-d025a2ebc420]
[2025-12-02 17:17:29]   File uploaded: IMG_5.jpg (5.17 MB) [ID: 43955d4b-e61b-4c90-a8ec-d025a2ebc420]
[2025-12-02 17:17:29] Upload completed: 25-000-050/25-008/25-008-251124 - 12 file(s), 31.36 MB in 0.0s (764541.2 KB/s) [ID: 43955d4b-e61b-4c90-a8ec-d025a2ebc420]
[2025-12-02 17:17:29] Controller handshake initiated to /api/folders.
[2025-12-02 18:05:21] Controller handshake initiated to /api/log.
[2025-12-02 18:05:21] Controller opened data sync.
[2025-12-02 18:05:21] Controller handshake initiated to /api/templates.
[2025-12-02 18:05:21] Controller handshake initiated to /api/folders.
[2025-12-02 18:06:56] Controller handshake initiated to /api/log.
[2025-12-02 18:06:56] Controller clicked download (25-000-050/25-008/25-008-251124/25-008-Pins-251202.csv).
[2025-12-02 18:06:56] Controller handshake initiated to /api/download-file/25-000-050/25-008/25-008-251124/25-008-Pins-251202.csv.
[2025-12-02 18:22:47] Controller handshake initiated to /api/folders.
[2025-12-02 18:22:47] Controller handshake initiated to /api/log.
[2025-12-02 18:22:47] Controller opened data sync.
[2025-12-02 18:22:47] Controller handshake initiated to /api/templates.
[2025-12-02 18:23:42] Controller handshake initiated to /api/log.
[2025-12-02 18:23:42] Controller clicked download (25-200-250/25-238/25-238-251201/25-238-Layout-251202-R1.csv).
[2025-12-02 18:23:43] Controller handshake initiated to /api/download-file/25-200-250/25-238/25-238-251201/25-238-Layout-251202-R1.csv.
[2025-12-02 18:23:55] Controller handshake initiated to /api/folders.
[2025-12-02 18:23:55] Controller handshake initiated to /api/log.
[2025-12-02 18:23:55] Controller opened data sync.
[2025-12-02 18:23:55] Controller handshake initiated to /api/templates.
[2025-12-02 18:24:53] Controller handshake initiated to /api/log.
[2025-12-02 18:24:53] Controller clicked download (25-200-250/25-238/25-238-251201/25-238-Layout-251202-R1.dxf).
[2025-12-02 18:24:54] Controller handshake initiated to /api/download-file/25-200-250/25-238/25-238-251201/25-238-Layout-251202-R1.dxf.
[2025-12-02 19:45:36] Controller handshake initiated to /api/log.
[2025-12-02 19:45:36] Controller opened data sync.
[2025-12-02 19:45:36] Controller handshake initiated to /api/folders.
[2025-12-02 19:45:36] Controller handshake initiated to /api/templates.
[2025-12-02 19:46:55] Controller handshake initiated to /api/log.
[2025-12-02 19:46:55] Controller clicked upload (25-200-250/25-238/25-238-251201/25-238-251201.job).
[2025-12-02 19:46:55] Controller handshake initiated to /api/upload-field-data-android.
[2025-12-02 19:47:37] Upload started: 25-200-250/25-238/25-238-251201 - 18 file(s) [ID: ec35f9d2-74ae-4643-b56d-0ed8ae7a2eb5]
[2025-12-02 19:47:37]   File uploaded: 25-238-251201.job (0.13 MB) [ID: ec35f9d2-74ae-4643-b56d-0ed8ae7a2eb5]
[2025-12-02 19:47:37]   File uploaded: 25-238-251202-R1.dxf (0.05 MB) [ID: ec35f9d2-74ae-4643-b56d-0ed8ae7a2eb5]
[2025-12-02 19:47:37]   File uploaded: 25-238-251202-R1.csv (0.01 MB) [ID: ec35f9d2-74ae-4643-b56d-0ed8ae7a2eb5]
[2025-12-02 19:47:37]   File uploaded: 25-238-251201.dxf (0.05 MB) [ID: ec35f9d2-74ae-4643-b56d-0ed8ae7a2eb5]
[2025-12-02 19:47:37]   File uploaded: 25-238-251202.dxf (0.05 MB) [ID: ec35f9d2-74ae-4643-b56d-0ed8ae7a2eb5]
[2025-12-02 19:47:37]   File uploaded: 25-238-251201.csv (0.01 MB) [ID: ec35f9d2-74ae-4643-b56d-0ed8ae7a2eb5]
[2025-12-02 19:47:37]   File uploaded: 25-238-251202.csv (0.01 MB) [ID: ec35f9d2-74ae-4643-b56d-0ed8ae7a2eb5]
[2025-12-02 19:47:37]   File uploaded: 25-238-Layout-251202-R1.csv (0.00 MB) [ID: ec35f9d2-74ae-4643-b56d-0ed8ae7a2eb5]
[2025-12-02 19:47:37]   File uploaded: 25-238-Layout-251201.dxf (0.31 MB) [ID: ec35f9d2-74ae-4643-b56d-0ed8ae7a2eb5]
[2025-12-02 19:47:37]   File uploaded: 25-238-Layout-251201.csv (0.00 MB) [ID: ec35f9d2-74ae-4643-b56d-0ed8ae7a2eb5]
[2025-12-02 19:47:37]   File uploaded: 25-238-Layout-251202-R1.dxf (0.32 MB) [ID: ec35f9d2-74ae-4643-b56d-0ed8ae7a2eb5]
[2025-12-02 19:47:37]   File uploaded: IMG_5.jpg (5.33 MB) [ID: ec35f9d2-74ae-4643-b56d-0ed8ae7a2eb5]
[2025-12-02 19:47:37]   File uploaded: IMG.jpg (5.51 MB) [ID: ec35f9d2-74ae-4643-b56d-0ed8ae7a2eb5]
[2025-12-02 19:47:37]   File uploaded: IMG_6.jpg (5.18 MB) [ID: ec35f9d2-74ae-4643-b56d-0ed8ae7a2eb5]
[2025-12-02 19:47:37]   File uploaded: IMG_2.jpg (4.62 MB) [ID: ec35f9d2-74ae-4643-b56d-0ed8ae7a2eb5]
[2025-12-02 19:47:37]   File uploaded: IMG_1.jpg (4.63 MB) [ID: ec35f9d2-74ae-4643-b56d-0ed8ae7a2eb5]
[2025-12-02 19:47:37]   File uploaded: IMG_3.jpg (5.57 MB) [ID: ec35f9d2-74ae-4643-b56d-0ed8ae7a2eb5]
[2025-12-02 19:47:37]   File uploaded: IMG_4.jpg (5.42 MB) [ID: ec35f9d2-74ae-4643-b56d-0ed8ae7a2eb5]
[2025-12-02 19:47:37] Upload completed: 25-200-250/25-238/25-238-251201 - 18 file(s), 37.20 MB in 0.1s (482204.0 KB/s) [ID: ec35f9d2-74ae-4643-b56d-0ed8ae7a2eb5]
[2025-12-02 19:47:37] Controller handshake initiated to /api/folders.
[2025-12-03 18:57:56] Controller handshake initiated to /api/log.
[2025-12-03 18:57:56] Controller opened data sync.
[2025-12-03 18:57:56] Controller handshake initiated to /api/templates.
[2025-12-03 18:57:56] Controller handshake initiated to /api/folders.
[2025-12-03 19:00:11] Controller handshake initiated to /api/log.
[2025-12-03 19:00:11] Controller clicked upload (24-200-300/24-220/24-220-251001/24-220-251001.job).
[2025-12-03 19:00:12] Controller handshake initiated to /api/upload-field-data-android.
[2025-12-03 19:00:22] Upload started: 24-200-300/24-220/24-220-251001 - 15 file(s) [ID: d2f3d347-b9a0-460d-b097-1270610a923e]
[2025-12-03 19:00:22]   File uploaded: 24-220-251001.job (0.26 MB) [ID: d2f3d347-b9a0-460d-b097-1270610a923e]
[2025-12-03 19:00:22]   File uploaded: 24-220-251127.csv (0.00 MB) [ID: d2f3d347-b9a0-460d-b097-1270610a923e]
[2025-12-03 19:00:22]   File uploaded: 24-220-251128-R2.csv (0.00 MB) [ID: d2f3d347-b9a0-460d-b097-1270610a923e]
[2025-12-03 19:00:22]   File uploaded: 24-220-251128.jxl (1.94 MB) [ID: d2f3d347-b9a0-460d-b097-1270610a923e]
[2025-12-03 19:00:22]   File uploaded: 24-220-251128-R1.csv (0.01 MB) [ID: d2f3d347-b9a0-460d-b097-1270610a923e]
[2025-12-03 19:00:22]   File uploaded: 24-220-251128.csv (0.01 MB) [ID: d2f3d347-b9a0-460d-b097-1270610a923e]
[2025-12-03 19:00:22]   File uploaded: 24-220-Sign-Layout-251001.csv (0.00 MB) [ID: d2f3d347-b9a0-460d-b097-1270610a923e]
[2025-12-03 19:00:22]   File uploaded: 24-220-Sign-Layout-251001.dxf (0.44 MB) [ID: d2f3d347-b9a0-460d-b097-1270610a923e]
[2025-12-03 19:00:22]   File uploaded: IMG_1.jpg (5.28 MB) [ID: d2f3d347-b9a0-460d-b097-1270610a923e]
[2025-12-03 19:00:22]   File uploaded: IMG.jpg (4.93 MB) [ID: d2f3d347-b9a0-460d-b097-1270610a923e]
[2025-12-03 19:00:22]   File uploaded: IMG_4.jpg (3.44 MB) [ID: d2f3d347-b9a0-460d-b097-1270610a923e]
[2025-12-03 19:00:22]   File uploaded: IMG_2.jpg (4.71 MB) [ID: d2f3d347-b9a0-460d-b097-1270610a923e]
[2025-12-03 19:00:22]   File uploaded: IMG_3.jpg (4.30 MB) [ID: d2f3d347-b9a0-460d-b097-1270610a923e]
[2025-12-03 19:00:22]   File uploaded: IMG_6.jpg (6.30 MB) [ID: d2f3d347-b9a0-460d-b097-1270610a923e]
[2025-12-03 19:00:22]   File uploaded: IMG_5.jpg (3.58 MB) [ID: d2f3d347-b9a0-460d-b097-1270610a923e]
[2025-12-03 19:00:22] Upload completed: 24-200-300/24-220/24-220-251001 - 15 file(s), 35.22 MB in 0.1s (474480.3 KB/s) [ID: d2f3d347-b9a0-460d-b097-1270610a923e]
[2025-12-03 19:00:23] Controller handshake initiated to /api/folders.
[2025-12-04 13:01:10] Job created: 24-200-300/24-220/24-220-251204
[2025-12-04 13:01:39] Job created: 24-200-300/24-220/24-220-251204
[2025-12-04 13:05:01] Controller handshake initiated to /api/log.
[2025-12-04 13:05:01] Controller opened data sync.
[2025-12-04 13:05:01] Controller handshake initiated to /api/folders.
[2025-12-04 13:05:01] Controller handshake initiated to /api/templates.
[2025-12-04 13:06:00] Controller handshake initiated to /api/log.
[2025-12-04 13:06:00] Controller clicked download (24-200-300/24-220/24-220-251204).
[2025-12-04 13:06:00] Controller handshake initiated to /api/download-job/24-200-300/24-220/24-220-251204.
[2025-12-04 13:06:00] Controller handshake initiated to /api/download-file/24-200-300/24-220/24-220-251204/24-220-251204.jxl.
[2025-12-04 13:06:00] Controller handshake initiated to /api/download-file/24-200-300/24-220/24-220-251204/24-220-Above_Ground_TIN_12-46-58.xml.
[2025-12-04 13:07:14] Controller handshake initiated to /api/log.
[2025-12-04 13:07:14] Controller clicked download (24-200-300/24-220/24-220-251204).
[2025-12-04 13:08:20] Controller handshake initiated to /api/download-job/24-200-300/24-220/24-220-251204.
[2025-12-04 13:08:20] Controller handshake initiated to /api/download-file/24-200-300/24-220/24-220-251204/24-220-251204.jxl.
[2025-12-04 13:08:20] Controller handshake initiated to /api/download-file/24-200-300/24-220/24-220-251204/24-220-Above_Ground_TIN_12-46-58.xml.
[2025-12-04 13:09:37] Job created: 24-200-300/24-220/24-220-251204
[2025-12-04 13:18:34] Controller handshake initiated to /api/log.
[2025-12-04 13:18:34] Controller opened data sync.
[2025-12-04 13:18:34] Controller handshake initiated to /api/folders.
[2025-12-04 13:18:34] Controller handshake initiated to /api/templates.
[2025-12-04 13:19:31] Controller handshake initiated to /api/log.
[2025-12-04 13:19:31] Controller clicked download (24-200-300/24-220/24-220-251204).
[2025-12-04 13:19:31] Controller handshake initiated to /api/download-job/24-200-300/24-220/24-220-251204.
[2025-12-04 13:19:31] Controller handshake initiated to /api/download-file/24-200-300/24-220/24-220-251204/24-220-251204.job.
[2025-12-04 13:19:31] Controller handshake initiated to /api/download-file/24-200-300/24-220/24-220-251204/24-220-251204.jxl.
[2025-12-04 13:19:31] Controller handshake initiated to /api/download-file/24-200-300/24-220/24-220-251204/Control%20-%20Avalon%20-%20251204.csv.
[2025-12-04 13:19:31] Controller handshake initiated to /api/download-file/24-200-300/24-220/24-220-251204/job_info.json.
[2025-12-04 15:37:59] Controller handshake initiated to /api/log.
[2025-12-04 15:37:59] Controller opened data sync.
[2025-12-04 15:37:59] Controller handshake initiated to /api/folders.
[2025-12-04 15:37:59] Controller handshake initiated to /api/templates.
[2025-12-04 15:39:08] Controller handshake initiated to /api/log.
[2025-12-04 15:39:08] Controller clicked upload (24-200-300/24-220/24-220-251204/24-220-251204.job).
[2025-12-04 15:39:09] Controller handshake initiated to /api/upload-field-data-android.
[2025-12-04 15:39:09] Upload started: 24-200-300/24-220/24-220-251204 - 3 file(s) [ID: 62971f84-d7e3-4b34-ba74-6d6f530c9912]
[2025-12-04 15:39:09]   File uploaded: 24-220-251204.job (0.03 MB) [ID: 62971f84-d7e3-4b34-ba74-6d6f530c9912]
[2025-12-04 15:39:09]   File uploaded: 24-220-251204.csv (0.00 MB) [ID: 62971f84-d7e3-4b34-ba74-6d6f530c9912]
[2025-12-04 15:39:09]   File uploaded: 24-220-251204.dxf (0.03 MB) [ID: 62971f84-d7e3-4b34-ba74-6d6f530c9912]
[2025-12-04 15:39:09] Upload completed: 24-200-300/24-220/24-220-251204 - 3 file(s), 0.06 MB in 0.1s (748.4 KB/s) [ID: 62971f84-d7e3-4b34-ba74-6d6f530c9912]
[2025-12-04 15:39:09] Controller handshake initiated to /api/folders.
[2025-12-04 17:46:27] Controller handshake initiated to /api/log.
[2025-12-04 17:46:27] Controller opened data sync.
[2025-12-04 17:46:27] Controller handshake initiated to /api/folders.
[2025-12-04 17:46:27] Controller handshake initiated to /api/templates.
[2025-12-04 17:48:40] Controller handshake initiated to /api/log.
[2025-12-04 17:48:40] Controller clicked download (25-150-200/25-187/25-187-251119).
[2025-12-04 17:48:40] Controller handshake initiated to /api/download-job/25-150-200/25-187/25-187-251119.
[2025-12-04 17:48:40] Controller handshake initiated to /api/download-file/25-150-200/25-187/25-187-251119/25-187-251119.jxl.
[2025-12-04 17:48:41] Controller handshake initiated to /api/download-file/25-150-200/25-187/25-187-251119/25-187-House-Pinning-251119.csv.
[2025-12-04 17:48:41] Controller handshake initiated to /api/download-file/25-150-200/25-187/25-187-251119/25-187-House-Pinning-251119.dxf.
[2025-12-04 17:48:41] Controller handshake initiated to /api/download-file/25-150-200/25-187/25-187-251119/Control%20-%20Avalon%20-%20251119.csv.
[2025-12-04 17:48:41] Controller handshake initiated to /api/download-file/25-150-200/25-187/25-187-251119/Field_Data/112025-1256PM/25-187-251119.csv.
[2025-12-04 17:48:42] Controller handshake initiated to /api/download-file/25-150-200/25-187/25-187-251119/Field_Data/112025-1256PM/25-187-251119.job.
[2025-12-04 17:48:42] Controller handshake initiated to /api/download-file/25-150-200/25-187/25-187-251119/job_info.json.
[2025-12-04 18:16:20] Controller handshake initiated to /api/log.
[2025-12-04 18:16:20] Controller opened data sync.
[2025-12-04 18:16:20] Controller handshake initiated to /api/templates.
[2025-12-04 18:16:20] Controller handshake initiated to /api/folders.
[2025-12-04 18:17:39] Controller handshake initiated to /api/log.
[2025-12-04 18:17:39] Controller clicked upload (24-200-300/24-220/24-220-251204/24-220-251204.job).
[2025-12-04 18:17:39] Controller handshake initiated to /api/upload-field-data-android.
[2025-12-04 18:17:40] Upload started: 24-200-300/24-220/24-220-251204 - 4 file(s) [ID: 8d20f41e-a06e-49a5-93bc-8bf4b8fa001f]
[2025-12-04 18:17:40]   File uploaded: 24-220-251204.job (0.07 MB) [ID: 8d20f41e-a06e-49a5-93bc-8bf4b8fa001f]
[2025-12-04 18:17:40]   File uploaded: 24-220-251204-R1.csv (0.00 MB) [ID: 8d20f41e-a06e-49a5-93bc-8bf4b8fa001f]
[2025-12-04 18:17:40]   File uploaded: 24-220-251204.csv (0.00 MB) [ID: 8d20f41e-a06e-49a5-93bc-8bf4b8fa001f]
[2025-12-04 18:17:40]   File uploaded: 24-220-251204.dxf (0.03 MB) [ID: 8d20f41e-a06e-49a5-93bc-8bf4b8fa001f]
[2025-12-04 18:17:40] Upload completed: 24-200-300/24-220/24-220-251204 - 4 file(s), 0.10 MB in 0.1s (1464.6 KB/s) [ID: 8d20f41e-a06e-49a5-93bc-8bf4b8fa001f]
[2025-12-04 18:17:40] Controller handshake initiated to /api/folders.
[2025-12-04 18:46:02] Controller handshake initiated to /api/folders.
[2025-12-04 18:46:02] Controller handshake initiated to /api/templates.
[2025-12-04 18:46:02] Controller handshake initiated to /api/log.
[2025-12-04 18:46:02] Controller opened data sync.
[2025-12-04 18:46:51] Controller handshake initiated to /api/log.
[2025-12-04 18:46:51] Controller clicked upload (25-150-200/25-187/25-187-251119/25-187-251119.job).
[2025-12-04 18:46:52] Controller handshake initiated to /api/upload-field-data-android.
[2025-12-04 18:47:15] Upload started: 25-150-200/25-187/25-187-251119 - 6 file(s) [ID: 3104e359-51ba-4561-8454-cebaba438c24]
[2025-12-04 18:47:15]   File uploaded: 25-187-251119.job (0.05 MB) [ID: 3104e359-51ba-4561-8454-cebaba438c24]
[2025-12-04 18:47:15]   File uploaded: 25-187-251119.csv (0.00 MB) [ID: 3104e359-51ba-4561-8454-cebaba438c24]
[2025-12-04 18:47:15]   File uploaded: 25-187-251204.csv (0.00 MB) [ID: 3104e359-51ba-4561-8454-cebaba438c24]
[2025-12-04 18:47:15]   File uploaded: IMG_2.jpg (5.34 MB) [ID: 3104e359-51ba-4561-8454-cebaba438c24]
[2025-12-04 18:47:15]   File uploaded: IMG.jpg (5.02 MB) [ID: 3104e359-51ba-4561-8454-cebaba438c24]
[2025-12-04 18:47:15]   File uploaded: IMG_1.jpg (4.89 MB) [ID: 3104e359-51ba-4561-8454-cebaba438c24]
[2025-12-04 18:47:15] Upload completed: 25-150-200/25-187/25-187-251119 - 6 file(s), 15.30 MB in 0.0s (319806.4 KB/s) [ID: 3104e359-51ba-4561-8454-cebaba438c24]
[2025-12-04 18:47:15] Controller handshake initiated to /api/folders.
[2025-12-04 19:09:56] Controller handshake initiated to /api/log.
[2025-12-04 19:09:56] Controller opened data sync.
[2025-12-04 19:09:56] Controller handshake initiated to /api/folders.
[2025-12-04 19:09:56] Controller handshake initiated to /api/templates.
[2025-12-04 19:10:57] Folder created: 25-200-250/25-240
[2025-12-04 19:11:28] Job created: 25-200-250/25-240/25-240-251204
[2025-12-04 19:11:28] Upload started: 25-200-250/25-240/25-240-251204 - 1 file(s) [ID: 4b65ebb1-07fc-4514-beaf-60186b5a34ab]
[2025-12-04 19:11:28]   File uploaded: 25-240-Layout-251204.dxf (0.32 MB) [ID: 4b65ebb1-07fc-4514-beaf-60186b5a34ab]
[2025-12-04 19:11:28] Upload completed: 25-200-250/25-240/25-240-251204 - 1 file(s), 0.32 MB in 0.0s (326883.8 KB/s) [ID: 4b65ebb1-07fc-4514-beaf-60186b5a34ab]
[2025-12-04 19:11:47] Controller handshake initiated to /api/log.
[2025-12-04 19:11:47] Controller clicked upload (25-150-200/25-187/25-187-251119/25-187-251119.job).
[2025-12-04 19:11:47] Controller handshake initiated to /api/upload-field-data-android.
[2025-12-04 19:12:10] Upload started: 25-150-200/25-187/25-187-251119 - 7 file(s) [ID: 88f4e71c-2821-4962-9282-929ba70dfb00]
[2025-12-04 19:12:10]   File uploaded: 25-187-251119.job (0.05 MB) [ID: 88f4e71c-2821-4962-9282-929ba70dfb00]
[2025-12-04 19:12:10]   File uploaded: 25-187-251119.csv (0.00 MB) [ID: 88f4e71c-2821-4962-9282-929ba70dfb00]
[2025-12-04 19:12:10]   File uploaded: 25-187-251204.csv (0.00 MB) [ID: 88f4e71c-2821-4962-9282-929ba70dfb00]
[2025-12-04 19:12:10]   File uploaded: 25-187-251204.dxf (0.03 MB) [ID: 88f4e71c-2821-4962-9282-929ba70dfb00]
[2025-12-04 19:12:10]   File uploaded: IMG_2.jpg (5.34 MB) [ID: 88f4e71c-2821-4962-9282-929ba70dfb00]
[2025-12-04 19:12:10]   File uploaded: IMG.jpg (5.02 MB) [ID: 88f4e71c-2821-4962-9282-929ba70dfb00]
[2025-12-04 19:12:10]   File uploaded: IMG_1.jpg (4.89 MB) [ID: 88f4e71c-2821-4962-9282-929ba70dfb00]
[2025-12-04 19:12:10] Upload completed: 25-150-200/25-187/25-187-251119 - 7 file(s), 15.34 MB in 0.0s (341412.5 KB/s) [ID: 88f4e71c-2821-4962-9282-929ba70dfb00]
[2025-12-04 19:12:10] Controller handshake initiated to /api/folders.
[2025-12-04 19:19:48] Controller handshake initiated to /api/log.
[2025-12-04 19:19:48] Controller opened data sync.
[2025-12-04 19:19:48] Controller handshake initiated to /api/folders.
[2025-12-04 19:19:48] Controller handshake initiated to /api/templates.
[2025-12-04 19:20:48] Controller handshake initiated to /api/log.
[2025-12-04 19:20:48] Controller clicked download (25-200-250/25-240/25-240-251204).
[2025-12-04 19:20:49] Controller handshake initiated to /api/download-job/25-200-250/25-240/25-240-251204.
[2025-12-04 19:20:49] Controller handshake initiated to /api/download-file/25-200-250/25-240/25-240-251204/25-240-251204.job.
[2025-12-04 19:20:49] Controller handshake initiated to /api/download-file/25-200-250/25-240/25-240-251204/25-240-251204.jxl.
[2025-12-04 19:20:49] Controller handshake initiated to /api/download-file/25-200-250/25-240/25-240-251204/25-240-Layout-251204.dxf.
[2025-12-04 19:22:04] Controller handshake initiated to /api/folders.
[2025-12-04 19:22:04] Controller handshake initiated to /api/log.
[2025-12-04 19:22:04] Controller opened data sync.
[2025-12-04 19:22:04] Controller handshake initiated to /api/templates.
[2025-12-05 14:31:46] Controller handshake initiated to /api/folders.
[2025-12-05 14:31:46] Controller handshake initiated to /api/log.
[2025-12-05 14:31:46] Controller opened data sync.
[2025-12-05 14:31:46] Controller handshake initiated to /api/templates.
[2025-12-05 14:32:43] Controller handshake initiated to /api/log.
[2025-12-05 14:32:43] Controller clicked upload (25-200-250/25-240/25-240-251204/25-240-251204.job).
[2025-12-05 14:32:44] Controller handshake initiated to /api/upload-field-data-android.
[2025-12-05 14:33:19] Upload started: 25-200-250/25-240/25-240-251204 - 9 file(s) [ID: 99e30742-22ef-4b92-81e3-a556f84c1e50]
[2025-12-05 14:33:19]   File uploaded: 25-240-251204.job (0.07 MB) [ID: 99e30742-22ef-4b92-81e3-a556f84c1e50]
[2025-12-05 14:33:20]   File uploaded: 25-240-251205.dxf (0.04 MB) [ID: 99e30742-22ef-4b92-81e3-a556f84c1e50]
[2025-12-05 14:33:20]   File uploaded: 25-240-Layout-251204.dxf (0.18 MB) [ID: 99e30742-22ef-4b92-81e3-a556f84c1e50]
[2025-12-05 14:33:20]   File uploaded: IMG_3.jpg (4.66 MB) [ID: 99e30742-22ef-4b92-81e3-a556f84c1e50]
[2025-12-05 14:33:20]   File uploaded: IMG_2.jpg (4.78 MB) [ID: 99e30742-22ef-4b92-81e3-a556f84c1e50]
[2025-12-05 14:33:20]   File uploaded: IMG_1.jpg (4.45 MB) [ID: 99e30742-22ef-4b92-81e3-a556f84c1e50]
[2025-12-05 14:33:20]   File uploaded: IMG.jpg (4.58 MB) [ID: 99e30742-22ef-4b92-81e3-a556f84c1e50]
[2025-12-05 14:33:20]   File uploaded: IMG_4.jpg (4.58 MB) [ID: 99e30742-22ef-4b92-81e3-a556f84c1e50]
[2025-12-05 14:33:20]   File uploaded: IMG_5.jpg (4.62 MB) [ID: 99e30742-22ef-4b92-81e3-a556f84c1e50]
[2025-12-05 14:33:20] Upload completed: 25-200-250/25-240/25-240-251204 - 9 file(s), 27.97 MB in 0.0s (734435.7 KB/s) [ID: 99e30742-22ef-4b92-81e3-a556f84c1e50]
[2025-12-05 14:33:20] Controller handshake initiated to /api/folders.
[2025-12-05 16:31:11] Controller handshake initiated to /api/log.
[2025-12-05 16:31:11] Controller opened data sync.
[2025-12-05 16:31:11] Controller handshake initiated to /api/folders.
[2025-12-05 16:31:11] Controller handshake initiated to /api/templates.
[2025-12-05 16:32:16] Controller handshake initiated to /api/log.
[2025-12-05 16:32:16] Controller clicked upload (25-200-250/25-240/25-240-251204/25-240-251204.job).
[2025-12-05 16:32:17] Controller handshake initiated to /api/upload-field-data-android.
[2025-12-05 16:32:50] Upload started: 25-200-250/25-240/25-240-251204 - 10 file(s) [ID: 87d6b107-73d4-4dda-ad9e-04036d72c450]
[2025-12-05 16:32:50]   File uploaded: 25-240-251204.job (0.08 MB) [ID: 87d6b107-73d4-4dda-ad9e-04036d72c450]
[2025-12-05 16:32:50]   File uploaded: 25-240-251205-R1.csv (0.00 MB) [ID: 87d6b107-73d4-4dda-ad9e-04036d72c450]
[2025-12-05 16:32:50]   File uploaded: 25-240-251205.dxf (0.04 MB) [ID: 87d6b107-73d4-4dda-ad9e-04036d72c450]
[2025-12-05 16:32:50]   File uploaded: 25-240-Layout-251204.dxf (0.18 MB) [ID: 87d6b107-73d4-4dda-ad9e-04036d72c450]
[2025-12-05 16:32:50]   File uploaded: IMG_3.jpg (4.66 MB) [ID: 87d6b107-73d4-4dda-ad9e-04036d72c450]
[2025-12-05 16:32:50]   File uploaded: IMG_2.jpg (4.78 MB) [ID: 87d6b107-73d4-4dda-ad9e-04036d72c450]
[2025-12-05 16:32:50]   File uploaded: IMG_1.jpg (4.45 MB) [ID: 87d6b107-73d4-4dda-ad9e-04036d72c450]
[2025-12-05 16:32:50]   File uploaded: IMG.jpg (4.58 MB) [ID: 87d6b107-73d4-4dda-ad9e-04036d72c450]
[2025-12-05 16:32:50]   File uploaded: IMG_4.jpg (4.58 MB) [ID: 87d6b107-73d4-4dda-ad9e-04036d72c450]
[2025-12-05 16:32:50]   File uploaded: IMG_5.jpg (4.62 MB) [ID: 87d6b107-73d4-4dda-ad9e-04036d72c450]
[2025-12-05 16:32:50] Upload completed: 25-200-250/25-240/25-240-251204 - 10 file(s), 27.98 MB in 0.1s (530644.2 KB/s) [ID: 87d6b107-73d4-4dda-ad9e-04036d72c450]
[2025-12-05 16:32:50] Controller handshake initiated to /api/folders.
[2025-12-05 20:07:34] Controller handshake initiated to /api/log.
[2025-12-05 20:07:34] Controller opened data sync.
[2025-12-05 20:07:34] Controller handshake initiated to /api/folders.
[2025-12-05 20:07:34] Controller handshake initiated to /api/templates.
[2025-12-05 20:09:08] Controller handshake initiated to /api/log.
[2025-12-05 20:09:08] Controller clicked upload (25-200-250/25-240/25-240-251204/25-240-251204.job).
[2025-12-05 20:09:08] Controller handshake initiated to /api/upload-field-data-android.
[2025-12-05 20:10:26] Upload started: 25-200-250/25-240/25-240-251204 - 12 file(s) [ID: 4f670c88-62e1-427a-be8d-8e4cbae9c9a0]
[2025-12-05 20:10:26]   File uploaded: 25-240-251204.job (0.13 MB) [ID: 4f670c88-62e1-427a-be8d-8e4cbae9c9a0]
[2025-12-05 20:10:26]   File uploaded: 25-240-251205-R1.csv (0.00 MB) [ID: 4f670c88-62e1-427a-be8d-8e4cbae9c9a0]
[2025-12-05 20:10:26]   File uploaded: 25-240-251205.dxf (0.04 MB) [ID: 4f670c88-62e1-427a-be8d-8e4cbae9c9a0]
[2025-12-05 20:10:26]   File uploaded: 25-240-251205-R2.dxf (0.05 MB) [ID: 4f670c88-62e1-427a-be8d-8e4cbae9c9a0]
[2025-12-05 20:10:26]   File uploaded: 25-240-Layout-251204.dxf (0.18 MB) [ID: 4f670c88-62e1-427a-be8d-8e4cbae9c9a0]
[2025-12-05 20:10:26]   File uploaded: IMG_3.jpg (4.66 MB) [ID: 4f670c88-62e1-427a-be8d-8e4cbae9c9a0]
[2025-12-05 20:10:26]   File uploaded: IMG_2.jpg (4.78 MB) [ID: 4f670c88-62e1-427a-be8d-8e4cbae9c9a0]
[2025-12-05 20:10:26]   File uploaded: IMG_1.jpg (4.45 MB) [ID: 4f670c88-62e1-427a-be8d-8e4cbae9c9a0]
[2025-12-05 20:10:26]   File uploaded: IMG_6.jpg (4.77 MB) [ID: 4f670c88-62e1-427a-be8d-8e4cbae9c9a0]
[2025-12-05 20:10:26]   File uploaded: IMG.jpg (4.58 MB) [ID: 4f670c88-62e1-427a-be8d-8e4cbae9c9a0]
[2025-12-05 20:10:26]   File uploaded: IMG_4.jpg (4.58 MB) [ID: 4f670c88-62e1-427a-be8d-8e4cbae9c9a0]
[2025-12-05 20:10:26]   File uploaded: IMG_5.jpg (4.62 MB) [ID: 4f670c88-62e1-427a-be8d-8e4cbae9c9a0]
[2025-12-05 20:10:26] Upload completed: 25-200-250/25-240/25-240-251204 - 12 file(s), 32.85 MB in 0.1s (454567.9 KB/s) [ID: 4f670c88-62e1-427a-be8d-8e4cbae9c9a0]
[2025-12-05 20:10:27] Controller handshake initiated to /api/folders.
[2025-12-08 13:05:32] Folder created: 25-200-250/25-239
[2025-12-08 13:06:08] Job created: 25-200-250/25-239/25-239-251208
[2025-12-08 13:06:08] Upload started: 25-200-250/25-239/25-239-251208 - 2 file(s) [ID: 49229d83-ef6c-4f08-a30a-e14365d653be]
[2025-12-08 13:06:08]   File uploaded: 25-239-Layout-251208.csv (0.00 MB) [ID: 49229d83-ef6c-4f08-a30a-e14365d653be]
[2025-12-08 13:06:08]   File uploaded: 25-239-Layout-251208.dxf (0.31 MB) [ID: 49229d83-ef6c-4f08-a30a-e14365d653be]
[2025-12-08 13:06:08] Upload completed: 25-200-250/25-239/25-239-251208 - 2 file(s), 0.31 MB in 0.0s (318505.9 KB/s) [ID: 49229d83-ef6c-4f08-a30a-e14365d653be]
[2025-12-08 13:09:24] Controller handshake initiated to /api/log.
[2025-12-08 13:09:24] Controller opened data sync.
[2025-12-08 13:09:24] Controller handshake initiated to /api/templates.
[2025-12-08 13:09:24] Controller handshake initiated to /api/folders.
[2025-12-08 13:11:16] Controller handshake initiated to /api/log.
[2025-12-08 13:11:16] Controller clicked download (25-200-250/25-239/25-239-251208).
[2025-12-08 13:11:17] Controller handshake initiated to /api/download-job/25-200-250/25-239/25-239-251208.
[2025-12-08 13:11:17] Controller handshake initiated to /api/download-file/25-200-250/25-239/25-239-251208/25-239-251208.job.
[2025-12-08 13:11:17] Controller handshake initiated to /api/download-file/25-200-250/25-239/25-239-251208/25-239-251208.jxl.
[2025-12-08 13:11:17] Controller handshake initiated to /api/download-file/25-200-250/25-239/25-239-251208/25-239-Layout-251208.csv.
[2025-12-08 13:11:17] Controller handshake initiated to /api/download-file/25-200-250/25-239/25-239-251208/25-239-Layout-251208.dxf.
[2025-12-08 13:11:18] Controller handshake initiated to /api/download-file/25-200-250/25-239/25-239-251208/Control%20-%20Avalon%20-%20251208.csv.
[2025-12-08 13:11:18] Controller handshake initiated to /api/download-file/25-200-250/25-239/25-239-251208/job_info.json.
[2025-12-08 13:33:41] Controller handshake initiated to /api/log.
[2025-12-08 13:33:41] Controller opened data sync.
[2025-12-08 13:33:41] Controller handshake initiated to /api/folders.
[2025-12-08 13:33:41] Controller handshake initiated to /api/templates.
[2025-12-08 13:34:35] Controller handshake initiated to /api/log.
[2025-12-08 13:34:35] Controller clicked download (25-200-250/25-239/25-239-251208).
[2025-12-08 13:34:35] Controller handshake initiated to /api/download-job/25-200-250/25-239/25-239-251208.
[2025-12-08 13:34:35] Controller handshake initiated to /api/download-file/25-200-250/25-239/25-239-251208/25-239-251208.jxl.
[2025-12-08 13:34:35] Controller handshake initiated to /api/download-file/25-200-250/25-239/25-239-251208/25-239-Layout-251208.csv.
[2025-12-08 13:34:36] Controller handshake initiated to /api/download-file/25-200-250/25-239/25-239-251208/25-239-Layout-251208.dxf.
[2025-12-08 13:34:36] Controller handshake initiated to /api/download-file/25-200-250/25-239/25-239-251208/Control%20-%20Avalon%20-%20251208.csv.
[2025-12-08 13:34:36] Controller handshake initiated to /api/download-file/25-200-250/25-239/25-239-251208/job_info.json.
[2025-12-08 15:36:07] Controller handshake initiated to /api/log.
[2025-12-08 15:36:07] Controller opened data sync.
[2025-12-08 15:36:07] Controller handshake initiated to /api/folders.
[2025-12-08 15:36:07] Controller handshake initiated to /api/templates.
[2025-12-08 15:37:40] Controller handshake initiated to /api/log.
[2025-12-08 15:37:40] Controller clicked download (24-200-300/24-220/24-220-251204).
[2025-12-08 15:37:40] Controller handshake initiated to /api/download-job/24-200-300/24-220/24-220-251204.
[2025-12-08 15:37:40] Controller handshake initiated to /api/download-file/24-200-300/24-220/24-220-251204/24-220-251204.job.
[2025-12-08 15:37:40] Controller handshake initiated to /api/download-file/24-200-300/24-220/24-220-251204/24-220-251204.jxl.
[2025-12-08 15:37:40] Controller handshake initiated to /api/download-file/24-200-300/24-220/24-220-251204/Control%20-%20Avalon%20-%20251204.csv.
[2025-12-08 15:37:40] Controller handshake initiated to /api/download-file/24-200-300/24-220/24-220-251204/Field_Data/120425-0247PM/24-220-251204-R1.csv.
[2025-12-08 15:37:40] Controller handshake initiated to /api/download-file/24-200-300/24-220/24-220-251204/Field_Data/120425-0247PM/24-220-251204.csv.
[2025-12-08 15:37:40] Controller handshake initiated to /api/download-file/24-200-300/24-220/24-220-251204/Field_Data/120425-0247PM/24-220-251204.dxf.
[2025-12-08 15:37:41] Controller handshake initiated to /api/download-file/24-200-300/24-220/24-220-251204/Field_Data/120425-0247PM/24-220-251204.job.
[2025-12-08 15:37:41] Controller handshake initiated to /api/download-file/24-200-300/24-220/24-220-251204/Field_Data/120425-1209PM/24-220-251204.csv.
[2025-12-08 15:37:41] Controller handshake initiated to /api/download-file/24-200-300/24-220/24-220-251204/Field_Data/120425-1209PM/24-220-251204.dxf.
[2025-12-08 15:37:41] Controller handshake initiated to /api/download-file/24-200-300/24-220/24-220-251204/Field_Data/120425-1209PM/24-220-251204.job.
[2025-12-08 15:37:41] Controller handshake initiated to /api/download-file/24-200-300/24-220/24-220-251204/job_info.json.
[2025-12-08 16:50:44] Controller handshake initiated to /api/log.
[2025-12-08 16:50:44] Controller opened data sync.
[2025-12-08 16:50:44] Controller handshake initiated to /api/folders.
[2025-12-08 16:50:44] Controller handshake initiated to /api/templates.
[2025-12-08 17:11:12] Controller handshake initiated to /api/log.
[2025-12-08 17:11:12] Controller clicked upload (25-200-250/25-239/25-239-251208/25-239-251208.job).
[2025-12-08 17:11:12] Controller handshake initiated to /api/upload-field-data-android.
[2025-12-08 17:12:52] Upload started: 25-200-250/25-239/25-239-251208 - 10 file(s) [ID: 98b5314b-8ea5-4327-a1c7-fb26684da911]
[2025-12-08 17:12:52]   File uploaded: 25-239-251208.job (0.09 MB) [ID: 98b5314b-8ea5-4327-a1c7-fb26684da911]
[2025-12-08 17:12:52]   File uploaded: 25-239-251208.csv (0.00 MB) [ID: 98b5314b-8ea5-4327-a1c7-fb26684da911]
[2025-12-08 17:12:52]   File uploaded: 25-239-251208.dxf (0.04 MB) [ID: 98b5314b-8ea5-4327-a1c7-fb26684da911]
[2025-12-08 17:12:52]   File uploaded: 25-239-Layout-251208.dxf (0.31 MB) [ID: 98b5314b-8ea5-4327-a1c7-fb26684da911]
[2025-12-08 17:12:52]   File uploaded: 25-239-Layout-251208.csv (0.00 MB) [ID: 98b5314b-8ea5-4327-a1c7-fb26684da911]
[2025-12-08 17:12:52]   File uploaded: IMG_1.jpg (4.51 MB) [ID: 98b5314b-8ea5-4327-a1c7-fb26684da911]
[2025-12-08 17:12:52]   File uploaded: IMG_3.jpg (4.57 MB) [ID: 98b5314b-8ea5-4327-a1c7-fb26684da911]
[2025-12-08 17:12:52]   File uploaded: IMG.jpg (4.09 MB) [ID: 98b5314b-8ea5-4327-a1c7-fb26684da911]
[2025-12-08 17:12:52]   File uploaded: IMG_2.jpg (4.62 MB) [ID: 98b5314b-8ea5-4327-a1c7-fb26684da911]
[2025-12-08 17:12:52]   File uploaded: IMG_4.jpg (4.50 MB) [ID: 98b5314b-8ea5-4327-a1c7-fb26684da911]
[2025-12-08 17:12:52] Upload completed: 25-200-250/25-239/25-239-251208 - 10 file(s), 22.73 MB in 0.0s (505897.8 KB/s) [ID: 98b5314b-8ea5-4327-a1c7-fb26684da911]
[2025-12-08 17:12:53] Controller handshake initiated to /api/folders.
[2025-12-08 17:54:51] Controller handshake initiated to /api/log.
[2025-12-08 17:54:51] Controller opened data sync.
[2025-12-08 17:54:51] Controller handshake initiated to /api/templates.
[2025-12-08 17:54:51] Controller handshake initiated to /api/folders.
[2025-12-08 17:55:37] Controller handshake initiated to /api/log.
[2025-12-08 17:55:37] Controller clicked upload (25-200-250/25-239/25-239-251208/25-239-251208.job).
[2025-12-08 17:55:39] Controller handshake initiated to /api/upload-field-data-android.
[2025-12-08 17:56:14] Upload started: 25-200-250/25-239/25-239-251208 - 11 file(s) [ID: e2d28c24-04cc-4878-91f5-6e87bb685df1]
[2025-12-08 17:56:14]   File uploaded: 25-239-251208.job (0.09 MB) [ID: e2d28c24-04cc-4878-91f5-6e87bb685df1]
[2025-12-08 17:56:14]   File uploaded: 25-239-251208.csv (0.00 MB) [ID: e2d28c24-04cc-4878-91f5-6e87bb685df1]
[2025-12-08 17:56:14]   File uploaded: 25-239-251208.dxf (0.04 MB) [ID: e2d28c24-04cc-4878-91f5-6e87bb685df1]
[2025-12-08 17:56:14]   File uploaded: 25-239-251208-PINS-R1.csv (0.00 MB) [ID: e2d28c24-04cc-4878-91f5-6e87bb685df1]
[2025-12-08 17:56:14]   File uploaded: 25-239-Layout-251208.dxf (0.31 MB) [ID: e2d28c24-04cc-4878-91f5-6e87bb685df1]
[2025-12-08 17:56:14]   File uploaded: 25-239-Layout-251208.csv (0.00 MB) [ID: e2d28c24-04cc-4878-91f5-6e87bb685df1]
[2025-12-08 17:56:14]   File uploaded: IMG_1.jpg (4.51 MB) [ID: e2d28c24-04cc-4878-91f5-6e87bb685df1]
[2025-12-08 17:56:14]   File uploaded: IMG_3.jpg (4.57 MB) [ID: e2d28c24-04cc-4878-91f5-6e87bb685df1]
[2025-12-08 17:56:14]   File uploaded: IMG.jpg (4.09 MB) [ID: e2d28c24-04cc-4878-91f5-6e87bb685df1]
[2025-12-08 17:56:14]   File uploaded: IMG_2.jpg (4.62 MB) [ID: e2d28c24-04cc-4878-91f5-6e87bb685df1]
[2025-12-08 17:56:14]   File uploaded: IMG_4.jpg (4.50 MB) [ID: e2d28c24-04cc-4878-91f5-6e87bb685df1]
[2025-12-08 17:56:14] Upload completed: 25-200-250/25-239/25-239-251208 - 11 file(s), 22.73 MB in 0.1s (342313.1 KB/s) [ID: e2d28c24-04cc-4878-91f5-6e87bb685df1]
[2025-12-08 17:56:14] Controller handshake initiated to /api/folders.
[2025-12-08 18:21:56] Job created: 24-200-300/24-220/24-220-251208
[2025-12-08 18:21:57] Upload started: 24-200-300/24-220/24-220-251208 - 1 file(s) [ID: d535552b-bc8a-40bb-ac8f-8b88b69fbb8a]
[2025-12-08 18:21:57]   File uploaded: 24-220-251204-WeightedAverages-Control.csv (0.00 MB) [ID: d535552b-bc8a-40bb-ac8f-8b88b69fbb8a]
[2025-12-08 18:21:57] Upload completed: 24-200-300/24-220/24-220-251208 - 1 file(s), 0.00 MB in 0.0s (246.1 KB/s) [ID: d535552b-bc8a-40bb-ac8f-8b88b69fbb8a]
[2025-12-08 19:18:52] Controller handshake initiated to /api/log.
[2025-12-08 19:18:52] Controller opened data sync.
[2025-12-08 19:18:52] Controller handshake initiated to /api/folders.
[2025-12-08 19:18:52] Controller handshake initiated to /api/templates.
[2025-12-08 19:19:51] Controller handshake initiated to /api/log.
[2025-12-08 19:19:51] Controller clicked download (24-200-300/24-220/24-220-251208).
[2025-12-08 19:19:51] Controller handshake initiated to /api/download-job/24-200-300/24-220/24-220-251208.
[2025-12-08 19:19:51] Controller handshake initiated to /api/download-file/24-200-300/24-220/24-220-251208/24-220-251204-WeightedAverages-Control.csv.
[2025-12-08 19:19:52] Controller handshake initiated to /api/download-file/24-200-300/24-220/24-220-251208/24-220-251208.job.
[2025-12-08 19:19:52] Controller handshake initiated to /api/download-file/24-200-300/24-220/24-220-251208/24-220-251208.jxl.
[2025-12-08 19:19:52] Controller handshake initiated to /api/download-file/24-200-300/24-220/24-220-251208/Control%20-%20Avalon%20-%20251208.csv.
[2025-12-08 19:19:52] Controller handshake initiated to /api/download-file/24-200-300/24-220/24-220-251208/job_info.json.
[2025-12-08 19:54:40] Controller handshake initiated to /api/log.
[2025-12-08 19:54:40] Controller opened data sync.
[2025-12-08 19:54:40] Controller handshake initiated to /api/folders.
[2025-12-08 19:54:40] Controller handshake initiated to /api/templates.
[2025-12-08 19:55:43] Controller handshake initiated to /api/log.
[2025-12-08 19:55:43] Controller clicked upload (24-200-300/24-220/24-220-251208/24-220-251208.job).
[2025-12-08 19:55:44] Controller handshake initiated to /api/upload-field-data-android.
[2025-12-08 19:55:44] Upload started: 24-200-300/24-220/24-220-251208 - 2 file(s) [ID: cfb8c846-05d6-4c6f-93df-796f3d981aaa]
[2025-12-08 19:55:44]   File uploaded: 24-220-251208.job (0.02 MB) [ID: cfb8c846-05d6-4c6f-93df-796f3d981aaa]
[2025-12-08 19:55:44]   File uploaded: 24-220-251208.csv (0.00 MB) [ID: cfb8c846-05d6-4c6f-93df-796f3d981aaa]
[2025-12-08 19:55:44] Upload completed: 24-200-300/24-220/24-220-251208 - 2 file(s), 0.02 MB in 0.0s (5763.3 KB/s) [ID: cfb8c846-05d6-4c6f-93df-796f3d981aaa]
[2025-12-08 19:55:44] Controller handshake initiated to /api/folders.
[2025-12-09 14:50:51] Controller handshake initiated to /api/log.
[2025-12-09 14:50:51] Controller opened data sync.
[2025-12-09 14:50:51] Controller handshake initiated to /api/templates.
[2025-12-09 14:50:51] Controller handshake initiated to /api/folders.
[2025-12-09 15:05:49] Controller handshake initiated to /api/log.
[2025-12-09 15:05:49] Controller opened data sync.
[2025-12-09 15:05:49] Controller handshake initiated to /api/templates.
[2025-12-09 15:05:49] Controller handshake initiated to /api/folders.
[2025-12-09 15:13:10] Controller handshake initiated to /api/log.
[2025-12-09 15:13:10] Controller opened data sync.
[2025-12-09 15:13:10] Controller handshake initiated to /api/folders.
[2025-12-09 15:13:10] Controller handshake initiated to /api/templates.
[2025-12-09 15:21:01] Controller handshake initiated to /api/log.
[2025-12-09 15:21:01] Controller opened data sync.
[2025-12-09 15:21:01] Controller handshake initiated to /api/folders.
[2025-12-09 15:21:01] Controller handshake initiated to /api/templates.
[2025-12-09 15:27:37] Controller handshake initiated to /api/log.
[2025-12-09 15:27:37] Controller opened data sync.
[2025-12-09 15:27:37] Controller handshake initiated to /api/folders.
[2025-12-09 15:27:37] Controller handshake initiated to /api/templates.
[2025-12-09 15:36:58] Folder created: 25-200-250/25-242
[2025-12-09 15:37:26] Job created: 25-200-250/25-242/25-242-251209
[2025-12-09 15:37:26] Upload started: 25-200-250/25-242/25-242-251209 - 2 file(s) [ID: fcac7c0d-ea3f-4e33-bbc0-ccb9a417ada6]
[2025-12-09 15:37:26]   File uploaded: 25-242-Layout-251209.csv (0.00 MB) [ID: fcac7c0d-ea3f-4e33-bbc0-ccb9a417ada6]
[2025-12-09 15:37:26]   File uploaded: 25-242-Layout-251209.dxf (0.31 MB) [ID: fcac7c0d-ea3f-4e33-bbc0-ccb9a417ada6]
[2025-12-09 15:37:26] Upload completed: 25-200-250/25-242/25-242-251209 - 2 file(s), 0.31 MB in 0.0s (160453.1 KB/s) [ID: fcac7c0d-ea3f-4e33-bbc0-ccb9a417ada6]
[2025-12-09 15:41:55] Controller handshake initiated to /api/log.
[2025-12-09 15:41:55] Controller opened data sync.
[2025-12-09 15:41:55] Controller handshake initiated to /api/folders.
[2025-12-09 15:41:55] Controller handshake initiated to /api/templates.
[2025-12-09 15:42:57] Controller handshake initiated to /api/log.
[2025-12-09 15:42:57] Controller clicked download (25-200-250/25-242/25-242-251209).
[2025-12-09 15:42:57] Controller handshake initiated to /api/download-job/25-200-250/25-242/25-242-251209.
[2025-12-09 15:42:57] Controller handshake initiated to /api/download-file/25-200-250/25-242/25-242-251209/25-242-251209.job.
[2025-12-09 15:42:58] Controller handshake initiated to /api/download-file/25-200-250/25-242/25-242-251209/25-242-251209.jxl.
[2025-12-09 15:42:58] Controller handshake initiated to /api/download-file/25-200-250/25-242/25-242-251209/25-242-Layout-251209.csv.
[2025-12-09 15:42:58] Controller handshake initiated to /api/download-file/25-200-250/25-242/25-242-251209/25-242-Layout-251209.dxf.
[2025-12-09 15:43:00] Controller handshake initiated to /api/download-file/25-200-250/25-242/25-242-251209/Control%20-%20Avalon%20-%20251209.csv.
[2025-12-09 15:43:00] Controller handshake initiated to /api/download-file/25-200-250/25-242/25-242-251209/job_info.json.
[2025-12-10 11:39:12] Job created: 25-200-250/25-242/25-242-251210
[2025-12-10 11:39:12] Upload started: 25-200-250/25-242/25-242-251210 - 2 file(s) [ID: 717bfa4f-022c-4302-bfbf-b2c486e9f3d4]
[2025-12-10 11:39:12]   File uploaded: 25-242-Layout-251210.csv (0.00 MB) [ID: 717bfa4f-022c-4302-bfbf-b2c486e9f3d4]
[2025-12-10 11:39:12]   File uploaded: 25-242-Layout-251210.dxf (0.31 MB) [ID: 717bfa4f-022c-4302-bfbf-b2c486e9f3d4]
[2025-12-10 11:39:12] Upload completed: 25-200-250/25-242/25-242-251210 - 2 file(s), 0.31 MB in 0.0s (318336.9 KB/s) [ID: 717bfa4f-022c-4302-bfbf-b2c486e9f3d4]
[2025-12-10 12:50:47] Controller handshake initiated to /api/log.
[2025-12-10 12:50:47] Controller opened data sync.
[2025-12-10 12:50:47] Controller handshake initiated to /api/folders.
[2025-12-10 12:50:47] Controller handshake initiated to /api/templates.
[2025-12-10 12:51:43] Controller handshake initiated to /api/log.
[2025-12-10 12:51:43] Controller clicked upload (25-200-250/25-240/25-240-251204/25-240-251204.job).
[2025-12-10 12:51:44] Controller handshake initiated to /api/upload-field-data-android.
[2025-12-10 12:52:19] Upload started: 25-200-250/25-240/25-240-251204 - 14 file(s) [ID: 8d21e68d-dc47-4a3a-aca6-2497bfcbc905]
[2025-12-10 12:52:19]   File uploaded: 25-240-251204.job (0.14 MB) [ID: 8d21e68d-dc47-4a3a-aca6-2497bfcbc905]
[2025-12-10 12:52:19]   File uploaded: 25-240-251205-R1.csv (0.00 MB) [ID: 8d21e68d-dc47-4a3a-aca6-2497bfcbc905]
[2025-12-10 12:52:19]   File uploaded: 25-240-251205.dxf (0.04 MB) [ID: 8d21e68d-dc47-4a3a-aca6-2497bfcbc905]
[2025-12-10 12:52:19]   File uploaded: 25-240-251210.csv (0.01 MB) [ID: 8d21e68d-dc47-4a3a-aca6-2497bfcbc905]
[2025-12-10 12:52:19]   File uploaded: 25-240-251205-R2.dxf (0.05 MB) [ID: 8d21e68d-dc47-4a3a-aca6-2497bfcbc905]
[2025-12-10 12:52:19]   File uploaded: 25-240-251210.dxf (0.05 MB) [ID: 8d21e68d-dc47-4a3a-aca6-2497bfcbc905]
[2025-12-10 12:52:19]   File uploaded: 25-240-Layout-251204.dxf (0.18 MB) [ID: 8d21e68d-dc47-4a3a-aca6-2497bfcbc905]
[2025-12-10 12:52:19]   File uploaded: IMG_3.jpg (4.66 MB) [ID: 8d21e68d-dc47-4a3a-aca6-2497bfcbc905]
[2025-12-10 12:52:19]   File uploaded: IMG_2.jpg (4.78 MB) [ID: 8d21e68d-dc47-4a3a-aca6-2497bfcbc905]
[2025-12-10 12:52:19]   File uploaded: IMG_1.jpg (4.45 MB) [ID: 8d21e68d-dc47-4a3a-aca6-2497bfcbc905]
[2025-12-10 12:52:19]   File uploaded: IMG_6.jpg (4.77 MB) [ID: 8d21e68d-dc47-4a3a-aca6-2497bfcbc905]
[2025-12-10 12:52:19]   File uploaded: IMG.jpg (4.58 MB) [ID: 8d21e68d-dc47-4a3a-aca6-2497bfcbc905]
[2025-12-10 12:52:19]   File uploaded: IMG_4.jpg (4.58 MB) [ID: 8d21e68d-dc47-4a3a-aca6-2497bfcbc905]
[2025-12-10 12:52:19]   File uploaded: IMG_5.jpg (4.62 MB) [ID: 8d21e68d-dc47-4a3a-aca6-2497bfcbc905]
[2025-12-10 12:52:19] Upload completed: 25-200-250/25-240/25-240-251204 - 14 file(s), 32.90 MB in 0.1s (488282.0 KB/s) [ID: 8d21e68d-dc47-4a3a-aca6-2497bfcbc905]
[2025-12-10 12:52:20] Controller handshake initiated to /api/folders.
[2025-12-10 14:55:17] Job created: 25-200-250/25-240/25-240-251210
[2025-12-10 14:55:17] Upload started: 25-200-250/25-240/25-240-251210 - 2 file(s) [ID: 7a6dfb59-7693-4ad0-963a-2c067dbabccb]
[2025-12-10 14:55:17]   File uploaded: 25-240-Layout-251210.dxf (0.32 MB) [ID: 7a6dfb59-7693-4ad0-963a-2c067dbabccb]
[2025-12-10 14:55:17]   File uploaded: 25-240-Layout-251210.csv (0.00 MB) [ID: 7a6dfb59-7693-4ad0-963a-2c067dbabccb]
[2025-12-10 14:55:17] Upload completed: 25-200-250/25-240/25-240-251210 - 2 file(s), 0.32 MB in 0.0s (162720.7 KB/s) [ID: 7a6dfb59-7693-4ad0-963a-2c067dbabccb]
[2025-12-10 15:57:13] Controller handshake initiated to /api/log.
[2025-12-10 15:57:13] Controller opened data sync.
[2025-12-10 15:57:13] Controller handshake initiated to /api/folders.
[2025-12-10 15:57:13] Controller handshake initiated to /api/templates.
[2025-12-10 15:58:24] Controller handshake initiated to /api/log.
[2025-12-10 15:58:24] Controller clicked upload (25-200-250/25-242/25-242-251209/25-242-251209.job).
[2025-12-10 15:58:24] Controller handshake initiated to /api/upload-field-data-android.
[2025-12-10 15:59:04] Upload started: 25-200-250/25-242/25-242-251209 - 12 file(s) [ID: 285693c1-555f-4634-9d95-db4b1360cd98]
[2025-12-10 15:59:04]   File uploaded: 25-242-251209.job (0.09 MB) [ID: 285693c1-555f-4634-9d95-db4b1360cd98]
[2025-12-10 15:59:04]   File uploaded: 25-242-251210.csv (0.01 MB) [ID: 285693c1-555f-4634-9d95-db4b1360cd98]
[2025-12-10 15:59:04]   File uploaded: 25-242-251210.dxf (0.04 MB) [ID: 285693c1-555f-4634-9d95-db4b1360cd98]
[2025-12-10 15:59:04]   File uploaded: 25-242-Layout-251209.dxf (0.31 MB) [ID: 285693c1-555f-4634-9d95-db4b1360cd98]
[2025-12-10 15:59:04]   File uploaded: 25-242-Layout-251209.csv (0.00 MB) [ID: 285693c1-555f-4634-9d95-db4b1360cd98]
[2025-12-10 15:59:04]   File uploaded: IMG_4.jpg (5.70 MB) [ID: 285693c1-555f-4634-9d95-db4b1360cd98]
[2025-12-10 15:59:04]   File uploaded: IMG_3.jpg (5.98 MB) [ID: 285693c1-555f-4634-9d95-db4b1360cd98]
[2025-12-10 15:59:04]   File uploaded: IMG.jpg (5.30 MB) [ID: 285693c1-555f-4634-9d95-db4b1360cd98]
[2025-12-10 15:59:04]   File uploaded: IMG_2.jpg (5.56 MB) [ID: 285693c1-555f-4634-9d95-db4b1360cd98]
[2025-12-10 15:59:04]   File uploaded: IMG_6.jpg (4.59 MB) [ID: 285693c1-555f-4634-9d95-db4b1360cd98]
[2025-12-10 15:59:04]   File uploaded: IMG_1.jpg (5.15 MB) [ID: 285693c1-555f-4634-9d95-db4b1360cd98]
[2025-12-10 15:59:04]   File uploaded: IMG_5.jpg (4.70 MB) [ID: 285693c1-555f-4634-9d95-db4b1360cd98]
[2025-12-10 15:59:04] Upload completed: 25-200-250/25-242/25-242-251209 - 12 file(s), 37.45 MB in 0.0s (798877.6 KB/s) [ID: 285693c1-555f-4634-9d95-db4b1360cd98]
[2025-12-10 15:59:05] Controller handshake initiated to /api/folders.
[2025-12-10 17:14:47] Controller handshake initiated to /api/folders.
[2025-12-10 17:14:47] Controller handshake initiated to /api/log.
[2025-12-10 17:14:47] Controller opened data sync.
[2025-12-10 17:14:47] Controller handshake initiated to /api/templates.
[2025-12-10 17:15:37] Controller handshake initiated to /api/log.
[2025-12-10 17:15:37] Controller clicked download (25-200-250/25-240/25-240-251210).
[2025-12-10 17:15:38] Controller handshake initiated to /api/download-job/25-200-250/25-240/25-240-251210.
[2025-12-10 17:15:38] Controller handshake initiated to /api/download-file/25-200-250/25-240/25-240-251210/25-240-251210.job.
[2025-12-10 17:15:38] Controller handshake initiated to /api/download-file/25-200-250/25-240/25-240-251210/25-240-251210.jxl.
[2025-12-10 17:15:38] Controller handshake initiated to /api/download-file/25-200-250/25-240/25-240-251210/25-240-Layout-251210.csv.
[2025-12-10 17:15:39] Controller handshake initiated to /api/download-file/25-200-250/25-240/25-240-251210/25-240-Layout-251210.dxf.
[2025-12-10 17:15:39] Controller handshake initiated to /api/download-file/25-200-250/25-240/25-240-251210/Control%20-%20Avalon%20-%20251210.csv.
[2025-12-10 17:15:39] Controller handshake initiated to /api/download-file/25-200-250/25-240/25-240-251210/job_info.json.
[2025-12-10 18:35:32] Folder created: 25-200-250/25-243
[2025-12-10 18:36:00] Job created: 25-200-250/25-243/25-243-251210
[2025-12-10 18:36:00] Upload started: 25-200-250/25-243/25-243-251210 - 2 file(s) [ID: f19c42c0-768d-4295-ab2a-c07f0c13b786]
[2025-12-10 18:36:00]   File uploaded: 25-243-Layout-251210.csv (0.00 MB) [ID: f19c42c0-768d-4295-ab2a-c07f0c13b786]
[2025-12-10 18:36:00]   File uploaded: 25-243-Layout-251210.dxf (0.32 MB) [ID: f19c42c0-768d-4295-ab2a-c07f0c13b786]
[2025-12-10 18:36:00] Upload completed: 25-200-250/25-243/25-243-251210 - 2 file(s), 0.32 MB in 0.0s (330782.2 KB/s) [ID: f19c42c0-768d-4295-ab2a-c07f0c13b786]
[2025-12-10 18:36:12] Folder created: 25-200-250/25-241
[2025-12-10 18:37:00] Job created: 25-200-250/25-241/25-241-251210
[2025-12-10 18:37:00] Upload started: 25-200-250/25-241/25-241-251210 - 2 file(s) [ID: 8a5b81ad-a897-4999-bc23-bea5adaab418]
[2025-12-10 18:37:00]   File uploaded: 25-241-Layout-251210.csv (0.00 MB) [ID: 8a5b81ad-a897-4999-bc23-bea5adaab418]
[2025-12-10 18:37:00]   File uploaded: 25-241-Layout-251210.dxf (0.32 MB) [ID: 8a5b81ad-a897-4999-bc23-bea5adaab418]
[2025-12-10 18:37:00] Upload completed: 25-200-250/25-241/25-241-251210 - 2 file(s), 0.32 MB in 0.0s (165201.2 KB/s) [ID: 8a5b81ad-a897-4999-bc23-bea5adaab418]
[2025-12-10 19:05:53] Controller handshake initiated to /api/log.
[2025-12-10 19:05:53] Controller opened data sync.
[2025-12-10 19:05:53] Controller handshake initiated to /api/templates.
[2025-12-10 19:05:53] Controller handshake initiated to /api/folders.
[2025-12-10 19:06:53] Controller handshake initiated to /api/log.
[2025-12-10 19:06:53] Controller clicked upload (25-200-250/25-240/25-240-251210/25-240-251210.job).
[2025-12-10 19:06:54] Controller handshake initiated to /api/upload-field-data-android.
[2025-12-10 19:06:55] Upload started: 25-200-250/25-240/25-240-251210 - 4 file(s) [ID: 4fa1e500-2f67-47ae-b9b6-b6d5718a9970]
[2025-12-10 19:06:55]   File uploaded: 25-240-251210.job (0.03 MB) [ID: 4fa1e500-2f67-47ae-b9b6-b6d5718a9970]
[2025-12-10 19:06:55]   File uploaded: 25-240-251210-R1-PINS.csv (0.00 MB) [ID: 4fa1e500-2f67-47ae-b9b6-b6d5718a9970]
[2025-12-10 19:06:55]   File uploaded: 25-240-Layout-251210.csv (0.00 MB) [ID: 4fa1e500-2f67-47ae-b9b6-b6d5718a9970]
[2025-12-10 19:06:55]   File uploaded: 25-240-Layout-251210.dxf (0.32 MB) [ID: 4fa1e500-2f67-47ae-b9b6-b6d5718a9970]
[2025-12-10 19:06:55] Upload completed: 25-200-250/25-240/25-240-251210 - 4 file(s), 0.34 MB in 0.1s (2752.3 KB/s) [ID: 4fa1e500-2f67-47ae-b9b6-b6d5718a9970]
[2025-12-10 19:06:56] Controller handshake initiated to /api/folders.
[2025-12-10 19:32:11] Controller handshake initiated to /api/log.
[2025-12-10 19:32:11] Controller opened data sync.
[2025-12-10 19:32:11] Controller handshake initiated to /api/folders.
[2025-12-10 19:32:11] Controller handshake initiated to /api/templates.
[2025-12-10 19:33:50] Controller handshake initiated to /api/log.
[2025-12-10 19:33:50] Controller clicked upload (25-200-250/25-240/25-240-251210/25-240-251210.job).
[2025-12-10 19:33:50] Controller handshake initiated to /api/upload-field-data-android.
[2025-12-10 19:33:57] Upload started: 25-200-250/25-240/25-240-251210 - 6 file(s) [ID: 0966d0a4-7a77-4219-b9e1-b088132d471e]
[2025-12-10 19:33:57]   File uploaded: 25-240-251210.job (0.03 MB) [ID: 0966d0a4-7a77-4219-b9e1-b088132d471e]
[2025-12-10 19:33:57]   File uploaded: 25-240-251210-R1-PINS.csv (0.00 MB) [ID: 0966d0a4-7a77-4219-b9e1-b088132d471e]
[2025-12-10 19:33:57]   File uploaded: 25-240-251210-R2.csv (0.00 MB) [ID: 0966d0a4-7a77-4219-b9e1-b088132d471e]
[2025-12-10 19:33:57]   File uploaded: 25-240-Layout-251210.csv (0.00 MB) [ID: 0966d0a4-7a77-4219-b9e1-b088132d471e]
[2025-12-10 19:33:57]   File uploaded: 25-240-Layout-251210.dxf (0.32 MB) [ID: 0966d0a4-7a77-4219-b9e1-b088132d471e]
[2025-12-10 19:33:57]   File uploaded: IMG.jpg (5.36 MB) [ID: 0966d0a4-7a77-4219-b9e1-b088132d471e]
[2025-12-10 19:33:57] Upload completed: 25-200-250/25-240/25-240-251210 - 6 file(s), 5.71 MB in 0.0s (142539.9 KB/s) [ID: 0966d0a4-7a77-4219-b9e1-b088132d471e]
[2025-12-10 19:33:58] Controller handshake initiated to /api/folders.
[2025-12-11 13:45:58] Controller handshake initiated to /api/log.
[2025-12-11 13:45:58] Controller opened data sync.
[2025-12-11 13:45:58] Controller handshake initiated to /api/templates.
[2025-12-11 13:45:58] Controller handshake initiated to /api/folders.
[2025-12-11 13:47:54] Controller handshake initiated to /api/log.
[2025-12-11 13:47:54] Controller clicked download (25-200-250/25-243/25-243-251210).
[2025-12-11 13:47:54] Controller handshake initiated to /api/download-job/25-200-250/25-243/25-243-251210.
[2025-12-11 13:47:54] Controller handshake initiated to /api/download-file/25-200-250/25-243/25-243-251210/25-243-251210.job.
[2025-12-11 13:47:55] Controller handshake initiated to /api/download-file/25-200-250/25-243/25-243-251210/25-243-251210.jxl.
[2025-12-11 13:47:55] Controller handshake initiated to /api/download-file/25-200-250/25-243/25-243-251210/25-243-Layout-251210.csv.
[2025-12-11 13:47:55] Controller handshake initiated to /api/download-file/25-200-250/25-243/25-243-251210/25-243-Layout-251210.dxf.
[2025-12-11 13:47:57] Controller handshake initiated to /api/download-file/25-200-250/25-243/25-243-251210/Control%20-%20Avalon%20-%20251210.csv.
[2025-12-11 13:47:57] Controller handshake initiated to /api/download-file/25-200-250/25-243/25-243-251210/job_info.json.
[2025-12-11 16:56:48] Controller handshake initiated to /api/log.
[2025-12-11 16:56:48] Controller opened data sync.
[2025-12-11 16:56:48] Controller handshake initiated to /api/templates.
[2025-12-11 16:56:48] Controller handshake initiated to /api/folders.
[2025-12-11 16:57:56] Controller handshake initiated to /api/log.
[2025-12-11 16:57:56] Controller clicked upload (25-200-250/25-243/25-243-251210/25-243-251210.job).
[2025-12-11 16:57:56] Controller handshake initiated to /api/upload-field-data-android.
[2025-12-11 16:58:44] Upload started: 25-200-250/25-243/25-243-251210 - 10 file(s) [ID: c3dd693d-e6c6-47e8-a6d1-7ea42ffa7180]
[2025-12-11 16:58:44]   File uploaded: 25-243-251210.job (0.08 MB) [ID: c3dd693d-e6c6-47e8-a6d1-7ea42ffa7180]
[2025-12-11 16:58:44]   File uploaded: 25-243-251211.csv (0.00 MB) [ID: c3dd693d-e6c6-47e8-a6d1-7ea42ffa7180]
[2025-12-11 16:58:44]   File uploaded: 25-243-251211.dxf (0.05 MB) [ID: c3dd693d-e6c6-47e8-a6d1-7ea42ffa7180]
[2025-12-11 16:58:44]   File uploaded: 25-243-Layout-251210.csv (0.00 MB) [ID: c3dd693d-e6c6-47e8-a6d1-7ea42ffa7180]
[2025-12-11 16:58:44]   File uploaded: 25-243-Layout-251210.dxf (0.32 MB) [ID: c3dd693d-e6c6-47e8-a6d1-7ea42ffa7180]
[2025-12-11 16:58:44]   File uploaded: IMG_2.jpg (4.88 MB) [ID: c3dd693d-e6c6-47e8-a6d1-7ea42ffa7180]
[2025-12-11 16:58:44]   File uploaded: IMG_3.jpg (4.51 MB) [ID: c3dd693d-e6c6-47e8-a6d1-7ea42ffa7180]
[2025-12-11 16:58:44]   File uploaded: IMG_1.jpg (4.76 MB) [ID: c3dd693d-e6c6-47e8-a6d1-7ea42ffa7180]
[2025-12-11 16:58:44]   File uploaded: IMG_4.jpg (4.87 MB) [ID: c3dd693d-e6c6-47e8-a6d1-7ea42ffa7180]
[2025-12-11 16:58:44]   File uploaded: IMG.jpg (4.67 MB) [ID: c3dd693d-e6c6-47e8-a6d1-7ea42ffa7180]
[2025-12-11 16:58:44] Upload completed: 25-200-250/25-243/25-243-251210 - 10 file(s), 24.13 MB in 0.0s (748881.3 KB/s) [ID: c3dd693d-e6c6-47e8-a6d1-7ea42ffa7180]
[2025-12-11 16:58:44] Controller handshake initiated to /api/folders.
[2025-12-12 15:25:39] Controller handshake initiated to /api/log.
[2025-12-12 15:25:39] Controller opened data sync.
[2025-12-12 15:25:39] Controller handshake initiated to /api/folders.
[2025-12-12 15:25:39] Controller handshake initiated to /api/templates.
[2025-12-12 15:26:38] Controller handshake initiated to /api/log.
[2025-12-12 15:26:38] Controller clicked upload (25-200-250/25-242/25-242-251209/25-242-251209.job).
[2025-12-12 15:26:39] Controller handshake initiated to /api/upload-field-data-android.
[2025-12-12 15:27:57] Upload started: 25-200-250/25-242/25-242-251209 - 21 file(s) [ID: cd9f0f69-4009-4341-bdb5-4700ab5b214a]
[2025-12-12 15:27:57]   File uploaded: 25-242-251209.job (0.15 MB) [ID: cd9f0f69-4009-4341-bdb5-4700ab5b214a]
[2025-12-12 15:27:57]   File uploaded: 25-242-251210.csv (0.01 MB) [ID: cd9f0f69-4009-4341-bdb5-4700ab5b214a]
[2025-12-12 15:27:57]   File uploaded: 25-242-251212.csv (0.01 MB) [ID: cd9f0f69-4009-4341-bdb5-4700ab5b214a]
[2025-12-12 15:27:57]   File uploaded: 25-242-251210.dxf (0.04 MB) [ID: cd9f0f69-4009-4341-bdb5-4700ab5b214a]
[2025-12-12 15:27:57]   File uploaded: 25-242-251212.dxf (0.06 MB) [ID: cd9f0f69-4009-4341-bdb5-4700ab5b214a]
[2025-12-12 15:27:57]   File uploaded: 25-242-Layout-251209.dxf (0.31 MB) [ID: cd9f0f69-4009-4341-bdb5-4700ab5b214a]
[2025-12-12 15:27:57]   File uploaded: 25-242-Layout-251209.csv (0.00 MB) [ID: cd9f0f69-4009-4341-bdb5-4700ab5b214a]
[2025-12-12 15:27:57]   File uploaded: IMG_9.jpg (4.53 MB) [ID: cd9f0f69-4009-4341-bdb5-4700ab5b214a]
[2025-12-12 15:27:57]   File uploaded: IMG_13.jpg (5.93 MB) [ID: cd9f0f69-4009-4341-bdb5-4700ab5b214a]
[2025-12-12 15:27:57]   File uploaded: IMG_11.jpg (4.92 MB) [ID: cd9f0f69-4009-4341-bdb5-4700ab5b214a]
[2025-12-12 15:27:57]   File uploaded: IMG_8.jpg (5.83 MB) [ID: cd9f0f69-4009-4341-bdb5-4700ab5b214a]
[2025-12-12 15:27:57]   File uploaded: IMG_4.jpg (5.70 MB) [ID: cd9f0f69-4009-4341-bdb5-4700ab5b214a]
[2025-12-12 15:27:57]   File uploaded: IMG_3.jpg (5.98 MB) [ID: cd9f0f69-4009-4341-bdb5-4700ab5b214a]
[2025-12-12 15:27:57]   File uploaded: IMG.jpg (5.30 MB) [ID: cd9f0f69-4009-4341-bdb5-4700ab5b214a]
[2025-12-12 15:27:57]   File uploaded: IMG_2.jpg (5.56 MB) [ID: cd9f0f69-4009-4341-bdb5-4700ab5b214a]
[2025-12-12 15:27:57]   File uploaded: IMG_12.jpg (5.24 MB) [ID: cd9f0f69-4009-4341-bdb5-4700ab5b214a]
[2025-12-12 15:27:57]   File uploaded: IMG_10.jpg (5.21 MB) [ID: cd9f0f69-4009-4341-bdb5-4700ab5b214a]
[2025-12-12 15:27:57]   File uploaded: IMG_6.jpg (4.59 MB) [ID: cd9f0f69-4009-4341-bdb5-4700ab5b214a]
[2025-12-12 15:27:57]   File uploaded: IMG_7.jpg (5.44 MB) [ID: cd9f0f69-4009-4341-bdb5-4700ab5b214a]
[2025-12-12 15:27:57]   File uploaded: IMG_1.jpg (5.15 MB) [ID: cd9f0f69-4009-4341-bdb5-4700ab5b214a]
[2025-12-12 15:27:57]   File uploaded: IMG_5.jpg (4.70 MB) [ID: cd9f0f69-4009-4341-bdb5-4700ab5b214a]
[2025-12-12 15:27:57] Upload completed: 25-200-250/25-242/25-242-251209 - 21 file(s), 74.69 MB in 0.1s (688995.8 KB/s) [ID: cd9f0f69-4009-4341-bdb5-4700ab5b214a]
[2025-12-12 15:27:58] Controller handshake initiated to /api/folders.
[2025-12-12 16:21:36] Controller handshake initiated to /api/log.
[2025-12-12 16:21:36] Controller opened data sync.
[2025-12-12 16:21:36] Controller handshake initiated to /api/folders.
[2025-12-12 16:21:36] Controller handshake initiated to /api/templates.
[2025-12-12 16:23:51] Controller handshake initiated to /api/log.
[2025-12-12 16:23:51] Controller clicked upload (25-200-250/25-242/25-242-251209/25-242-251209.job).
[2025-12-12 16:23:51] Controller handshake initiated to /api/upload-field-data-android.
[2025-12-12 16:25:42] Upload started: 25-200-250/25-242/25-242-251209 - 28 file(s) [ID: d7653e8c-06e7-4744-b201-bf650fa8d194]
[2025-12-12 16:25:42]   File uploaded: 25-242-251209.job (0.16 MB) [ID: d7653e8c-06e7-4744-b201-bf650fa8d194]
[2025-12-12 16:25:42]   File uploaded: 25-242-251210.csv (0.01 MB) [ID: d7653e8c-06e7-4744-b201-bf650fa8d194]
[2025-12-12 16:25:42]   File uploaded: 25-242-251212-R1.csv (0.01 MB) [ID: d7653e8c-06e7-4744-b201-bf650fa8d194]
[2025-12-12 16:25:42]   File uploaded: 25-242-251212-R1.dxf (0.06 MB) [ID: d7653e8c-06e7-4744-b201-bf650fa8d194]
[2025-12-12 16:25:42]   File uploaded: 25-242-251212.csv (0.01 MB) [ID: d7653e8c-06e7-4744-b201-bf650fa8d194]
[2025-12-12 16:25:42]   File uploaded: 25-242-251210.dxf (0.04 MB) [ID: d7653e8c-06e7-4744-b201-bf650fa8d194]
[2025-12-12 16:25:42]   File uploaded: 25-242-251212.dxf (0.06 MB) [ID: d7653e8c-06e7-4744-b201-bf650fa8d194]
[2025-12-12 16:25:42]   File uploaded: 25-242-Layout-251209.dxf (0.31 MB) [ID: d7653e8c-06e7-4744-b201-bf650fa8d194]
[2025-12-12 16:25:42]   File uploaded: 25-242-Layout-251209.csv (0.00 MB) [ID: d7653e8c-06e7-4744-b201-bf650fa8d194]
[2025-12-12 16:25:42]   File uploaded: IMG_9.jpg (4.53 MB) [ID: d7653e8c-06e7-4744-b201-bf650fa8d194]
[2025-12-12 16:25:42]   File uploaded: IMG_13.jpg (5.93 MB) [ID: d7653e8c-06e7-4744-b201-bf650fa8d194]
[2025-12-12 16:25:42]   File uploaded: IMG_17.jpg (7.56 MB) [ID: d7653e8c-06e7-4744-b201-bf650fa8d194]
[2025-12-12 16:25:42]   File uploaded: IMG_11.jpg (4.92 MB) [ID: d7653e8c-06e7-4744-b201-bf650fa8d194]
[2025-12-12 16:25:42]   File uploaded: IMG_14.jpg (5.10 MB) [ID: d7653e8c-06e7-4744-b201-bf650fa8d194]
[2025-12-12 16:25:42]   File uploaded: IMG_8.jpg (5.83 MB) [ID: d7653e8c-06e7-4744-b201-bf650fa8d194]
[2025-12-12 16:25:42]   File uploaded: IMG_4.jpg (5.70 MB) [ID: d7653e8c-06e7-4744-b201-bf650fa8d194]
[2025-12-12 16:25:42]   File uploaded: IMG_3.jpg (5.98 MB) [ID: d7653e8c-06e7-4744-b201-bf650fa8d194]
[2025-12-12 16:25:42]   File uploaded: IMG.jpg (5.30 MB) [ID: d7653e8c-06e7-4744-b201-bf650fa8d194]
[2025-12-12 16:25:42]   File uploaded: IMG_15.jpg (6.02 MB) [ID: d7653e8c-06e7-4744-b201-bf650fa8d194]
[2025-12-12 16:25:42]   File uploaded: IMG_2.jpg (5.56 MB) [ID: d7653e8c-06e7-4744-b201-bf650fa8d194]
[2025-12-12 16:25:42]   File uploaded: IMG_12.jpg (5.24 MB) [ID: d7653e8c-06e7-4744-b201-bf650fa8d194]
[2025-12-12 16:25:42]   File uploaded: IMG_10.jpg (5.21 MB) [ID: d7653e8c-06e7-4744-b201-bf650fa8d194]
[2025-12-12 16:25:42]   File uploaded: IMG_6.jpg (4.59 MB) [ID: d7653e8c-06e7-4744-b201-bf650fa8d194]
[2025-12-12 16:25:42]   File uploaded: IMG_16.jpg (7.67 MB) [ID: d7653e8c-06e7-4744-b201-bf650fa8d194]
[2025-12-12 16:25:42]   File uploaded: IMG_7.jpg (5.44 MB) [ID: d7653e8c-06e7-4744-b201-bf650fa8d194]
[2025-12-12 16:25:42]   File uploaded: IMG_1.jpg (5.15 MB) [ID: d7653e8c-06e7-4744-b201-bf650fa8d194]
[2025-12-12 16:25:42]   File uploaded: IMG_18.jpg (4.58 MB) [ID: d7653e8c-06e7-4744-b201-bf650fa8d194]
[2025-12-12 16:25:42]   File uploaded: IMG_5.jpg (4.70 MB) [ID: d7653e8c-06e7-4744-b201-bf650fa8d194]
[2025-12-12 16:25:42] Upload completed: 25-200-250/25-242/25-242-251209 - 28 file(s), 105.70 MB in 0.1s (1011524.1 KB/s) [ID: d7653e8c-06e7-4744-b201-bf650fa8d194]
[2025-12-12 16:25:42] Controller handshake initiated to /api/folders.
[2025-12-12 18:47:38] Controller handshake initiated to /api/log.
[2025-12-12 18:47:38] Controller opened data sync.
[2025-12-12 18:47:38] Controller handshake initiated to /api/folders.
[2025-12-12 18:47:38] Controller handshake initiated to /api/templates.
[2025-12-12 18:48:40] Controller handshake initiated to /api/log.
[2025-12-12 18:48:40] Controller clicked download (25-200-250/25-241/25-241-251210).
[2025-12-12 18:48:41] Controller handshake initiated to /api/download-job/25-200-250/25-241/25-241-251210.
[2025-12-12 18:48:41] Controller handshake initiated to /api/download-file/25-200-250/25-241/25-241-251210/25-241-251210.job.
[2025-12-12 18:48:41] Controller handshake initiated to /api/download-file/25-200-250/25-241/25-241-251210/25-241-251210.jxl.
[2025-12-12 18:48:42] Controller handshake initiated to /api/download-file/25-200-250/25-241/25-241-251210/25-241-Layout-251210.csv.
[2025-12-12 18:48:42] Controller handshake initiated to /api/download-file/25-200-250/25-241/25-241-251210/25-241-Layout-251210.dxf.
[2025-12-12 18:48:42] Controller handshake initiated to /api/download-file/25-200-250/25-241/25-241-251210/Control%20-%20Avalon%20-%20251210.csv.
[2025-12-12 18:48:43] Controller handshake initiated to /api/download-file/25-200-250/25-241/25-241-251210/job_info.json.
[2025-12-15 15:11:09] Controller handshake initiated to /api/log.
[2025-12-15 15:11:09] Controller opened data sync.
[2025-12-15 15:11:09] Controller handshake initiated to /api/templates.
[2025-12-15 15:11:09] Controller handshake initiated to /api/folders.
[2025-12-15 15:12:33] Controller handshake initiated to /api/log.
[2025-12-15 15:12:33] Controller clicked upload (25-200-250/25-241/25-241-251210/25-241-251210.job).
[2025-12-15 15:12:34] Controller handshake initiated to /api/upload-field-data-android.
[2025-12-15 15:13:28] Upload started: 25-200-250/25-241/25-241-251210 - 15 file(s) [ID: 3ccec563-8ffc-45c3-8e1c-11aedab0bc5e]
[2025-12-15 15:13:28]   File uploaded: 25-241-251210.job (0.12 MB) [ID: 3ccec563-8ffc-45c3-8e1c-11aedab0bc5e]
[2025-12-15 15:13:28]   File uploaded: 25-241-251215.dxf (0.07 MB) [ID: 3ccec563-8ffc-45c3-8e1c-11aedab0bc5e]
[2025-12-15 15:13:28]   File uploaded: 25-241-251215.csv (0.01 MB) [ID: 3ccec563-8ffc-45c3-8e1c-11aedab0bc5e]
[2025-12-15 15:13:28]   File uploaded: 25-241-Layout-251210.dxf (0.32 MB) [ID: 3ccec563-8ffc-45c3-8e1c-11aedab0bc5e]
[2025-12-15 15:13:28]   File uploaded: 25-241-Layout-251210.csv (0.00 MB) [ID: 3ccec563-8ffc-45c3-8e1c-11aedab0bc5e]
[2025-12-15 15:13:28]   File uploaded: IMG_8.jpg (4.97 MB) [ID: 3ccec563-8ffc-45c3-8e1c-11aedab0bc5e]
[2025-12-15 15:13:28]   File uploaded: IMG_4.jpg (6.61 MB) [ID: 3ccec563-8ffc-45c3-8e1c-11aedab0bc5e]
[2025-12-15 15:13:28]   File uploaded: IMG_2.jpg (4.89 MB) [ID: 3ccec563-8ffc-45c3-8e1c-11aedab0bc5e]
[2025-12-15 15:13:28]   File uploaded: IMG_5.jpg (4.49 MB) [ID: 3ccec563-8ffc-45c3-8e1c-11aedab0bc5e]
[2025-12-15 15:13:28]   File uploaded: IMG_3.jpg (5.58 MB) [ID: 3ccec563-8ffc-45c3-8e1c-11aedab0bc5e]
[2025-12-15 15:13:28]   File uploaded: IMG_9.jpg (5.18 MB) [ID: 3ccec563-8ffc-45c3-8e1c-11aedab0bc5e]
[2025-12-15 15:13:28]   File uploaded: IMG_1.jpg (5.46 MB) [ID: 3ccec563-8ffc-45c3-8e1c-11aedab0bc5e]
[2025-12-15 15:13:28]   File uploaded: IMG_7.jpg (6.00 MB) [ID: 3ccec563-8ffc-45c3-8e1c-11aedab0bc5e]
[2025-12-15 15:13:28]   File uploaded: IMG_6.jpg (4.70 MB) [ID: 3ccec563-8ffc-45c3-8e1c-11aedab0bc5e]
[2025-12-15 15:13:28]   File uploaded: IMG.jpg (5.45 MB) [ID: 3ccec563-8ffc-45c3-8e1c-11aedab0bc5e]
[2025-12-15 15:13:28] Upload completed: 25-200-250/25-241/25-241-251210 - 15 file(s), 53.84 MB in 0.1s (448240.6 KB/s) [ID: 3ccec563-8ffc-45c3-8e1c-11aedab0bc5e]
[2025-12-15 15:13:29] Controller handshake initiated to /api/folders.
[2025-12-15 15:30:45] Job created: 23-000-400/23-186/23-186-251215
[2025-12-15 15:30:46] Upload started: 23-000-400/23-186/23-186-251215 - 2 file(s) [ID: 3a35d072-ca53-4647-b8e3-d64691b7300b]
[2025-12-15 15:30:46]   File uploaded: 23-186-Pinning-251215.dxf (0.33 MB) [ID: 3a35d072-ca53-4647-b8e3-d64691b7300b]
[2025-12-15 15:30:46]   File uploaded: 23-186-Pinning-251215.csv (0.00 MB) [ID: 3a35d072-ca53-4647-b8e3-d64691b7300b]
[2025-12-15 15:30:46] Upload completed: 23-000-400/23-186/23-186-251215 - 2 file(s), 0.33 MB in 0.0s (15899.6 KB/s) [ID: 3a35d072-ca53-4647-b8e3-d64691b7300b]
[2025-12-15 17:35:56] Controller handshake initiated to /api/log.
[2025-12-15 17:35:56] Controller opened data sync.
[2025-12-15 17:35:56] Controller handshake initiated to /api/templates.
[2025-12-15 17:35:56] Controller handshake initiated to /api/folders.
[2025-12-15 17:36:58] Controller handshake initiated to /api/log.
[2025-12-15 17:36:58] Controller clicked download (23-000-400/23-186/23-186-251215).
[2025-12-15 17:36:58] Controller handshake initiated to /api/download-job/23-000-400/23-186/23-186-251215.
[2025-12-15 17:36:58] Controller handshake initiated to /api/download-file/23-000-400/23-186/23-186-251215/23-186-251215.job.
[2025-12-15 17:36:59] Controller handshake initiated to /api/download-file/23-000-400/23-186/23-186-251215/23-186-251215.jxl.
[2025-12-15 17:36:59] Controller handshake initiated to /api/download-file/23-000-400/23-186/23-186-251215/23-186-Pinning-251215.csv.
[2025-12-15 17:36:59] Controller handshake initiated to /api/download-file/23-000-400/23-186/23-186-251215/23-186-Pinning-251215.dxf.
[2025-12-15 17:36:59] Controller handshake initiated to /api/download-file/23-000-400/23-186/23-186-251215/Control%20-%20Avalon%20-%20251215.csv.
[2025-12-15 17:37:00] Controller handshake initiated to /api/download-file/23-000-400/23-186/23-186-251215/job_info.json.
[2025-12-15 19:06:16] Controller handshake initiated to /api/log.
[2025-12-15 19:06:16] Controller opened data sync.
[2025-12-15 19:06:16] Controller handshake initiated to /api/templates.
[2025-12-15 19:06:16] Controller handshake initiated to /api/folders.
[2025-12-15 19:07:13] Controller handshake initiated to /api/log.
[2025-12-15 19:07:13] Controller opened data sync.
[2025-12-15 19:07:13] Controller handshake initiated to /api/folders.
[2025-12-15 19:07:13] Controller handshake initiated to /api/templates.
[2025-12-15 19:07:45] Controller handshake initiated to /api/log.
[2025-12-15 19:07:45] Controller opened data sync.
[2025-12-15 19:07:45] Controller handshake initiated to /api/folders.
[2025-12-15 19:07:45] Controller handshake initiated to /api/templates.
[2025-12-15 19:08:41] Controller handshake initiated to /api/log.
[2025-12-15 19:08:41] Controller clicked upload (23-000-400/23-186/23-186-251215/23-186-251215.job).
[2025-12-15 19:08:42] Controller handshake initiated to /api/upload-field-data-android.
[2025-12-15 19:08:42] Upload started: 23-000-400/23-186/23-186-251215 - 2 file(s) [ID: 945a24b4-9ac0-4bd6-9857-4402bced85f8]
[2025-12-15 19:08:42]   File uploaded: 23-186-251215.job (0.02 MB) [ID: 945a24b4-9ac0-4bd6-9857-4402bced85f8]
[2025-12-15 19:08:42]   File uploaded: 23-186-251215.csv (0.00 MB) [ID: 945a24b4-9ac0-4bd6-9857-4402bced85f8]
[2025-12-15 19:08:42] Upload completed: 23-000-400/23-186/23-186-251215 - 2 file(s), 0.02 MB in 0.0s (10951.2 KB/s) [ID: 945a24b4-9ac0-4bd6-9857-4402bced85f8]
[2025-12-15 19:08:42] Controller handshake initiated to /api/folders.
[2025-12-15 19:09:16] Controller handshake initiated to /api/log.
[2025-12-15 19:09:16] Controller opened data sync.
[2025-12-15 19:09:16] Controller handshake initiated to /api/folders.
[2025-12-15 19:09:16] Controller handshake initiated to /api/templates.
[2025-12-15 19:13:14] Controller handshake initiated to /api/log.
[2025-12-15 19:13:14] Controller opened data sync.
[2025-12-15 19:13:14] Controller handshake initiated to /api/folders.
[2025-12-15 19:13:14] Controller handshake initiated to /api/templates.
[2025-12-15 19:17:54] Folder created: 25-200-250/25-241/25-244
[2025-12-15 19:18:06] Folder created: 25-200-250/25-244
[2025-12-15 19:18:27] Controller handshake initiated to /api/folders.
[2025-12-15 19:18:27] Controller handshake initiated to /api/log.
[2025-12-15 19:18:27] Controller opened data sync.
[2025-12-15 19:18:27] Controller handshake initiated to /api/templates.
[2025-12-15 19:19:36] Job created: 25-200-250/25-244/25-244-251215
[2025-12-15 19:19:37] Upload started: 25-200-250/25-244/25-244-251215 - 2 file(s) [ID: d8982be8-2cce-438e-bf6b-7e0a62377042]
[2025-12-15 19:19:37]   File uploaded: 25-244-Layout-251215.csv (0.00 MB) [ID: d8982be8-2cce-438e-bf6b-7e0a62377042]
[2025-12-15 19:19:37]   File uploaded: 25-244-Layout-251215.dxf (0.33 MB) [ID: d8982be8-2cce-438e-bf6b-7e0a62377042]
[2025-12-15 19:19:37] Upload completed: 25-200-250/25-244/25-244-251215 - 2 file(s), 0.33 MB in 0.0s (112609.0 KB/s) [ID: d8982be8-2cce-438e-bf6b-7e0a62377042]
[2025-12-16 12:53:55] Job created: 25-150-200/25-170/25-170-251216
[2025-12-16 12:53:55] Upload started: 25-150-200/25-170/25-170-251216 - 2 file(s) [ID: 1ed94dda-6e2a-4dc8-9ea7-64277de84501]
[2025-12-16 12:53:55]   File uploaded: 25-170-Pinning-251216.dxf (0.32 MB) [ID: 1ed94dda-6e2a-4dc8-9ea7-64277de84501]
[2025-12-16 12:53:55]   File uploaded: 25-170-Pinning-251216.csv (0.00 MB) [ID: 1ed94dda-6e2a-4dc8-9ea7-64277de84501]
[2025-12-16 12:53:55] Upload completed: 25-150-200/25-170/25-170-251216 - 2 file(s), 0.32 MB in 0.0s (161839.4 KB/s) [ID: 1ed94dda-6e2a-4dc8-9ea7-64277de84501]
[2025-12-16 13:12:01] Folder created: 25-200-250/25-245
[2025-12-16 13:12:20] Job created: 25-200-250/25-245/25-245-251216
[2025-12-16 13:12:21] Upload started: 25-200-250/25-245/25-245-251216 - 2 file(s) [ID: 879528d9-5cb9-4c95-b4f3-fd9f9a760ab0]
[2025-12-16 13:12:21]   File uploaded: 25-245-Layout-25116.csv (0.00 MB) [ID: 879528d9-5cb9-4c95-b4f3-fd9f9a760ab0]
[2025-12-16 13:12:21]   File uploaded: 25-245-Layout-25116.dxf (0.33 MB) [ID: 879528d9-5cb9-4c95-b4f3-fd9f9a760ab0]
[2025-12-16 13:12:21] Upload completed: 25-200-250/25-245/25-245-251216 - 2 file(s), 0.33 MB in 0.0s (166665.5 KB/s) [ID: 879528d9-5cb9-4c95-b4f3-fd9f9a760ab0]
[2025-12-16 13:30:23] Job created: 23-000-400/23-186/23-186-251216
[2025-12-16 13:30:24] Upload started: 23-000-400/23-186/23-186-251216 - 2 file(s) [ID: ed8b6662-416c-4dec-8a91-d32cdd627725]
[2025-12-16 13:30:24]   File uploaded: 23-186-Pinning-Part1-251216.dxf (0.41 MB) [ID: ed8b6662-416c-4dec-8a91-d32cdd627725]
[2025-12-16 13:30:24]   File uploaded: 23-186-Pinning-Part1-251216.csv (0.00 MB) [ID: ed8b6662-416c-4dec-8a91-d32cdd627725]
[2025-12-16 13:30:24] Upload completed: 23-000-400/23-186/23-186-251216 - 2 file(s), 0.42 MB in 0.0s (212789.6 KB/s) [ID: ed8b6662-416c-4dec-8a91-d32cdd627725]
[2025-12-16 13:58:04] Controller handshake initiated to /api/log.
[2025-12-16 13:58:04] Controller clicked download (25-150-200/25-170/25-170-250903).
[2025-12-16 13:58:04] Controller handshake initiated to /api/download-job/25-150-200/25-170/25-170-250903.
[2025-12-16 13:58:04] Controller handshake initiated to /api/download-file/25-150-200/25-170/25-170-250903/25-170-250903.job.
[2025-12-16 13:58:05] Controller handshake initiated to /api/download-file/25-150-200/25-170/25-170-250903/25-170-250903.jxl.
[2025-12-16 13:58:05] Controller handshake initiated to /api/download-file/25-150-200/25-170/25-170-250903/25-170-Layout-250903-R1.csv.
[2025-12-16 13:58:05] Controller handshake initiated to /api/download-file/25-150-200/25-170/25-170-250903/25-170-Layout-250903-R1.dxf.
[2025-12-16 13:58:14] Controller handshake initiated to /api/download-file/25-150-200/25-170/25-170-250903/25-170-Layout-250903.csv.
[2025-12-16 13:58:14] Controller handshake initiated to /api/download-file/25-150-200/25-170/25-170-250903/25-170-Layout-250903.dxf.
[2025-12-16 13:58:15] Controller handshake initiated to /api/download-file/25-150-200/25-170/25-170-250903/Control%20-%20Avalon%20-%20250903.csv.
[2025-12-16 13:58:15] Controller handshake initiated to /api/download-file/25-150-200/25-170/25-170-250903/Field_Data/090325-0104PM/25-170-250903.dxf.
[2025-12-16 13:58:15] Controller handshake initiated to /api/download-file/25-150-200/25-170/25-170-250903/Field_Data/090325-0104PM/25-170-250903.job.
[2025-12-16 13:58:15] Controller handshake initiated to /api/download-file/25-150-200/25-170/25-170-250903/Field_Data/090325-0104PM/25-170-Layout-250903.csv.
[2025-12-16 13:58:15] Controller handshake initiated to /api/download-file/25-150-200/25-170/25-170-250903/Field_Data/090325-0104PM/25-170-Layout-250903.dxf.
[2025-12-16 13:58:16] Controller handshake initiated to /api/download-file/25-150-200/25-170/25-170-250903/Field_Data/090325-0109PM/25-170-250903-R1.csv.
[2025-12-16 13:58:16] Controller handshake initiated to /api/download-file/25-150-200/25-170/25-170-250903/Field_Data/090325-0109PM/25-170-250903.dxf.
[2025-12-16 13:58:16] Controller handshake initiated to /api/download-file/25-150-200/25-170/25-170-250903/Field_Data/090325-0109PM/25-170-250903.job.
[2025-12-16 13:58:16] Controller handshake initiated to /api/download-file/25-150-200/25-170/25-170-250903/Field_Data/090325-0109PM/25-170-Layout-250903.csv.
[2025-12-16 13:58:16] Controller handshake initiated to /api/download-file/25-150-200/25-170/25-170-250903/Field_Data/090325-0109PM/25-170-Layout-250903.dxf.
[2025-12-16 13:58:17] Controller handshake initiated to /api/download-file/25-150-200/25-170/25-170-250903/Field_Data/090325-0213PM/25-170-250903-R1.csv.
[2025-12-16 13:58:17] Controller handshake initiated to /api/download-file/25-150-200/25-170/25-170-250903/Field_Data/090325-0213PM/25-170-250903-R2.csv.
[2025-12-16 13:58:17] Controller handshake initiated to /api/download-file/25-150-200/25-170/25-170-250903/Field_Data/090325-0213PM/25-170-250903-R4.csv.
[2025-12-16 13:58:17] Controller handshake initiated to /api/download-file/25-150-200/25-170/25-170-250903/Field_Data/090325-0213PM/25-170-250903.dxf.
[2025-12-16 13:58:18] Controller handshake initiated to /api/download-file/25-150-200/25-170/25-170-250903/Field_Data/090325-0213PM/25-170-250903.job.
[2025-12-16 13:58:18] Controller handshake initiated to /api/download-file/25-150-200/25-170/25-170-250903/Field_Data/090325-0213PM/25-170-Layout-250903.csv.
[2025-12-16 13:58:18] Controller handshake initiated to /api/download-file/25-150-200/25-170/25-170-250903/Field_Data/090325-0213PM/25-170-Layout-250903.dxf.
[2025-12-16 13:58:18] Controller handshake initiated to /api/download-file/25-150-200/25-170/25-170-250903/Field_Data/090325-0213PM/IMG.jpg.
[2025-12-16 13:58:23] Controller handshake initiated to /api/download-file/25-150-200/25-170/25-170-250903/Field_Data/090325-0401PM/25-170-250903-R1.csv.
[2025-12-16 13:58:24] Controller handshake initiated to /api/download-file/25-150-200/25-170/25-170-250903/Field_Data/090325-0401PM/25-170-250903-R10.csv.
[2025-12-16 13:58:24] Controller handshake initiated to /api/download-file/25-150-200/25-170/25-170-250903/Field_Data/090325-0401PM/25-170-250903-R10.dxf.
[2025-12-16 13:58:24] Controller handshake initiated to /api/download-file/25-150-200/25-170/25-170-250903/Field_Data/090325-0401PM/25-170-250903-R2.csv.
[2025-12-16 13:58:24] Controller handshake initiated to /api/download-file/25-150-200/25-170/25-170-250903/Field_Data/090325-0401PM/25-170-250903-R4.csv.
[2025-12-16 13:58:24] Controller handshake initiated to /api/download-file/25-150-200/25-170/25-170-250903/Field_Data/090325-0401PM/25-170-250903.dxf.
[2025-12-16 13:58:25] Controller handshake initiated to /api/download-file/25-150-200/25-170/25-170-250903/Field_Data/090325-0401PM/25-170-250903.job.
[2025-12-16 13:58:25] Controller handshake initiated to /api/download-file/25-150-200/25-170/25-170-250903/Field_Data/090325-0401PM/25-170-Layout-250903-R1.csv.
[2025-12-16 13:58:25] Controller handshake initiated to /api/download-file/25-150-200/25-170/25-170-250903/Field_Data/090325-0401PM/25-170-Layout-250903-R1.dxf.
[2025-12-16 13:58:25] Controller handshake initiated to /api/download-file/25-150-200/25-170/25-170-250903/Field_Data/090325-0401PM/25-170-Layout-250903.csv.
[2025-12-16 13:58:25] Controller handshake initiated to /api/download-file/25-150-200/25-170/25-170-250903/Field_Data/090325-0401PM/25-170-Layout-250903.dxf.
[2025-12-16 13:58:26] Controller handshake initiated to /api/download-file/25-150-200/25-170/25-170-250903/Field_Data/090325-0401PM/IMG.jpg.
[2025-12-16 13:58:31] Controller handshake initiated to /api/download-file/25-150-200/25-170/25-170-250903/Field_Data/090325-0402PM/25-170-250903-R1.csv.
[2025-12-16 13:58:31] Controller handshake initiated to /api/download-file/25-150-200/25-170/25-170-250903/Field_Data/090325-0402PM/25-170-250903-R10.csv.
[2025-12-16 13:58:31] Controller handshake initiated to /api/download-file/25-150-200/25-170/25-170-250903/Field_Data/090325-0402PM/25-170-250903-R10.dxf.
[2025-12-16 13:58:31] Controller handshake initiated to /api/download-file/25-150-200/25-170/25-170-250903/Field_Data/090325-0402PM/25-170-250903-R2.csv.
[2025-12-16 13:58:32] Controller handshake initiated to /api/download-file/25-150-200/25-170/25-170-250903/Field_Data/090325-0402PM/25-170-250903-R4.csv.
[2025-12-16 13:58:32] Controller handshake initiated to /api/download-file/25-150-200/25-170/25-170-250903/Field_Data/090325-0402PM/25-170-250903.dxf.
[2025-12-16 13:58:32] Controller handshake initiated to /api/download-file/25-150-200/25-170/25-170-250903/Field_Data/090325-0402PM/25-170-250903.job.
[2025-12-16 13:58:32] Controller handshake initiated to /api/download-file/25-150-200/25-170/25-170-250903/Field_Data/090325-0402PM/25-170-Layout-250903-R1.csv.
[2025-12-16 13:58:32] Controller handshake initiated to /api/download-file/25-150-200/25-170/25-170-250903/Field_Data/090325-0402PM/25-170-Layout-250903-R1.dxf.
[2025-12-16 13:58:33] Controller handshake initiated to /api/download-file/25-150-200/25-170/25-170-250903/Field_Data/090325-0402PM/25-170-Layout-250903.csv.
[2025-12-16 13:58:33] Controller handshake initiated to /api/download-file/25-150-200/25-170/25-170-250903/Field_Data/090325-0402PM/25-170-Layout-250903.dxf.
[2025-12-16 13:58:33] Controller handshake initiated to /api/download-file/25-150-200/25-170/25-170-250903/Field_Data/090325-0402PM/IMG.jpg.
[2025-12-16 13:58:38] Controller handshake initiated to /api/download-file/25-150-200/25-170/25-170-250903/Field_Data/090325-0545PM/25-170-250903-R1.csv.
[2025-12-16 13:58:39] Controller handshake initiated to /api/download-file/25-150-200/25-170/25-170-250903/Field_Data/090325-0545PM/25-170-250903-R10.csv.
[2025-12-16 13:58:39] Controller handshake initiated to /api/download-file/25-150-200/25-170/25-170-250903/Field_Data/090325-0545PM/25-170-250903-R10.dxf.
[2025-12-16 13:58:39] Controller handshake initiated to /api/download-file/25-150-200/25-170/25-170-250903/Field_Data/090325-0545PM/25-170-250903-R11.csv.
[2025-12-16 13:58:39] Controller handshake initiated to /api/download-file/25-150-200/25-170/25-170-250903/Field_Data/090325-0545PM/25-170-250903-R11.dxf.
[2025-12-16 13:58:39] Controller handshake initiated to /api/download-file/25-150-200/25-170/25-170-250903/Field_Data/090325-0545PM/25-170-250903-R2.csv.
[2025-12-16 13:58:39] Controller handshake initiated to /api/download-file/25-150-200/25-170/25-170-250903/Field_Data/090325-0545PM/25-170-250903-R4.csv.
[2025-12-16 13:58:40] Controller handshake initiated to /api/download-file/25-150-200/25-170/25-170-250903/Field_Data/090325-0545PM/25-170-250903.dxf.
[2025-12-16 13:58:40] Controller handshake initiated to /api/download-file/25-150-200/25-170/25-170-250903/Field_Data/090325-0545PM/25-170-250903.job.
[2025-12-16 13:58:40] Controller handshake initiated to /api/download-file/25-150-200/25-170/25-170-250903/Field_Data/090325-0545PM/25-170-Layout-250903-R1.csv.
[2025-12-16 13:58:40] Controller handshake initiated to /api/download-file/25-150-200/25-170/25-170-250903/Field_Data/090325-0545PM/25-170-Layout-250903-R1.dxf.
[2025-12-16 13:58:40] Controller handshake initiated to /api/download-file/25-150-200/25-170/25-170-250903/Field_Data/090325-0545PM/25-170-Layout-250903.csv.
[2025-12-16 13:58:41] Controller handshake initiated to /api/download-file/25-150-200/25-170/25-170-250903/Field_Data/090325-0545PM/25-170-Layout-250903.dxf.
[2025-12-16 13:58:41] Controller handshake initiated to /api/download-file/25-150-200/25-170/25-170-250903/Field_Data/090325-0545PM/IMG.jpg.
[2025-12-16 13:58:46] Controller handshake initiated to /api/download-file/25-150-200/25-170/25-170-250903/Field_Data/090325-0545PM/IMG_1.jpg.
[2025-12-16 14:01:05] Controller handshake initiated to /api/log.
[2025-12-16 14:01:05] Controller opened data sync.
[2025-12-16 14:01:05] Controller handshake initiated to /api/templates.
[2025-12-16 14:01:05] Controller handshake initiated to /api/folders.
[2025-12-16 14:07:56] Controller handshake initiated to /api/folders.
[2025-12-16 14:07:56] Controller handshake initiated to /api/log.
[2025-12-16 14:07:56] Controller opened data sync.
[2025-12-16 14:07:56] Controller handshake initiated to /api/templates.
[2025-12-16 14:08:58] Controller handshake initiated to /api/log.
[2025-12-16 14:08:58] Controller clicked download (25-150-200/25-170/25-170-251216).
[2025-12-16 14:08:59] Controller handshake initiated to /api/download-job/25-150-200/25-170/25-170-251216.
[2025-12-16 14:08:59] Controller handshake initiated to /api/download-file/25-150-200/25-170/25-170-251216/25-170-251216.job.
[2025-12-16 14:08:59] Controller handshake initiated to /api/download-file/25-150-200/25-170/25-170-251216/25-170-251216.jxl.
[2025-12-16 14:08:59] Controller handshake initiated to /api/download-file/25-150-200/25-170/25-170-251216/25-170-Pinning-251216.csv.
[2025-12-16 14:09:00] Controller handshake initiated to /api/download-file/25-150-200/25-170/25-170-251216/25-170-Pinning-251216.dxf.
[2025-12-16 14:09:01] Controller handshake initiated to /api/download-file/25-150-200/25-170/25-170-251216/Control%20-%20Avalon%20-%20251216.csv.
[2025-12-16 14:09:01] Controller handshake initiated to /api/download-file/25-150-200/25-170/25-170-251216/job_info.json.
[2025-12-16 14:38:38] Controller handshake initiated to /api/log.
[2025-12-16 14:38:38] Controller opened data sync.
[2025-12-16 14:38:38] Controller handshake initiated to /api/templates.
[2025-12-16 14:38:38] Controller handshake initiated to /api/folders.
[2025-12-16 14:39:49] Controller handshake initiated to /api/log.
[2025-12-16 14:39:49] Controller clicked download (25-200-250/25-245).
[2025-12-16 14:39:49] Controller handshake initiated to /api/download-job/25-200-250/25-245.
[2025-12-16 14:39:49] Controller handshake initiated to /api/download-file/25-200-250/25-245/25-245-251216/25-245-251216.job.
[2025-12-16 14:39:49] Controller handshake initiated to /api/download-file/25-200-250/25-245/25-245-251216/25-245-251216.jxl.
[2025-12-16 14:39:50] Controller handshake initiated to /api/download-file/25-200-250/25-245/25-245-251216/25-245-Layout-25116.csv.
[2025-12-16 14:39:50] Controller handshake initiated to /api/download-file/25-200-250/25-245/25-245-251216/25-245-Layout-25116.dxf.
[2025-12-16 14:39:50] Controller handshake initiated to /api/download-file/25-200-250/25-245/25-245-251216/Control%20-%20Avalon%20-%20251216.csv.
[2025-12-16 14:39:50] Controller handshake initiated to /api/download-file/25-200-250/25-245/25-245-251216/job_info.json.
[2025-12-16 14:40:29] Controller handshake initiated to /api/download-job/25-200-250/25-244/25-244-251215.
[2025-12-16 14:40:29] Controller handshake initiated to /api/log.
[2025-12-16 14:40:29] Controller clicked download (25-200-250/25-244/25-244-251215).
[2025-12-16 14:40:30] Controller handshake initiated to /api/download-file/25-200-250/25-244/25-244-251215/25-244-251215.job.
[2025-12-16 14:40:30] Controller handshake initiated to /api/download-file/25-200-250/25-244/25-244-251215/25-244-251215.jxl.
[2025-12-16 14:40:30] Controller handshake initiated to /api/download-file/25-200-250/25-244/25-244-251215/25-244-Layout-251215.csv.
[2025-12-16 14:40:30] Controller handshake initiated to /api/download-file/25-200-250/25-244/25-244-251215/25-244-Layout-251215.dxf.
[2025-12-16 14:40:31] Controller handshake initiated to /api/download-file/25-200-250/25-244/25-244-251215/Control%20-%20Avalon%20-%20251215.csv.
[2025-12-16 14:40:31] Controller handshake initiated to /api/download-file/25-200-250/25-244/25-244-251215/job_info.json.
[2025-12-16 16:33:47] Controller handshake initiated to /api/log.
[2025-12-16 16:33:47] Controller opened data sync.
[2025-12-16 16:33:47] Controller handshake initiated to /api/folders.
[2025-12-16 16:33:47] Controller handshake initiated to /api/templates.
[2025-12-16 16:34:46] Controller handshake initiated to /api/log.
[2025-12-16 16:34:46] Controller clicked upload (25-200-250/25-245/25-245-251216/25-245-251216.job).
[2025-12-16 16:34:48] Controller handshake initiated to /api/upload-field-data-android.
[2025-12-16 16:34:50] Upload started: 25-200-250/25-245/25-245-251216 - 5 file(s) [ID: 026d5f74-88fd-4abe-87c5-39174eb1e0ca]
[2025-12-16 16:34:50]   File uploaded: 25-245-251216.job (0.05 MB) [ID: 026d5f74-88fd-4abe-87c5-39174eb1e0ca]
[2025-12-16 16:34:50]   File uploaded: 25-245-251216.csv (0.00 MB) [ID: 026d5f74-88fd-4abe-87c5-39174eb1e0ca]
[2025-12-16 16:34:50]   File uploaded: 25-245-251216.dxf (0.03 MB) [ID: 026d5f74-88fd-4abe-87c5-39174eb1e0ca]
[2025-12-16 16:34:50]   File uploaded: 25-245-Layout-25116.csv (0.00 MB) [ID: 026d5f74-88fd-4abe-87c5-39174eb1e0ca]
[2025-12-16 16:34:50]   File uploaded: 25-245-Layout-25116.dxf (0.33 MB) [ID: 026d5f74-88fd-4abe-87c5-39174eb1e0ca]
[2025-12-16 16:34:50] Upload completed: 25-200-250/25-245/25-245-251216 - 5 file(s), 0.41 MB in 0.0s (69744.0 KB/s) [ID: 026d5f74-88fd-4abe-87c5-39174eb1e0ca]
[2025-12-16 16:34:50] Controller handshake initiated to /api/folders.
[2025-12-16 16:34:57] Controller handshake initiated to /api/download-job/25-200-250/25-244/25-244-251215.
[2025-12-16 16:34:57] Controller handshake initiated to /api/log.
[2025-12-16 16:34:57] Controller clicked download (25-200-250/25-244/25-244-251215).
[2025-12-16 16:34:57] Controller handshake initiated to /api/download-file/25-200-250/25-244/25-244-251215/25-244-251215.jxl.
[2025-12-16 16:34:58] Controller handshake initiated to /api/download-file/25-200-250/25-244/25-244-251215/25-244-Layout-251215.csv.
[2025-12-16 16:34:58] Controller handshake initiated to /api/download-file/25-200-250/25-244/25-244-251215/25-244-Layout-251215.dxf.
[2025-12-16 16:34:58] Controller handshake initiated to /api/download-file/25-200-250/25-244/25-244-251215/Control%20-%20Avalon%20-%20251215.csv.
[2025-12-16 16:34:59] Controller handshake initiated to /api/download-file/25-200-250/25-244/25-244-251215/job_info.json.
[2025-12-16 17:34:12] Controller handshake initiated to /api/log.
[2025-12-16 17:34:12] Controller opened data sync.
[2025-12-16 17:34:12] Controller handshake initiated to /api/folders.
[2025-12-16 17:34:12] Controller handshake initiated to /api/templates.
[2025-12-16 17:37:34] Controller handshake initiated to /api/log.
[2025-12-16 17:37:34] Controller clicked download (23-000-400/23-186/23-186-251216).
[2025-12-16 17:37:34] Controller handshake initiated to /api/download-job/23-000-400/23-186/23-186-251216.
[2025-12-16 17:37:34] Controller handshake initiated to /api/download-file/23-000-400/23-186/23-186-251216/23-186-251216.job.
[2025-12-16 17:37:34] Controller handshake initiated to /api/download-file/23-000-400/23-186/23-186-251216/23-186-251216.jxl.
[2025-12-16 17:37:34] Controller handshake initiated to /api/download-file/23-000-400/23-186/23-186-251216/23-186-Pinning-Part1-251216.csv.
[2025-12-16 17:37:35] Controller handshake initiated to /api/download-file/23-000-400/23-186/23-186-251216/23-186-Pinning-Part1-251216.dxf.
[2025-12-16 17:37:37] Controller handshake initiated to /api/download-file/23-000-400/23-186/23-186-251216/Control%20-%20Avalon%20-%20251216.csv.
[2025-12-16 17:37:37] Controller handshake initiated to /api/download-file/23-000-400/23-186/23-186-251216/job_info.json.
[2025-12-16 18:05:52] Controller handshake initiated to /api/log.
[2025-12-16 18:05:52] Controller opened data sync.
[2025-12-16 18:05:52] Controller handshake initiated to /api/folders.
[2025-12-16 18:05:52] Controller handshake initiated to /api/templates.
[2025-12-16 18:06:53] Controller handshake initiated to /api/log.
[2025-12-16 18:06:53] Controller clicked upload (25-200-250/25-244/25-244-251215/25-244-251215.job).
[2025-12-16 18:06:54] Controller handshake initiated to /api/upload-field-data-android.
[2025-12-16 18:06:55] Upload started: 25-200-250/25-244/25-244-251215 - 5 file(s) [ID: 39586139-1df8-48bd-8978-59de9f9377d0]
[2025-12-16 18:06:55]   File uploaded: 25-244-251215.job (0.05 MB) [ID: 39586139-1df8-48bd-8978-59de9f9377d0]
[2025-12-16 18:06:55]   File uploaded: 25-244-251215.csv (0.00 MB) [ID: 39586139-1df8-48bd-8978-59de9f9377d0]
[2025-12-16 18:06:55]   File uploaded: 25-244-251215.dxf (0.04 MB) [ID: 39586139-1df8-48bd-8978-59de9f9377d0]
[2025-12-16 18:06:55]   File uploaded: 25-244-Layout-251215.csv (0.00 MB) [ID: 39586139-1df8-48bd-8978-59de9f9377d0]
[2025-12-16 18:06:55]   File uploaded: 25-244-Layout-251215.dxf (0.33 MB) [ID: 39586139-1df8-48bd-8978-59de9f9377d0]
[2025-12-16 18:06:55] Upload completed: 25-200-250/25-244/25-244-251215 - 5 file(s), 0.42 MB in 0.0s (47732.1 KB/s) [ID: 39586139-1df8-48bd-8978-59de9f9377d0]
[2025-12-16 18:06:55] Controller handshake initiated to /api/folders.
[2025-12-16 18:22:17] Controller handshake initiated to /api/log.
[2025-12-16 18:22:17] Controller clicked upload (25-200-250/25-244/25-244-251215/25-244-251215.job).
[2025-12-16 18:22:18] Controller handshake initiated to /api/upload-field-data-android.
[2025-12-16 18:22:19] Upload started: 25-200-250/25-244/25-244-251215 - 5 file(s) [ID: 8739f504-3dda-4db7-be79-9d1657e0bc35]
[2025-12-16 18:22:19]   File uploaded: 25-244-251215.job (0.05 MB) [ID: 8739f504-3dda-4db7-be79-9d1657e0bc35]
[2025-12-16 18:22:19]   File uploaded: 25-244-251215.csv (0.00 MB) [ID: 8739f504-3dda-4db7-be79-9d1657e0bc35]
[2025-12-16 18:22:19]   File uploaded: 25-244-251215.dxf (0.04 MB) [ID: 8739f504-3dda-4db7-be79-9d1657e0bc35]
[2025-12-16 18:22:19]   File uploaded: 25-244-Layout-251215.csv (0.00 MB) [ID: 8739f504-3dda-4db7-be79-9d1657e0bc35]
[2025-12-16 18:22:19]   File uploaded: 25-244-Layout-251215.dxf (0.33 MB) [ID: 8739f504-3dda-4db7-be79-9d1657e0bc35]
[2025-12-16 18:22:19] Upload completed: 25-200-250/25-244/25-244-251215 - 5 file(s), 0.42 MB in 0.0s (11015.1 KB/s) [ID: 8739f504-3dda-4db7-be79-9d1657e0bc35]
[2025-12-16 18:22:19] Controller handshake initiated to /api/folders.
[2025-12-17 17:44:49] Job created: 23-000-400/23-186/23-186-251217
[2025-12-17 17:44:50] Upload started: 23-000-400/23-186/23-186-251217 - 2 file(s) [ID: 9fd97706-9c4c-47ad-a550-4e3272f3d34e]
[2025-12-17 17:44:50]   File uploaded: 23-186-Pinning-Part2-251217.csv (0.00 MB) [ID: 9fd97706-9c4c-47ad-a550-4e3272f3d34e]
[2025-12-17 17:44:50]   File uploaded: 23-186-Pinning-Part2-251217.dxf (0.47 MB) [ID: 9fd97706-9c4c-47ad-a550-4e3272f3d34e]
[2025-12-17 17:44:50] Upload completed: 23-000-400/23-186/23-186-251217 - 2 file(s), 0.48 MB in 0.0s (244728.0 KB/s) [ID: 9fd97706-9c4c-47ad-a550-4e3272f3d34e]
[2025-12-17 18:29:54] Folder created: 25-200-250/25-247
[2025-12-17 18:30:37] Job created: 25-200-250/25-247/25-247-251217
[2025-12-17 18:30:38] Upload started: 25-200-250/25-247/25-247-251217 - 2 file(s) [ID: d7ca607c-485a-4453-96d5-31bdd433b9ed]
[2025-12-17 18:30:38]   File uploaded: 25-247-Layout-251217.csv (0.00 MB) [ID: d7ca607c-485a-4453-96d5-31bdd433b9ed]
[2025-12-17 18:30:38]   File uploaded: 25-247-Layout-251217.dxf (0.31 MB) [ID: d7ca607c-485a-4453-96d5-31bdd433b9ed]
[2025-12-17 18:30:38] Upload completed: 25-200-250/25-247/25-247-251217 - 2 file(s), 0.32 MB in 0.0s (162074.7 KB/s) [ID: d7ca607c-485a-4453-96d5-31bdd433b9ed]
[2025-12-17 18:48:52] Controller handshake initiated to /api/log.
[2025-12-17 18:48:52] Controller opened data sync.
[2025-12-17 18:48:52] Controller handshake initiated to /api/folders.
[2025-12-17 18:48:52] Controller handshake initiated to /api/templates.
[2025-12-17 19:01:35] Controller handshake initiated to /api/log.
[2025-12-17 19:01:35] Controller opened data sync.
[2025-12-17 19:01:35] Controller handshake initiated to /api/folders.
[2025-12-17 19:01:35] Controller handshake initiated to /api/templates.
[2025-12-17 19:02:28] Controller handshake initiated to /api/log.
[2025-12-17 19:02:28] Controller clicked download (23-000-400/23-186/23-186-251217).
[2025-12-17 19:02:29] Controller handshake initiated to /api/download-job/23-000-400/23-186/23-186-251217.
[2025-12-17 19:02:29] Controller handshake initiated to /api/download-file/23-000-400/23-186/23-186-251217/23-186-251217.job.
[2025-12-17 19:02:29] Controller handshake initiated to /api/download-file/23-000-400/23-186/23-186-251217/23-186-251217.jxl.
[2025-12-17 19:02:29] Controller handshake initiated to /api/download-file/23-000-400/23-186/23-186-251217/23-186-Pinning-Part2-251217.csv.
[2025-12-17 19:02:29] Controller handshake initiated to /api/download-file/23-000-400/23-186/23-186-251217/23-186-Pinning-Part2-251217.dxf.
[2025-12-17 19:02:31] Controller handshake initiated to /api/download-file/23-000-400/23-186/23-186-251217/Control%20-%20Avalon%20-%20251217.csv.
[2025-12-17 19:02:31] Controller handshake initiated to /api/download-file/23-000-400/23-186/23-186-251217/job_info.json.
[2025-12-18 13:04:12] Folder created: 24-200-300/24-229
[2025-12-18 13:05:02] Job created: 24-200-300/24-229/24-229-251218
[2025-12-18 13:05:02] Upload started: 24-200-300/24-229/24-229-251218 - 1 file(s) [ID: a36ac90d-cdcb-4847-aa65-5044b1b2efc2]
[2025-12-18 13:05:02]   File uploaded: 25-229-Emerald Ridge RPRs-251218.dxf (0.32 MB) [ID: a36ac90d-cdcb-4847-aa65-5044b1b2efc2]
[2025-12-18 13:05:02] Upload completed: 24-200-300/24-229/24-229-251218 - 1 file(s), 0.32 MB in 0.0s (331501.0 KB/s) [ID: a36ac90d-cdcb-4847-aa65-5044b1b2efc2]
[2025-12-18 13:28:51] Controller handshake initiated to /api/log.
[2025-12-18 13:28:51] Controller opened data sync.
[2025-12-18 13:28:51] Controller handshake initiated to /api/folders.
[2025-12-18 13:28:51] Controller handshake initiated to /api/templates.
[2025-12-18 13:30:03] Controller handshake initiated to /api/log.
[2025-12-18 13:30:03] Controller clicked download (24-200-300/24-229/24-229-251218).
[2025-12-18 13:30:03] Controller handshake initiated to /api/download-job/24-200-300/24-229/24-229-251218.
[2025-12-18 13:30:03] Controller handshake initiated to /api/download-file/24-200-300/24-229/24-229-251218/24-229-251218.job.
[2025-12-18 13:30:03] Controller handshake initiated to /api/download-file/24-200-300/24-229/24-229-251218/24-229-251218.jxl.
[2025-12-18 13:30:04] Controller handshake initiated to /api/download-file/24-200-300/24-229/24-229-251218/25-229-Emerald%20Ridge%20RPRs-251218.dxf.
[2025-12-18 13:30:05] Controller handshake initiated to /api/download-file/24-200-300/24-229/24-229-251218/Control%20-%20Avalon%20-%20251218.csv.
[2025-12-18 13:30:05] Controller handshake initiated to /api/download-file/24-200-300/24-229/24-229-251218/job_info.json.
[2025-12-18 13:34:23] Controller handshake initiated to /api/log.
[2025-12-18 13:34:23] Controller opened data sync.
[2025-12-18 13:34:23] Controller handshake initiated to /api/templates.
[2025-12-18 13:34:23] Controller handshake initiated to /api/folders.
[2025-12-18 13:35:40] Controller handshake initiated to /api/log.
[2025-12-18 13:35:40] Controller clicked download (24-200-300/24-229/24-229-251218).
[2025-12-18 13:35:40] Controller handshake initiated to /api/download-job/24-200-300/24-229/24-229-251218.
[2025-12-18 13:35:40] Controller handshake initiated to /api/download-file/24-200-300/24-229/24-229-251218/24-229-251218.jxl.
[2025-12-18 13:35:40] Controller handshake initiated to /api/download-file/24-200-300/24-229/24-229-251218/25-229-Emerald%20Ridge%20RPRs-251218.dxf.
[2025-12-18 13:35:41] Controller handshake initiated to /api/download-file/24-200-300/24-229/24-229-251218/Control%20-%20Avalon%20-%20251218.csv.
[2025-12-18 13:35:41] Controller handshake initiated to /api/download-file/24-200-300/24-229/24-229-251218/job_info.json.
[2025-12-18 13:41:58] Controller handshake initiated to /api/log.
[2025-12-18 13:41:58] Controller opened data sync.
[2025-12-18 13:41:58] Controller handshake initiated to /api/templates.
[2025-12-18 13:41:58] Controller handshake initiated to /api/folders.
[2025-12-18 13:42:07] Controller handshake initiated to /api/log.
[2025-12-18 13:42:07] Controller opened data sync.
[2025-12-18 13:42:07] Controller handshake initiated to /api/folders.
[2025-12-18 13:42:07] Controller handshake initiated to /api/templates.
[2025-12-18 13:42:51] Controller handshake initiated to /api/log.
[2025-12-18 13:42:51] Controller clicked download (24-200-300/24-229/24-229-251218).
[2025-12-18 13:42:52] Controller handshake initiated to /api/download-job/24-200-300/24-229/24-229-251218.
[2025-12-18 13:42:52] Controller handshake initiated to /api/download-file/24-200-300/24-229/24-229-251218/24-229-251218.jxl.
[2025-12-18 13:42:52] Controller handshake initiated to /api/download-file/24-200-300/24-229/24-229-251218/24-229-Grades-251218.dxf.
[2025-12-18 13:42:53] Controller handshake initiated to /api/download-file/24-200-300/24-229/24-229-251218/25-229-Emerald%20Ridge%20RPRs-251218.dxf.
[2025-12-18 13:42:53] Controller handshake initiated to /api/download-file/24-200-300/24-229/24-229-251218/Control%20-%20Avalon%20-%20251218.csv.
[2025-12-18 13:42:53] Controller handshake initiated to /api/download-file/24-200-300/24-229/24-229-251218/job_info.json.
[2025-12-18 14:39:46] Controller handshake initiated to /api/log.
[2025-12-18 14:39:46] Controller opened data sync.
[2025-12-18 14:39:46] Controller handshake initiated to /api/folders.
[2025-12-18 14:39:46] Controller handshake initiated to /api/templates.
[2025-12-18 14:40:49] Controller handshake initiated to /api/log.
[2025-12-18 14:40:49] Controller clicked upload (24-200-300/24-229/24-229-251218/24-229-251218.job).
[2025-12-18 14:40:50] Controller handshake initiated to /api/upload-field-data-android.
[2025-12-18 14:41:09] Upload started: 24-200-300/24-229/24-229-251218 - 6 file(s) [ID: 42dde27c-7615-41a8-950b-7ee58d3fb253]
[2025-12-18 14:41:09]   File uploaded: 24-229-251218.job (0.07 MB) [ID: 42dde27c-7615-41a8-950b-7ee58d3fb253]
[2025-12-18 14:41:09]   File uploaded: 24-229-251218.csv (0.00 MB) [ID: 42dde27c-7615-41a8-950b-7ee58d3fb253]
[2025-12-18 14:41:09]   File uploaded: IMG_2.jpg (5.28 MB) [ID: 42dde27c-7615-41a8-950b-7ee58d3fb253]
[2025-12-18 14:41:09]   File uploaded: IMG_1.jpg (4.71 MB) [ID: 42dde27c-7615-41a8-950b-7ee58d3fb253]
[2025-12-18 14:41:09]   File uploaded: IMG.jpg (4.58 MB) [ID: 42dde27c-7615-41a8-950b-7ee58d3fb253]
[2025-12-18 14:41:09]   File uploaded: IMG_3.jpg (4.10 MB) [ID: 42dde27c-7615-41a8-950b-7ee58d3fb253]
[2025-12-18 14:41:09] Upload completed: 24-200-300/24-229/24-229-251218 - 6 file(s), 18.74 MB in 0.2s (91368.4 KB/s) [ID: 42dde27c-7615-41a8-950b-7ee58d3fb253]
[2025-12-18 14:41:09] Controller handshake initiated to /api/folders.
[2025-12-18 15:51:13] Controller handshake initiated to /api/log.
[2025-12-18 15:51:13] Controller opened data sync.
[2025-12-18 15:51:13] Controller handshake initiated to /api/templates.
[2025-12-18 15:51:13] Controller handshake initiated to /api/folders.
[2025-12-18 15:54:42] Controller handshake initiated to /api/log.
[2025-12-18 15:54:42] Controller clicked upload (24-200-300/24-229/24-229-251218/24-229-251218.job).
[2025-12-18 15:54:43] Controller handshake initiated to /api/upload-field-data-android.
[2025-12-18 15:55:35] Upload started: 24-200-300/24-229/24-229-251218 - 15 file(s) [ID: 4663dfab-5762-418d-8323-de4d71bdf85f]
[2025-12-18 15:55:35]   File uploaded: 24-229-251218.job (0.19 MB) [ID: 4663dfab-5762-418d-8323-de4d71bdf85f]
[2025-12-18 15:55:35]   File uploaded: 24-229-251218-R1.dxf (0.07 MB) [ID: 4663dfab-5762-418d-8323-de4d71bdf85f]
[2025-12-18 15:55:35]   File uploaded: 24-229-251218.csv (0.00 MB) [ID: 4663dfab-5762-418d-8323-de4d71bdf85f]
[2025-12-18 15:55:35]   File uploaded: 24-229-251218-R1.csv (0.01 MB) [ID: 4663dfab-5762-418d-8323-de4d71bdf85f]
[2025-12-18 15:55:35]   File uploaded: IMG_9.jpg (4.42 MB) [ID: 4663dfab-5762-418d-8323-de4d71bdf85f]
[2025-12-18 15:55:35]   File uploaded: IMG_2.jpg (5.28 MB) [ID: 4663dfab-5762-418d-8323-de4d71bdf85f]
[2025-12-18 15:55:35]   File uploaded: IMG_4.jpg (5.08 MB) [ID: 4663dfab-5762-418d-8323-de4d71bdf85f]
[2025-12-18 15:55:35]   File uploaded: IMG_10.jpg (4.45 MB) [ID: 4663dfab-5762-418d-8323-de4d71bdf85f]
[2025-12-18 15:55:35]   File uploaded: IMG_1.jpg (4.71 MB) [ID: 4663dfab-5762-418d-8323-de4d71bdf85f]
[2025-12-18 15:55:35]   File uploaded: IMG_5.jpg (4.81 MB) [ID: 4663dfab-5762-418d-8323-de4d71bdf85f]
[2025-12-18 15:55:35]   File uploaded: IMG_7.jpg (4.57 MB) [ID: 4663dfab-5762-418d-8323-de4d71bdf85f]
[2025-12-18 15:55:35]   File uploaded: IMG_6.jpg (4.88 MB) [ID: 4663dfab-5762-418d-8323-de4d71bdf85f]
[2025-12-18 15:55:35]   File uploaded: IMG.jpg (4.58 MB) [ID: 4663dfab-5762-418d-8323-de4d71bdf85f]
[2025-12-18 15:55:35]   File uploaded: IMG_8.jpg (4.14 MB) [ID: 4663dfab-5762-418d-8323-de4d71bdf85f]
[2025-12-18 15:55:35]   File uploaded: IMG_3.jpg (4.10 MB) [ID: 4663dfab-5762-418d-8323-de4d71bdf85f]
[2025-12-18 15:55:35] Upload completed: 24-200-300/24-229/24-229-251218 - 15 file(s), 51.28 MB in 0.1s (673167.5 KB/s) [ID: 4663dfab-5762-418d-8323-de4d71bdf85f]
[2025-12-18 15:55:35] Controller handshake initiated to /api/folders.
[2025-12-19 14:34:47] Job created: 23-000-400/23-186/23-186-251219
[2025-12-19 14:34:48] Upload started: 23-000-400/23-186/23-186-251219 - 2 file(s) [ID: 6063402d-fa85-4c8e-b741-0600fe019cab]
[2025-12-19 14:34:48]   File uploaded: 23-186-Pinning-Part3-251219.csv (0.00 MB) [ID: 6063402d-fa85-4c8e-b741-0600fe019cab]
[2025-12-19 14:34:48]   File uploaded: 23-186-Pinning-Part3-251219.dxf (0.38 MB) [ID: 6063402d-fa85-4c8e-b741-0600fe019cab]
[2025-12-19 14:34:48] Upload completed: 23-000-400/23-186/23-186-251219 - 2 file(s), 0.38 MB in 0.0s (392667.0 KB/s) [ID: 6063402d-fa85-4c8e-b741-0600fe019cab]
[2025-12-19 19:04:28] Controller handshake initiated to /api/log.
[2025-12-19 19:04:28] Controller opened data sync.
[2025-12-19 19:04:28] Controller handshake initiated to /api/templates.
[2025-12-19 19:04:28] Controller handshake initiated to /api/folders.
[2025-12-19 19:28:43] Controller handshake initiated to /api/log.
[2025-12-19 19:28:43] Controller clicked download (23-000-400/23-186/23-186-251219).
[2025-12-19 19:28:44] Controller handshake initiated to /api/download-job/23-000-400/23-186/23-186-251219.
[2025-12-19 19:28:44] Controller handshake initiated to /api/download-file/23-000-400/23-186/23-186-251219/23-186-251219.job.
[2025-12-19 19:28:44] Controller handshake initiated to /api/download-file/23-000-400/23-186/23-186-251219/23-186-251219.jxl.
[2025-12-19 19:28:45] Controller handshake initiated to /api/download-file/23-000-400/23-186/23-186-251219/23-186-Pinning-Part3-251219.csv.
[2025-12-19 19:28:45] Controller handshake initiated to /api/download-file/23-000-400/23-186/23-186-251219/23-186-Pinning-Part3-251219.dxf.
[2025-12-19 19:28:51] Controller handshake initiated to /api/log.
[2025-12-19 19:28:51] Controller clicked download (23-000-400/23-186/23-186-251219).
[2025-12-19 19:29:04] Controller handshake initiated to /api/download-file/23-000-400/23-186/23-186-251219/Control%20-%20Avalon%20-%20251219.csv.
[2025-12-19 19:29:04] Controller handshake initiated to /api/download-file/23-000-400/23-186/23-186-251219/job_info.json.
[2025-12-19 19:29:04] Controller handshake initiated to /api/download-job/23-000-400/23-186/23-186-251219.
[2025-12-19 19:29:04] Controller handshake initiated to /api/download-file/23-000-400/23-186/23-186-251219/23-186-251219.jxl.
[2025-12-19 19:29:05] Controller handshake initiated to /api/download-file/23-000-400/23-186/23-186-251219/23-186-Pinning-Part3-251219.csv.
[2025-12-19 19:29:05] Controller handshake initiated to /api/download-file/23-000-400/23-186/23-186-251219/23-186-Pinning-Part3-251219.dxf.
[2025-12-19 19:29:08] Controller handshake initiated to /api/download-file/23-000-400/23-186/23-186-251219/Control%20-%20Avalon%20-%20251219.csv.
[2025-12-19 19:29:08] Controller handshake initiated to /api/download-file/23-000-400/23-186/23-186-251219/job_info.json.
[2025-12-22 13:25:07] Folder created: 25-200-250/25-248
[2025-12-22 13:25:32] Job created: 25-200-250/25-248/25-248-251222
[2025-12-22 13:25:32] Upload started: 25-200-250/25-248/25-248-251222 - 2 file(s) [ID: c215ee98-e3ed-4984-9feb-99b9b7356012]
[2025-12-22 13:25:32]   File uploaded: 25-248-Layout-251222.csv (0.00 MB) [ID: c215ee98-e3ed-4984-9feb-99b9b7356012]
[2025-12-22 13:25:32]   File uploaded: 25-248-Layout-251222.dxf (0.32 MB) [ID: c215ee98-e3ed-4984-9feb-99b9b7356012]
[2025-12-22 13:25:32] Upload completed: 25-200-250/25-248/25-248-251222 - 2 file(s), 0.32 MB in 0.0s (162571.8 KB/s) [ID: c215ee98-e3ed-4984-9feb-99b9b7356012]
[2025-12-22 13:34:35] Job created: 23-000-400/23-186/23-186-251219/23-186-251219-251222
[2025-12-22 13:34:36] Upload started: 23-000-400/23-186/23-186-251219/23-186-251219-251222 - 2 file(s) [ID: b270d164-006c-47bc-afca-6221a7d22d1b]
[2025-12-22 13:34:36]   File uploaded: 23-186-Pinning-Part4-251219.csv (0.00 MB) [ID: b270d164-006c-47bc-afca-6221a7d22d1b]
[2025-12-22 13:34:36]   File uploaded: 23-186-Pinning-Part4-251219.dxf (0.42 MB) [ID: b270d164-006c-47bc-afca-6221a7d22d1b]
[2025-12-22 13:34:36] Upload completed: 23-000-400/23-186/23-186-251219/23-186-251219-251222 - 2 file(s), 0.43 MB in 0.0s (146049.2 KB/s) [ID: b270d164-006c-47bc-afca-6221a7d22d1b]
[2025-12-22 14:00:35] Controller handshake initiated to /api/log.
[2025-12-22 14:00:35] Controller opened data sync.
[2025-12-22 14:00:35] Controller handshake initiated to /api/folders.
[2025-12-22 14:00:35] Controller handshake initiated to /api/templates.
[2025-12-22 14:02:22] Controller handshake initiated to /api/log.
[2025-12-22 14:02:22] Controller clicked download (25-200-250/25-247).
[2025-12-22 14:02:22] Controller handshake initiated to /api/download-job/25-200-250/25-247.
[2025-12-22 14:02:22] Controller handshake initiated to /api/download-file/25-200-250/25-247/25-247-251217/25-247-251217.job.
[2025-12-22 14:02:23] Controller handshake initiated to /api/log.
[2025-12-22 14:02:23] Controller clicked download (25-200-250/25-248).
[2025-12-22 14:02:23] Controller handshake initiated to /api/download-file/25-200-250/25-247/25-247-251217/25-247-251217.jxl.
[2025-12-22 14:02:23] Controller handshake initiated to /api/download-file/25-200-250/25-247/25-247-251217/25-247-Layout-251217.csv.
[2025-12-22 14:02:23] Controller handshake initiated to /api/download-file/25-200-250/25-247/25-247-251217/25-247-Layout-251217.dxf.
[2025-12-22 14:02:25] Controller handshake initiated to /api/download-file/25-200-250/25-247/25-247-251217/Control%20-%20Avalon%20-%20251217.csv.
[2025-12-22 14:02:25] Controller handshake initiated to /api/download-file/25-200-250/25-247/25-247-251217/job_info.json.
[2025-12-22 14:02:25] Controller handshake initiated to /api/download-job/25-200-250/25-248.
[2025-12-22 14:02:25] Controller handshake initiated to /api/download-file/25-200-250/25-248/25-248-251222/25-248-251222.job.
[2025-12-22 14:02:25] Controller handshake initiated to /api/download-file/25-200-250/25-248/25-248-251222/25-248-251222.jxl.
[2025-12-22 14:02:26] Controller handshake initiated to /api/download-file/25-200-250/25-248/25-248-251222/25-248-Layout-251222.csv.
[2025-12-22 14:02:26] Controller handshake initiated to /api/download-file/25-200-250/25-248/25-248-251222/25-248-Layout-251222.dxf.
[2025-12-22 14:02:26] Controller handshake initiated to /api/download-file/25-200-250/25-248/25-248-251222/Control%20-%20Avalon%20-%20251222.csv.
[2025-12-22 14:02:26] Controller handshake initiated to /api/download-file/25-200-250/25-248/25-248-251222/job_info.json.
[2025-12-22 18:00:42] Controller handshake initiated to /api/log.
[2025-12-22 18:00:42] Controller opened data sync.
[2025-12-22 18:00:42] Controller handshake initiated to /api/folders.
[2025-12-22 18:00:42] Controller handshake initiated to /api/templates.
[2025-12-22 18:03:49] Controller handshake initiated to /api/log.
[2025-12-22 18:03:49] Controller opened data sync.
[2025-12-22 18:03:49] Controller handshake initiated to /api/folders.
[2025-12-22 18:03:49] Controller handshake initiated to /api/templates.
[2025-12-22 18:05:42] Controller handshake initiated to /api/log.
[2025-12-22 18:05:42] Controller opened data sync.
[2025-12-22 18:05:42] Controller handshake initiated to /api/folders.
[2025-12-22 18:05:42] Controller handshake initiated to /api/templates.
[2025-12-22 18:30:36] Controller handshake initiated to /api/log.
[2025-12-22 18:30:36] Controller opened data sync.
[2025-12-22 18:30:36] Controller handshake initiated to /api/folders.
[2025-12-22 18:30:36] Controller handshake initiated to /api/templates.
[2025-12-22 18:42:14] Controller handshake initiated to /api/log.
[2025-12-22 18:42:14] Controller opened data sync.
[2025-12-22 18:42:14] Controller handshake initiated to /api/folders.
[2025-12-22 18:42:14] Controller handshake initiated to /api/templates.
[2025-12-22 19:02:32] Controller handshake initiated to /api/log.
[2025-12-22 19:02:32] Controller opened data sync.
[2025-12-22 19:02:32] Controller handshake initiated to /api/folders.
[2025-12-22 19:02:32] Controller handshake initiated to /api/templates.
[2025-12-22 19:10:06] Controller handshake initiated to /api/log.
[2025-12-22 19:10:06] Controller opened data sync.
[2025-12-22 19:10:06] Controller handshake initiated to /api/folders.
[2025-12-22 19:10:06] Controller handshake initiated to /api/templates.
[2025-12-22 19:20:32] Controller handshake initiated to /api/log.
[2025-12-22 19:20:32] Controller opened data sync.
[2025-12-22 19:20:32] Controller handshake initiated to /api/templates.
[2025-12-22 19:20:32] Controller handshake initiated to /api/folders.
[2025-12-22 19:21:21] Job created: 23-000-400/23-186/23-186-251222
[2025-12-22 19:21:21] Upload started: 23-000-400/23-186/23-186-251222 - 2 file(s) [ID: 292c6e9b-6b25-47e1-9cce-89e0e4aaf8df]
[2025-12-22 19:21:21]   File uploaded: 23-186-Layout-Phase1-251222.dxf (0.46 MB) [ID: 292c6e9b-6b25-47e1-9cce-89e0e4aaf8df]
[2025-12-22 19:21:21]   File uploaded: 23-186-Layout-Phase1-251222.csv (0.00 MB) [ID: 292c6e9b-6b25-47e1-9cce-89e0e4aaf8df]
[2025-12-22 19:21:21] Upload completed: 23-000-400/23-186/23-186-251222 - 2 file(s), 0.47 MB in 0.0s (476936.5 KB/s) [ID: 292c6e9b-6b25-47e1-9cce-89e0e4aaf8df]
[2025-12-22 19:21:30] Controller handshake initiated to /api/log.
[2025-12-22 19:21:30] Controller opened data sync.
[2025-12-22 19:21:30] Controller handshake initiated to /api/templates.
[2025-12-22 19:21:30] Controller handshake initiated to /api/folders.
[2025-12-22 19:22:23] Controller handshake initiated to /api/log.
[2025-12-22 19:22:23] Controller clicked download (23-000-400/23-186/23-186-251222).
[2025-12-22 19:22:24] Controller handshake initiated to /api/download-job/23-000-400/23-186/23-186-251222.
[2025-12-22 19:22:24] Controller handshake initiated to /api/download-file/23-000-400/23-186/23-186-251222/23-186-251222.job.
[2025-12-22 19:22:24] Controller handshake initiated to /api/download-file/23-000-400/23-186/23-186-251222/23-186-251222.jxl.
[2025-12-22 19:22:24] Controller handshake initiated to /api/download-file/23-000-400/23-186/23-186-251222/23-186-Layout-Phase1-251222.csv.
[2025-12-22 19:22:25] Controller handshake initiated to /api/download-file/23-000-400/23-186/23-186-251222/23-186-Layout-Phase1-251222.dxf.
[2025-12-22 19:22:26] Controller handshake initiated to /api/download-file/23-000-400/23-186/23-186-251222/Control%20-%20Avalon%20-%20251222.csv.
[2025-12-22 19:22:26] Controller handshake initiated to /api/download-file/23-000-400/23-186/23-186-251222/job_info.json.
[2025-12-23 05:08:58] Controller handshake initiated to /api/v1/check-version.
[2025-12-23 05:08:59] Controller handshake initiated to /api/server/version.
[2025-12-23 05:09:00] Controller handshake initiated to /api/version.
[2025-12-23 05:09:04] Controller handshake initiated to /api/vip/i18n/api/v2/translation/products/vRNIUI/versions/1.
[2025-12-23 05:09:05] Controller handshake initiated to /api/v1.0/environment.
[2025-12-23 05:09:06] Controller handshake initiated to /api/v2/about.
[2025-12-23 05:09:07] Controller handshake initiated to /api/v1/version.
[2025-12-23 05:09:09] Controller handshake initiated to /api/v2/hoverfly/version.
[2025-12-23 05:09:09] Controller handshake initiated to /api/v1/info.
[2025-12-23 05:09:10] Controller handshake initiated to /api/status.
[2025-12-23 05:09:12] Controller handshake initiated to /api/v1/cluster/summary.
[2025-12-23 05:09:12] Controller handshake initiated to /api/system/status.
[2025-12-23 05:09:12] Controller handshake initiated to /api/v2.0/systeminfo.
[2025-12-23 05:09:13] Controller handshake initiated to /api/v3/meta.
[2025-12-26 16:42:15] Controller handshake initiated to /api/v1/check-version.
[2025-12-26 16:42:15] Controller handshake initiated to /api/version.
[2025-12-26 16:42:15] Controller handshake initiated to /api/v2/about.
[2025-12-26 16:42:17] Controller handshake initiated to /api/vip/i18n/api/v2/translation/products/vRNIUI/versions/1.
[2025-12-26 16:42:17] Controller handshake initiated to /api/server/version.
[2025-12-26 16:42:18] Controller handshake initiated to /api/v1.0/environment.
[2025-12-26 16:42:18] Controller handshake initiated to /api/v3/meta.
[2025-12-26 16:42:19] Controller handshake initiated to /api/v1/version.
[2025-12-26 16:42:20] Controller handshake initiated to /api/v2/hoverfly/version.
[2025-12-26 16:42:21] Controller handshake initiated to /api/status.
[2025-12-26 16:42:21] Controller handshake initiated to /api/v1/info.
[2025-12-26 16:42:23] Controller handshake initiated to /api/v1/cluster/summary.
[2025-12-26 16:42:23] Controller handshake initiated to /api/v2.0/systeminfo.
[2025-12-26 16:42:24] Controller handshake initiated to /api/system/status.
[2026-01-02 13:54:47] Controller handshake initiated to /api/log.
[2026-01-02 13:54:47] Controller handshake initiated to /api/templates.
[2026-01-02 13:54:47] Controller handshake initiated to /api/folders.
[2026-01-02 13:54:47] Controller opened data sync.
[2026-01-02 13:55:38] Controller handshake initiated to /api/log.
[2026-01-02 13:55:38] Controller clicked upload (25-200-250/25-247/25-247-251217/25-247-251217.job).
[2026-01-02 13:55:40] Controller handshake initiated to /api/upload-field-data-android.
[2026-01-02 13:55:41] Upload started: 25-200-250/25-247/25-247-251217 - 5 file(s) [ID: 26a6efdf-b192-4e8a-b93f-c2cca5b4d030]
[2026-01-02 13:55:41]   File uploaded: 25-247-251217.job (0.09 MB) [ID: 26a6efdf-b192-4e8a-b93f-c2cca5b4d030]
[2026-01-02 13:55:41]   File uploaded: 25-247-260102.dxf (0.04 MB) [ID: 26a6efdf-b192-4e8a-b93f-c2cca5b4d030]
[2026-01-02 13:55:41]   File uploaded: 25-247-260102.csv (0.00 MB) [ID: 26a6efdf-b192-4e8a-b93f-c2cca5b4d030]
[2026-01-02 13:55:41]   File uploaded: 25-247-Layout-251217.dxf (0.31 MB) [ID: 26a6efdf-b192-4e8a-b93f-c2cca5b4d030]
[2026-01-02 13:55:41]   File uploaded: 25-247-Layout-251217.csv (0.00 MB) [ID: 26a6efdf-b192-4e8a-b93f-c2cca5b4d030]
[2026-01-02 13:55:41] Upload completed: 25-200-250/25-247/25-247-251217 - 5 file(s), 0.45 MB in 0.2s (1983.4 KB/s) [ID: 26a6efdf-b192-4e8a-b93f-c2cca5b4d030]
[2026-01-02 13:55:42] Controller handshake initiated to /api/folders.
[2026-01-04 12:06:49] Controller handshake initiated to /api/v2/about.
[2026-01-04 12:06:49] Controller handshake initiated to /api/v1/check-version.
[2026-01-04 12:06:50] Controller handshake initiated to /api/server/version.
[2026-01-04 12:06:50] Controller handshake initiated to /api/version.
[2026-01-04 12:06:52] Controller handshake initiated to /api/vip/i18n/api/v2/translation/products/vRNIUI/versions/1.
[2026-01-04 12:06:54] Controller handshake initiated to /api/v1.0/environment.
[2026-01-04 12:06:57] Controller handshake initiated to /api/v1/version.
[2026-01-04 12:06:58] Controller handshake initiated to /api/v2/hoverfly/version.
[2026-01-04 12:06:59] Controller handshake initiated to /api/status.
[2026-01-04 12:07:00] Controller handshake initiated to /api/v1/info.
[2026-01-04 12:07:00] Controller handshake initiated to /api/v3/meta.
[2026-01-04 12:07:02] Controller handshake initiated to /api/v2.0/systeminfo.
[2026-01-04 12:07:02] Controller handshake initiated to /api/v1/cluster/summary.
[2026-01-04 12:07:02] Controller handshake initiated to /api/system/status.
[2026-01-05 15:10:22] Controller handshake initiated to /api/log.
[2026-01-05 15:10:22] Controller opened data sync.
[2026-01-05 15:10:22] Controller handshake initiated to /api/templates.
[2026-01-05 15:10:23] Controller handshake initiated to /api/folders.
[2026-01-05 15:11:22] Controller handshake initiated to /api/log.
[2026-01-05 15:11:22] Controller clicked download (25-200-250/25-248/25-248-251222).
[2026-01-05 15:11:23] Controller handshake initiated to /api/download-job/25-200-250/25-248/25-248-251222.
[2026-01-05 15:11:23] Controller handshake initiated to /api/download-file/25-200-250/25-248/25-248-251222/25-248-251222.job.
[2026-01-05 15:11:23] Controller handshake initiated to /api/download-file/25-200-250/25-248/25-248-251222/25-248-251222.jxl.
[2026-01-05 15:11:23] Controller handshake initiated to /api/download-file/25-200-250/25-248/25-248-251222/25-248-Layout-251222.csv.
[2026-01-05 15:11:23] Controller handshake initiated to /api/download-file/25-200-250/25-248/25-248-251222/25-248-Layout-251222.dxf.
[2026-01-05 15:11:24] Controller handshake initiated to /api/download-file/25-200-250/25-248/25-248-251222/Control%20-%20Avalon%20-%20251222.csv.
[2026-01-05 15:11:24] Controller handshake initiated to /api/download-file/25-200-250/25-248/25-248-251222/job_info.json.
[2026-01-05 20:46:51] Controller handshake initiated to /api/log.
[2026-01-05 20:46:51] Controller opened data sync.
[2026-01-05 20:46:51] Controller handshake initiated to /api/templates.
[2026-01-05 20:46:51] Controller handshake initiated to /api/folders.
[2026-01-05 20:47:45] Controller handshake initiated to /api/log.
[2026-01-05 20:47:45] Controller clicked upload (25-200-250/25-248/25-248-251222/25-248-251222.job).
[2026-01-05 20:47:46] Controller handshake initiated to /api/upload-field-data-android.
[2026-01-05 20:48:17] Upload started: 25-200-250/25-248/25-248-251222 - 9 file(s) [ID: c7db6227-7577-42f4-99cb-f298cf974209]
[2026-01-05 20:48:17]   File uploaded: 25-248-251222.job (0.09 MB) [ID: c7db6227-7577-42f4-99cb-f298cf974209]
[2026-01-05 20:48:17]   File uploaded: 25-248-260105.dxf (0.04 MB) [ID: c7db6227-7577-42f4-99cb-f298cf974209]
[2026-01-05 20:48:17]   File uploaded: 25-248-260105.csv (0.00 MB) [ID: c7db6227-7577-42f4-99cb-f298cf974209]
[2026-01-05 20:48:17]   File uploaded: 25-248-Layout-251222.dxf (0.32 MB) [ID: c7db6227-7577-42f4-99cb-f298cf974209]
[2026-01-05 20:48:17]   File uploaded: 25-248-Layout-251222.csv (0.00 MB) [ID: c7db6227-7577-42f4-99cb-f298cf974209]
[2026-01-05 20:48:17]   File uploaded: IMG_1.jpg (4.68 MB) [ID: c7db6227-7577-42f4-99cb-f298cf974209]
[2026-01-05 20:48:17]   File uploaded: IMG_3.jpg (4.93 MB) [ID: c7db6227-7577-42f4-99cb-f298cf974209]
[2026-01-05 20:48:17]   File uploaded: IMG_2.jpg (4.82 MB) [ID: c7db6227-7577-42f4-99cb-f298cf974209]
[2026-01-05 20:48:17]   File uploaded: IMG.jpg (4.92 MB) [ID: c7db6227-7577-42f4-99cb-f298cf974209]
[2026-01-05 20:48:17] Upload completed: 25-200-250/25-248/25-248-251222 - 9 file(s), 19.80 MB in 0.1s (170414.5 KB/s) [ID: c7db6227-7577-42f4-99cb-f298cf974209]
[2026-01-05 20:48:17] Controller handshake initiated to /api/folders.
[2026-01-06 14:49:59] Job created: 25-200-250/25-248/25-248-260106
[2026-01-06 14:50:00] Upload started: 25-200-250/25-248/25-248-260106 - 2 file(s) [ID: 859b2151-7e38-4f64-88a5-8f627d3649ef]
[2026-01-06 14:50:00]   File uploaded: 25-248-Layout-260106.csv (0.00 MB) [ID: 859b2151-7e38-4f64-88a5-8f627d3649ef]
[2026-01-06 14:50:00]   File uploaded: 25-248-Layout-260106.dxf (0.27 MB) [ID: 859b2151-7e38-4f64-88a5-8f627d3649ef]
[2026-01-06 14:50:00] Upload completed: 25-200-250/25-248/25-248-260106 - 2 file(s), 0.27 MB in 0.0s (8969.0 KB/s) [ID: 859b2151-7e38-4f64-88a5-8f627d3649ef]
[2026-01-06 15:06:17] Controller handshake initiated to /api/log.
[2026-01-06 15:06:17] Controller opened data sync.
[2026-01-06 15:06:17] Controller handshake initiated to /api/templates.
[2026-01-06 15:06:17] Controller handshake initiated to /api/folders.
[2026-01-06 15:07:17] Controller handshake initiated to /api/log.
[2026-01-06 15:07:17] Controller clicked download (25-200-250/25-248/25-248-260106).
[2026-01-06 15:07:18] Controller handshake initiated to /api/download-job/25-200-250/25-248/25-248-260106.
[2026-01-06 15:07:18] Controller handshake initiated to /api/download-file/25-200-250/25-248/25-248-260106/25-248-260106.job.
[2026-01-06 15:07:18] Controller handshake initiated to /api/download-file/25-200-250/25-248/25-248-260106/25-248-260106.jxl.
[2026-01-06 15:07:18] Controller handshake initiated to /api/download-file/25-200-250/25-248/25-248-260106/25-248-Layout-260106.csv.
[2026-01-06 15:07:19] Controller handshake initiated to /api/download-file/25-200-250/25-248/25-248-260106/25-248-Layout-260106.dxf.
[2026-01-06 15:07:20] Controller handshake initiated to /api/download-file/25-200-250/25-248/25-248-260106/Control%20-%20Avalon%20-%20260106.csv.
[2026-01-06 15:07:20] Controller handshake initiated to /api/download-file/25-200-250/25-248/25-248-260106/job_info.json.
[2026-01-06 16:32:01] Controller handshake initiated to /api/log.
[2026-01-06 16:32:01] Controller opened data sync.
[2026-01-06 16:32:01] Controller handshake initiated to /api/templates.
[2026-01-06 16:32:01] Controller handshake initiated to /api/folders.
[2026-01-06 16:33:23] Controller handshake initiated to /api/log.
[2026-01-06 16:33:23] Controller opened data sync.
[2026-01-06 16:33:23] Controller handshake initiated to /api/templates.
[2026-01-06 16:33:23] Controller handshake initiated to /api/folders.
[2026-01-06 16:35:57] Controller handshake initiated to /api/log.
[2026-01-06 16:35:57] Controller opened data sync.
[2026-01-06 16:35:57] Controller handshake initiated to /api/folders.
[2026-01-06 16:35:57] Controller handshake initiated to /api/templates.
[2026-01-06 16:51:00] Controller handshake initiated to /api/log.
[2026-01-06 16:51:00] Controller opened data sync.
[2026-01-06 16:51:00] Controller handshake initiated to /api/folders.
[2026-01-06 16:51:00] Controller handshake initiated to /api/templates.
[2026-01-06 16:52:00] Controller handshake initiated to /api/log.
[2026-01-06 16:52:00] Controller clicked upload (25-200-250/25-248/25-248-251222/25-248-251222.job).
[2026-01-06 16:52:01] Controller handshake initiated to /api/upload-field-data-android.
[2026-01-06 16:52:23] Upload started: 25-200-250/25-248/25-248-251222 - 10 file(s) [ID: 4d35fb93-05e5-40f8-b59c-57a3fbe3c3cc]
[2026-01-06 16:52:23]   File uploaded: 25-248-251222.job (0.10 MB) [ID: 4d35fb93-05e5-40f8-b59c-57a3fbe3c3cc]
[2026-01-06 16:52:23]   File uploaded: 25-248-260105.dxf (0.04 MB) [ID: 4d35fb93-05e5-40f8-b59c-57a3fbe3c3cc]
[2026-01-06 16:52:23]   File uploaded: 25-248-250106.csv (0.00 MB) [ID: 4d35fb93-05e5-40f8-b59c-57a3fbe3c3cc]
[2026-01-06 16:52:23]   File uploaded: 25-248-260105.csv (0.00 MB) [ID: 4d35fb93-05e5-40f8-b59c-57a3fbe3c3cc]
[2026-01-06 16:52:23]   File uploaded: 25-248-Layout-251222.dxf (0.32 MB) [ID: 4d35fb93-05e5-40f8-b59c-57a3fbe3c3cc]
[2026-01-06 16:52:23]   File uploaded: 25-248-Layout-251222.csv (0.00 MB) [ID: 4d35fb93-05e5-40f8-b59c-57a3fbe3c3cc]
[2026-01-06 16:52:23]   File uploaded: IMG_1.jpg (4.68 MB) [ID: 4d35fb93-05e5-40f8-b59c-57a3fbe3c3cc]
[2026-01-06 16:52:23]   File uploaded: IMG_3.jpg (4.93 MB) [ID: 4d35fb93-05e5-40f8-b59c-57a3fbe3c3cc]
[2026-01-06 16:52:23]   File uploaded: IMG_2.jpg (4.82 MB) [ID: 4d35fb93-05e5-40f8-b59c-57a3fbe3c3cc]
[2026-01-06 16:52:23]   File uploaded: IMG.jpg (4.92 MB) [ID: 4d35fb93-05e5-40f8-b59c-57a3fbe3c3cc]
[2026-01-06 16:52:23] Upload completed: 25-200-250/25-248/25-248-251222 - 10 file(s), 19.82 MB in 0.1s (294072.5 KB/s) [ID: 4d35fb93-05e5-40f8-b59c-57a3fbe3c3cc]
[2026-01-06 16:52:23] Controller handshake initiated to /api/folders.
[2026-01-06 16:53:40] Controller handshake initiated to /api/log.
[2026-01-06 16:53:40] Controller opened data sync.
[2026-01-06 16:53:40] Controller handshake initiated to /api/folders.
[2026-01-06 16:53:40] Controller handshake initiated to /api/templates.
[2026-01-06 18:07:32] Folder created: 26-000-050
[2026-01-06 18:07:37] Folder created: 26-000-050/26-001
[2026-01-06 18:08:01] Job created: 26-000-050/26-001/26-001-260106
[2026-01-06 18:08:02] Upload started: 26-000-050/26-001/26-001-260106 - 2 file(s) [ID: 0b103bb5-1489-4ea3-8b7b-3a939725b642]
[2026-01-06 18:08:02]   File uploaded: 26-001-Layout-260106.csv (0.00 MB) [ID: 0b103bb5-1489-4ea3-8b7b-3a939725b642]
[2026-01-06 18:08:02]   File uploaded: 26-001-Layout-260106.dxf (0.32 MB) [ID: 0b103bb5-1489-4ea3-8b7b-3a939725b642]
[2026-01-06 18:08:02] Upload completed: 26-000-050/26-001/26-001-260106 - 2 file(s), 0.32 MB in 0.0s (162320.3 KB/s) [ID: 0b103bb5-1489-4ea3-8b7b-3a939725b642]
[2026-01-06 18:46:09] Controller handshake initiated to /api/log.
[2026-01-06 18:46:09] Controller opened data sync.
[2026-01-06 18:46:09] Controller handshake initiated to /api/folders.
[2026-01-06 18:46:09] Controller handshake initiated to /api/templates.
[2026-01-06 18:46:52] Controller handshake initiated to /api/log.
[2026-01-06 18:46:52] Controller clicked download (26-000-050/26-001/26-001-260106).
[2026-01-06 18:46:52] Controller handshake initiated to /api/download-job/26-000-050/26-001/26-001-260106.
[2026-01-06 18:46:53] Controller handshake initiated to /api/download-file/26-000-050/26-001/26-001-260106/26-001-260106.job.
[2026-01-06 18:46:53] Controller handshake initiated to /api/download-file/26-000-050/26-001/26-001-260106/26-001-260106.jxl.
[2026-01-06 18:46:53] Controller handshake initiated to /api/download-file/26-000-050/26-001/26-001-260106/26-001-Layout-260106.csv.
[2026-01-06 18:46:53] Controller handshake initiated to /api/download-file/26-000-050/26-001/26-001-260106/26-001-Layout-260106.dxf.
[2026-01-06 18:46:55] Controller handshake initiated to /api/download-file/26-000-050/26-001/26-001-260106/Control%20-%20Avalon%20-%20260106.csv.
[2026-01-06 18:46:55] Controller handshake initiated to /api/download-file/26-000-050/26-001/26-001-260106/job_info.json.
[2026-01-07 12:51:37] Controller handshake initiated to /api/log.
[2026-01-07 12:51:37] Controller opened data sync.
[2026-01-07 12:51:37] Controller handshake initiated to /api/folders.
[2026-01-07 12:51:37] Controller handshake initiated to /api/templates.
[2026-01-07 12:53:57] Controller handshake initiated to /api/log.
[2026-01-07 12:53:57] Controller clicked upload (26-000-050/26-001/26-001-260106/26-001-260106.job).
[2026-01-07 12:53:58] Controller handshake initiated to /api/upload-field-data-android.
[2026-01-07 12:55:07] Upload started: 26-000-050/26-001/26-001-260106 - 11 file(s) [ID: 33a9c541-1235-4b9d-a4a0-4439fb13da6b]
[2026-01-07 12:55:07]   File uploaded: 26-001-260106.job (0.08 MB) [ID: 33a9c541-1235-4b9d-a4a0-4439fb13da6b]
[2026-01-07 12:55:07]   File uploaded: 26-001-260106.csv (0.00 MB) [ID: 33a9c541-1235-4b9d-a4a0-4439fb13da6b]
[2026-01-07 12:55:07]   File uploaded: 26-001-260106.dxf (0.04 MB) [ID: 33a9c541-1235-4b9d-a4a0-4439fb13da6b]
[2026-01-07 12:55:07]   File uploaded: 26-001-Layout-260106.dxf (0.32 MB) [ID: 33a9c541-1235-4b9d-a4a0-4439fb13da6b]
[2026-01-07 12:55:07]   File uploaded: 26-001-Layout-260106.csv (0.00 MB) [ID: 33a9c541-1235-4b9d-a4a0-4439fb13da6b]
[2026-01-07 12:55:07]   File uploaded: IMG_3.jpg (4.52 MB) [ID: 33a9c541-1235-4b9d-a4a0-4439fb13da6b]
[2026-01-07 12:55:07]   File uploaded: IMG_2.jpg (4.65 MB) [ID: 33a9c541-1235-4b9d-a4a0-4439fb13da6b]
[2026-01-07 12:55:07]   File uploaded: IMG_5.jpg (4.74 MB) [ID: 33a9c541-1235-4b9d-a4a0-4439fb13da6b]
[2026-01-07 12:55:07]   File uploaded: IMG_4.jpg (4.45 MB) [ID: 33a9c541-1235-4b9d-a4a0-4439fb13da6b]
[2026-01-07 12:55:07]   File uploaded: IMG_1.jpg (4.21 MB) [ID: 33a9c541-1235-4b9d-a4a0-4439fb13da6b]
[2026-01-07 12:55:07]   File uploaded: IMG.jpg (4.22 MB) [ID: 33a9c541-1235-4b9d-a4a0-4439fb13da6b]
[2026-01-07 12:55:07] Upload completed: 26-000-050/26-001/26-001-260106 - 11 file(s), 27.23 MB in 0.0s (1032692.7 KB/s) [ID: 33a9c541-1235-4b9d-a4a0-4439fb13da6b]
[2026-01-07 12:55:08] Controller handshake initiated to /api/folders.
[2026-01-07 13:30:52] Job created: 25-150-200/25-170/25-170-260107
[2026-01-07 13:30:52] Upload started: 25-150-200/25-170/25-170-260107 - 2 file(s) [ID: 4dc424c1-25d2-45a3-9c6c-784740c4098b]
[2026-01-07 13:30:52]   File uploaded: 25-170-Layout-260107.dxf (0.31 MB) [ID: 4dc424c1-25d2-45a3-9c6c-784740c4098b]
[2026-01-07 13:30:52]   File uploaded: 25-170-Layout-260107.csv (0.00 MB) [ID: 4dc424c1-25d2-45a3-9c6c-784740c4098b]
[2026-01-07 13:30:52] Upload completed: 25-150-200/25-170/25-170-260107 - 2 file(s), 0.31 MB in 0.0s (160636.7 KB/s) [ID: 4dc424c1-25d2-45a3-9c6c-784740c4098b]
[2026-01-07 13:33:43] Controller handshake initiated to /api/log.
[2026-01-07 13:33:43] Controller opened data sync.
[2026-01-07 13:33:43] Controller handshake initiated to /api/folders.
[2026-01-07 13:33:43] Controller handshake initiated to /api/templates.
[2026-01-07 13:34:50] Controller handshake initiated to /api/log.
[2026-01-07 13:34:50] Controller clicked download (25-150-200/25-170/25-170-260107).
[2026-01-07 13:34:50] Controller handshake initiated to /api/download-job/25-150-200/25-170/25-170-260107.
[2026-01-07 13:34:51] Controller handshake initiated to /api/download-file/25-150-200/25-170/25-170-260107/25-170-260107.job.
[2026-01-07 13:34:51] Controller handshake initiated to /api/download-file/25-150-200/25-170/25-170-260107/25-170-260107.jxl.
[2026-01-07 13:34:51] Controller handshake initiated to /api/download-file/25-150-200/25-170/25-170-260107/25-170-Layout-260107.csv.
[2026-01-07 13:34:51] Controller handshake initiated to /api/download-file/25-150-200/25-170/25-170-260107/25-170-Layout-260107.dxf.
[2026-01-07 13:35:06] Controller handshake initiated to /api/download-file/25-150-200/25-170/25-170-260107/Control%20-%20Avalon%20-%20260107.csv.
[2026-01-07 13:35:06] Controller handshake initiated to /api/download-file/25-150-200/25-170/25-170-260107/job_info.json.
[2026-01-07 18:11:30] Controller handshake initiated to /api/log.
[2026-01-07 18:11:30] Controller opened data sync.
[2026-01-07 18:11:30] Controller handshake initiated to /api/folders.
[2026-01-07 18:11:30] Controller handshake initiated to /api/templates.
[2026-01-07 18:12:32] Controller handshake initiated to /api/log.
[2026-01-07 18:12:32] Controller clicked upload (25-150-200/25-170/25-170-260107/25-170-260107.job).
[2026-01-07 18:12:33] Controller handshake initiated to /api/upload-field-data-android.
[2026-01-07 18:13:26] Upload started: 25-150-200/25-170/25-170-260107 - 13 file(s) [ID: a5304a2b-a709-4683-8a5a-ed7a7eaa4068]
[2026-01-07 18:13:26]   File uploaded: 25-170-260107.job (0.04 MB) [ID: a5304a2b-a709-4683-8a5a-ed7a7eaa4068]
[2026-01-07 18:13:26]   File uploaded: 25-170-260107.dxf (0.03 MB) [ID: a5304a2b-a709-4683-8a5a-ed7a7eaa4068]
[2026-01-07 18:13:26]   File uploaded: 25-170-Layout-260107.dxf (0.31 MB) [ID: a5304a2b-a709-4683-8a5a-ed7a7eaa4068]
[2026-01-07 18:13:26]   File uploaded: 25-170-Layout-260107.csv (0.00 MB) [ID: a5304a2b-a709-4683-8a5a-ed7a7eaa4068]
[2026-01-07 18:13:26]   File uploaded: IMG_2.jpg (4.90 MB) [ID: a5304a2b-a709-4683-8a5a-ed7a7eaa4068]
[2026-01-07 18:13:26]   File uploaded: IMG_1.jpg (6.47 MB) [ID: a5304a2b-a709-4683-8a5a-ed7a7eaa4068]
[2026-01-07 18:13:26]   File uploaded: IMG_8.jpg (4.92 MB) [ID: a5304a2b-a709-4683-8a5a-ed7a7eaa4068]
[2026-01-07 18:13:26]   File uploaded: IMG.jpg (6.26 MB) [ID: a5304a2b-a709-4683-8a5a-ed7a7eaa4068]
[2026-01-07 18:13:26]   File uploaded: IMG_6.jpg (4.84 MB) [ID: a5304a2b-a709-4683-8a5a-ed7a7eaa4068]
[2026-01-07 18:13:26]   File uploaded: IMG_7.jpg (4.75 MB) [ID: a5304a2b-a709-4683-8a5a-ed7a7eaa4068]
[2026-01-07 18:13:26]   File uploaded: IMG_3.jpg (4.82 MB) [ID: a5304a2b-a709-4683-8a5a-ed7a7eaa4068]
[2026-01-07 18:13:26]   File uploaded: IMG_5.jpg (5.77 MB) [ID: a5304a2b-a709-4683-8a5a-ed7a7eaa4068]
[2026-01-07 18:13:26]   File uploaded: IMG_4.jpg (4.96 MB) [ID: a5304a2b-a709-4683-8a5a-ed7a7eaa4068]
[2026-01-07 18:13:26] Upload completed: 25-150-200/25-170/25-170-260107 - 13 file(s), 48.07 MB in 0.1s (928706.9 KB/s) [ID: a5304a2b-a709-4683-8a5a-ed7a7eaa4068]
[2026-01-07 18:13:26] Controller handshake initiated to /api/folders.
[2026-01-08 13:56:21] Controller handshake initiated to /api/log.
[2026-01-08 13:56:21] Controller opened data sync.
[2026-01-08 13:56:21] Controller handshake initiated to /api/templates.
[2026-01-08 13:56:21] Controller handshake initiated to /api/folders.
[2026-01-08 13:59:16] Controller handshake initiated to /api/log.
[2026-01-08 13:59:16] Controller opened data sync.
[2026-01-08 13:59:16] Controller handshake initiated to /api/templates.
[2026-01-08 13:59:16] Controller handshake initiated to /api/folders.
[2026-01-08 14:01:41] Folder created: 26-000-050/26-002
[2026-01-08 14:02:35] Job created: 26-000-050/26-002/26-002-260108
[2026-01-08 14:02:35] Upload started: 26-000-050/26-002/26-002-260108 - 2 file(s) [ID: 605699d5-cae7-4e9b-b8d3-1eae8f8b8b4c]
[2026-01-08 14:02:35]   File uploaded: 26-002-Layout-260108.csv (0.00 MB) [ID: 605699d5-cae7-4e9b-b8d3-1eae8f8b8b4c]
[2026-01-08 14:02:35]   File uploaded: 26-002-Layout-260108.dxf (0.31 MB) [ID: 605699d5-cae7-4e9b-b8d3-1eae8f8b8b4c]
[2026-01-08 14:02:35] Upload completed: 26-000-050/26-002/26-002-260108 - 2 file(s), 0.31 MB in 0.0s (319844.7 KB/s) [ID: 605699d5-cae7-4e9b-b8d3-1eae8f8b8b4c]
[2026-01-08 14:03:23] Controller handshake initiated to /api/log.
[2026-01-08 14:03:23] Controller opened data sync.
[2026-01-08 14:03:23] Controller handshake initiated to /api/folders.
[2026-01-08 14:03:23] Controller handshake initiated to /api/templates.
[2026-01-08 14:07:00] Controller handshake initiated to /api/log.
[2026-01-08 14:07:00] Controller opened data sync.
[2026-01-08 14:07:00] Controller handshake initiated to /api/folders.
[2026-01-08 14:07:00] Controller handshake initiated to /api/templates.
[2026-01-08 14:08:13] Controller handshake initiated to /api/log.
[2026-01-08 14:08:13] Controller clicked upload (25-000-050/25-008/25-008-251124/25-008-251124.job).
[2026-01-08 14:08:14] Controller handshake initiated to /api/upload-field-data-android.
[2026-01-08 14:08:48] Upload started: 25-000-050/25-008/25-008-251124 - 12 file(s) [ID: cb09b554-8b5f-4aa5-b15d-38b0e0c8a448]
[2026-01-08 14:08:48]   File uploaded: 25-008-251124.job (0.19 MB) [ID: cb09b554-8b5f-4aa5-b15d-38b0e0c8a448]
[2026-01-08 14:08:48]   File uploaded: 25-008-251202.csv (0.01 MB) [ID: cb09b554-8b5f-4aa5-b15d-38b0e0c8a448]
[2026-01-08 14:08:48]   File uploaded: 25-008-251202.dxf (0.05 MB) [ID: cb09b554-8b5f-4aa5-b15d-38b0e0c8a448]
[2026-01-08 14:08:48]   File uploaded: 25-008-Layout-251124.dxf (0.31 MB) [ID: cb09b554-8b5f-4aa5-b15d-38b0e0c8a448]
[2026-01-08 14:08:48]   File uploaded: 25-228-Layout-251202.csv (0.00 MB) [ID: cb09b554-8b5f-4aa5-b15d-38b0e0c8a448]
[2026-01-08 14:08:48]   File uploaded: 25-228-Layout-251202.dxf (0.31 MB) [ID: cb09b554-8b5f-4aa5-b15d-38b0e0c8a448]
[2026-01-08 14:08:48]   File uploaded: IMG_3.jpg (4.93 MB) [ID: cb09b554-8b5f-4aa5-b15d-38b0e0c8a448]
[2026-01-08 14:08:48]   File uploaded: IMG_1.jpg (4.94 MB) [ID: cb09b554-8b5f-4aa5-b15d-38b0e0c8a448]
[2026-01-08 14:08:48]   File uploaded: IMG.jpg (5.82 MB) [ID: cb09b554-8b5f-4aa5-b15d-38b0e0c8a448]
[2026-01-08 14:08:48]   File uploaded: IMG_2.jpg (4.93 MB) [ID: cb09b554-8b5f-4aa5-b15d-38b0e0c8a448]
[2026-01-08 14:08:48]   File uploaded: IMG_4.jpg (4.70 MB) [ID: cb09b554-8b5f-4aa5-b15d-38b0e0c8a448]
[2026-01-08 14:08:48]   File uploaded: IMG_5.jpg (5.17 MB) [ID: cb09b554-8b5f-4aa5-b15d-38b0e0c8a448]
[2026-01-08 14:08:48] Upload completed: 25-000-050/25-008/25-008-251124 - 12 file(s), 31.37 MB in 0.1s (439998.5 KB/s) [ID: cb09b554-8b5f-4aa5-b15d-38b0e0c8a448]
[2026-01-08 14:08:48] Controller handshake initiated to /api/folders.
[2026-01-08 14:23:44] Controller handshake initiated to /api/log.
[2026-01-08 14:23:44] Controller opened data sync.
[2026-01-08 14:23:44] Controller handshake initiated to /api/folders.
[2026-01-08 14:23:44] Controller handshake initiated to /api/templates.
[2026-01-08 14:24:54] Controller handshake initiated to /api/log.
[2026-01-08 14:24:54] Controller clicked download (26-000-050/26-002/26-002-260108).
[2026-01-08 14:24:54] Controller handshake initiated to /api/download-job/26-000-050/26-002/26-002-260108.
[2026-01-08 14:24:55] Controller handshake initiated to /api/download-file/26-000-050/26-002/26-002-260108/26-002-260108.job.
[2026-01-08 14:24:55] Controller handshake initiated to /api/download-file/26-000-050/26-002/26-002-260108/26-002-260108.jxl.
[2026-01-08 14:24:55] Controller handshake initiated to /api/download-file/26-000-050/26-002/26-002-260108/26-002-Layout-260108.csv.
[2026-01-08 14:24:55] Controller handshake initiated to /api/download-file/26-000-050/26-002/26-002-260108/26-002-Layout-260108.dxf.
[2026-01-08 14:24:56] Controller handshake initiated to /api/download-file/26-000-050/26-002/26-002-260108/Control%20-%20Avalon%20-%20260108.csv.
[2026-01-08 14:24:56] Controller handshake initiated to /api/download-file/26-000-050/26-002/26-002-260108/job_info.json.
[2026-01-08 18:35:47] Controller handshake initiated to /api/log.
[2026-01-08 18:35:47] Controller opened data sync.
[2026-01-08 18:35:47] Controller handshake initiated to /api/folders.
[2026-01-08 18:35:47] Controller handshake initiated to /api/templates.
[2026-01-08 18:49:57] Job created: 26-000-050/26-002/26-002-260108/26-002-260108-260108
[2026-01-08 18:49:58] Upload started: 26-000-050/26-002/26-002-260108/26-002-260108-260108 - 2 file(s) [ID: 21080017-3d54-462b-8868-4fd41b22abf3]
[2026-01-08 18:49:58]   File uploaded: 26-002-Layout-260108-R1.csv (0.00 MB) [ID: 21080017-3d54-462b-8868-4fd41b22abf3]
[2026-01-08 18:49:58]   File uploaded: 26-002-Layout-260108-R1.dxf (0.32 MB) [ID: 21080017-3d54-462b-8868-4fd41b22abf3]
[2026-01-08 18:49:58] Upload completed: 26-000-050/26-002/26-002-260108/26-002-260108-260108 - 2 file(s), 0.32 MB in 0.0s (329216.8 KB/s) [ID: 21080017-3d54-462b-8868-4fd41b22abf3]
[2026-01-09 13:58:52] Controller handshake initiated to /api/log.
[2026-01-09 13:58:52] Controller opened data sync.
[2026-01-09 13:58:52] Controller handshake initiated to /api/folders.
[2026-01-09 13:58:52] Controller handshake initiated to /api/templates.
[2026-01-09 14:01:17] Controller handshake initiated to /api/log.
[2026-01-09 14:01:17] Controller clicked download (26-000-050/26-002/26-002-260108/26-002-260108-260108).
[2026-01-09 14:01:18] Controller handshake initiated to /api/download-job/26-000-050/26-002/26-002-260108/26-002-260108-260108.
[2026-01-09 14:01:18] Controller handshake initiated to /api/download-file/26-000-050/26-002/26-002-260108/26-002-260108-260108/26-002-260108-260108.job.
[2026-01-09 14:01:18] Controller handshake initiated to /api/download-file/26-000-050/26-002/26-002-260108/26-002-260108-260108/26-002-260108-260108.jxl.
[2026-01-09 14:01:18] Controller handshake initiated to /api/download-file/26-000-050/26-002/26-002-260108/26-002-260108-260108/26-002-Layout-260108-R1.csv.
[2026-01-09 14:01:19] Controller handshake initiated to /api/download-file/26-000-050/26-002/26-002-260108/26-002-260108-260108/26-002-Layout-260108-R1.dxf.
[2026-01-09 14:01:20] Controller handshake initiated to /api/download-file/26-000-050/26-002/26-002-260108/26-002-260108-260108/Control%20-%20Avalon%20-%20260108.csv.
[2026-01-09 14:01:20] Controller handshake initiated to /api/download-file/26-000-050/26-002/26-002-260108/26-002-260108-260108/job_info.json.
[2026-01-09 14:05:40] Controller handshake initiated to /api/log.
[2026-01-09 14:05:40] Controller opened data sync.
[2026-01-09 14:05:40] Controller handshake initiated to /api/folders.
[2026-01-09 14:05:40] Controller handshake initiated to /api/templates.
[2026-01-09 14:06:34] Controller handshake initiated to /api/log.
[2026-01-09 14:06:34] Controller clicked download (26-000-050/26-002/26-002-260108/26-002-260108-260108).
[2026-01-09 14:06:34] Controller handshake initiated to /api/download-job/26-000-050/26-002/26-002-260108/26-002-260108-260108.
[2026-01-09 14:06:34] Controller handshake initiated to /api/download-file/26-000-050/26-002/26-002-260108/26-002-260108-260108/26-002-260108-260108.jxl.
[2026-01-09 14:06:35] Controller handshake initiated to /api/download-file/26-000-050/26-002/26-002-260108/26-002-260108-260108/26-002-Layout-260108-R1.csv.
[2026-01-09 14:06:35] Controller handshake initiated to /api/download-file/26-000-050/26-002/26-002-260108/26-002-260108-260108/26-002-Layout-260108-R1.dxf.
[2026-01-09 14:06:35] Controller handshake initiated to /api/download-file/26-000-050/26-002/26-002-260108/26-002-260108-260108/Control%20-%20Avalon%20-%20260108.csv.
[2026-01-09 14:06:36] Controller handshake initiated to /api/download-file/26-000-050/26-002/26-002-260108/26-002-260108-260108/job_info.json.
[2026-01-09 17:57:33] Controller handshake initiated to /api/log.
[2026-01-09 17:57:33] Controller opened data sync.
[2026-01-09 17:57:33] Controller handshake initiated to /api/templates.
[2026-01-09 17:57:33] Controller handshake initiated to /api/folders.
[2026-01-09 17:58:52] Controller handshake initiated to /api/log.
[2026-01-09 17:58:52] Controller clicked upload (26-000-050/26-002/26-002-260108/26-002-260108.job).
[2026-01-09 17:58:52] Controller handshake initiated to /api/upload-field-data-android.
[2026-01-09 17:59:34] Upload started: 26-000-050/26-002/26-002-260108 - 13 file(s) [ID: 24c90f69-78f7-4241-bd8f-0c8c00cb4beb]
[2026-01-09 17:59:34]   File uploaded: 26-002-260108.job (0.09 MB) [ID: 24c90f69-78f7-4241-bd8f-0c8c00cb4beb]
[2026-01-09 17:59:34]   File uploaded: 26-002-260109.dxf (0.04 MB) [ID: 24c90f69-78f7-4241-bd8f-0c8c00cb4beb]
[2026-01-09 17:59:34]   File uploaded: 26-002-260109.csv (0.00 MB) [ID: 24c90f69-78f7-4241-bd8f-0c8c00cb4beb]
[2026-01-09 17:59:34]   File uploaded: 26-002-Layout-260108.csv (0.00 MB) [ID: 24c90f69-78f7-4241-bd8f-0c8c00cb4beb]
[2026-01-09 17:59:34]   File uploaded: 26-002-Layout-260108.dxf (0.31 MB) [ID: 24c90f69-78f7-4241-bd8f-0c8c00cb4beb]
[2026-01-09 17:59:34]   File uploaded: IMG_6.jpg (4.38 MB) [ID: 24c90f69-78f7-4241-bd8f-0c8c00cb4beb]
[2026-01-09 17:59:34]   File uploaded: IMG_4.jpg (4.90 MB) [ID: 24c90f69-78f7-4241-bd8f-0c8c00cb4beb]
[2026-01-09 17:59:34]   File uploaded: IMG.jpg (4.98 MB) [ID: 24c90f69-78f7-4241-bd8f-0c8c00cb4beb]
[2026-01-09 17:59:34]   File uploaded: IMG_1.jpg (4.64 MB) [ID: 24c90f69-78f7-4241-bd8f-0c8c00cb4beb]
[2026-01-09 17:59:34]   File uploaded: IMG_7.jpg (4.83 MB) [ID: 24c90f69-78f7-4241-bd8f-0c8c00cb4beb]
[2026-01-09 17:59:34]   File uploaded: IMG_2.jpg (4.40 MB) [ID: 24c90f69-78f7-4241-bd8f-0c8c00cb4beb]
[2026-01-09 17:59:34]   File uploaded: IMG_3.jpg (4.95 MB) [ID: 24c90f69-78f7-4241-bd8f-0c8c00cb4beb]
[2026-01-09 17:59:34]   File uploaded: IMG_5.jpg (4.60 MB) [ID: 24c90f69-78f7-4241-bd8f-0c8c00cb4beb]
[2026-01-09 17:59:34] Upload completed: 26-000-050/26-002/26-002-260108 - 13 file(s), 38.13 MB in 0.0s (1115668.3 KB/s) [ID: 24c90f69-78f7-4241-bd8f-0c8c00cb4beb]
[2026-01-09 17:59:34] Controller handshake initiated to /api/folders.
[2026-01-09 18:00:01] Controller handshake initiated to /api/log.
[2026-01-09 18:00:01] Controller clicked upload (26-000-050/26-002/26-002-260108/26-002-260108-260108/26-002-260108-260108.job).
[2026-01-09 18:00:02] Controller handshake initiated to /api/upload-field-data-android.
[2026-01-09 18:00:17] Upload started: 26-000-050/26-002/26-002-260108/26-002-260108-260108 - 10 file(s) [ID: 92f4c21d-7fda-40d7-a90b-21e70cb03a36]
[2026-01-09 18:00:17]   File uploaded: 26-002-260108-260108.job (0.07 MB) [ID: 92f4c21d-7fda-40d7-a90b-21e70cb03a36]
[2026-01-09 18:00:17]   File uploaded: 26-002-260108-260109.csv (0.00 MB) [ID: 92f4c21d-7fda-40d7-a90b-21e70cb03a36]
[2026-01-09 18:00:17]   File uploaded: 26-002-260108-260109.dxf (0.03 MB) [ID: 92f4c21d-7fda-40d7-a90b-21e70cb03a36]
[2026-01-09 18:00:17]   File uploaded: 26-002-260108-260109-PART2.csv (0.00 MB) [ID: 92f4c21d-7fda-40d7-a90b-21e70cb03a36]
[2026-01-09 18:00:17]   File uploaded: 26-002-260108-260109-PART2.dxf (0.03 MB) [ID: 92f4c21d-7fda-40d7-a90b-21e70cb03a36]
[2026-01-09 18:00:17]   File uploaded: 26-002-Layout-260108-R1.dxf (0.32 MB) [ID: 92f4c21d-7fda-40d7-a90b-21e70cb03a36]
[2026-01-09 18:00:17]   File uploaded: 26-002-Layout-260108-R1.csv (0.00 MB) [ID: 92f4c21d-7fda-40d7-a90b-21e70cb03a36]
[2026-01-09 18:00:17]   File uploaded: IMG.jpg (5.13 MB) [ID: 92f4c21d-7fda-40d7-a90b-21e70cb03a36]
[2026-01-09 18:00:17]   File uploaded: IMG_2.jpg (4.73 MB) [ID: 92f4c21d-7fda-40d7-a90b-21e70cb03a36]
[2026-01-09 18:00:17]   File uploaded: IMG_1.jpg (4.91 MB) [ID: 92f4c21d-7fda-40d7-a90b-21e70cb03a36]
[2026-01-09 18:00:17] Upload completed: 26-000-050/26-002/26-002-260108/26-002-260108-260108 - 10 file(s), 15.22 MB in 0.0s (486926.9 KB/s) [ID: 92f4c21d-7fda-40d7-a90b-21e70cb03a36]
[2026-01-09 18:00:18] Controller handshake initiated to /api/folders.
[2026-01-09 18:58:59] Job created: 26-000-050/26-002/26-002-260109
[2026-01-09 18:59:00] Upload started: 26-000-050/26-002/26-002-260109 - 1 file(s) [ID: c9d10ef7-3d48-4bf9-b37c-8acf7dac4907]
[2026-01-09 18:59:00]   File uploaded: 26-002-Layout-260109.csv (0.00 MB) [ID: c9d10ef7-3d48-4bf9-b37c-8acf7dac4907]
[2026-01-09 18:59:00] Upload completed: 26-000-050/26-002/26-002-260109 - 1 file(s), 0.00 MB in 0.0s (275.4 KB/s) [ID: c9d10ef7-3d48-4bf9-b37c-8acf7dac4907]
[2026-01-09 19:20:36] Controller handshake initiated to /api/log.
[2026-01-09 19:20:36] Controller opened data sync.
[2026-01-09 19:20:36] Controller handshake initiated to /api/folders.
[2026-01-09 19:20:36] Controller handshake initiated to /api/templates.
[2026-01-09 19:21:36] Controller handshake initiated to /api/log.
[2026-01-09 19:21:36] Controller clicked download (26-000-050/26-002/26-002-260109).
[2026-01-09 19:21:37] Controller handshake initiated to /api/download-job/26-000-050/26-002/26-002-260109.
[2026-01-09 19:21:37] Controller handshake initiated to /api/download-file/26-000-050/26-002/26-002-260109/26-002-260109.job.
[2026-01-09 19:21:37] Controller handshake initiated to /api/download-file/26-000-050/26-002/26-002-260109/26-002-260109.jxl.
[2026-01-09 19:21:38] Controller handshake initiated to /api/download-file/26-000-050/26-002/26-002-260109/26-002-Layout-260109.csv.
[2026-01-09 19:21:38] Controller handshake initiated to /api/download-file/26-000-050/26-002/26-002-260109/Control%20-%20Avalon%20-%20260109.csv.
[2026-01-09 19:21:38] Controller handshake initiated to /api/download-file/26-000-050/26-002/26-002-260109/job_info.json.
[2026-01-11 03:16:55] Controller handshake initiated to /api/route.
[2026-01-11 20:34:53] Controller handshake initiated to /api/folders.
[2026-01-11 20:34:53] Controller handshake initiated to /api/templates.
[2026-01-11 23:56:36] Folder created: 26-000-050/26-003
[2026-01-11 23:56:58] Job created: 26-000-050/26-003/26-003-260111
[2026-01-11 23:56:59] Upload started: 26-000-050/26-003/26-003-260111 - 2 file(s) [ID: 0ed58d0a-1c74-4646-96ec-c1b8e7698071]
[2026-01-11 23:56:59]   File uploaded: 26-003-Layout-250109.csv (0.00 MB) [ID: 0ed58d0a-1c74-4646-96ec-c1b8e7698071]
[2026-01-11 23:56:59]   File uploaded: 26-003-Layout-250109.dxf (0.32 MB) [ID: 0ed58d0a-1c74-4646-96ec-c1b8e7698071]
[2026-01-11 23:56:59] Upload completed: 26-000-050/26-003/26-003-260111 - 2 file(s), 0.32 MB in 0.0s (23149.0 KB/s) [ID: 0ed58d0a-1c74-4646-96ec-c1b8e7698071]
[2026-01-12 03:33:08] Controller handshake initiated to /api/route.
[2026-01-12 13:18:26] Controller handshake initiated to /api/log.
[2026-01-12 13:18:26] Controller opened data sync.
[2026-01-12 13:18:26] Controller handshake initiated to /api/templates.
[2026-01-12 13:18:26] Controller handshake initiated to /api/folders.
[2026-01-12 13:20:18] Controller handshake initiated to /api/log.
[2026-01-12 13:20:18] Controller clicked download (26-000-050/26-003/26-003-260111).
[2026-01-12 13:20:18] Controller handshake initiated to /api/download-job/26-000-050/26-003/26-003-260111.
[2026-01-12 13:20:18] Controller handshake initiated to /api/download-file/26-000-050/26-003/26-003-260111/26-003-260111.job.
[2026-01-12 13:20:19] Controller handshake initiated to /api/download-file/26-000-050/26-003/26-003-260111/26-003-260111.jxl.
[2026-01-12 13:20:19] Controller handshake initiated to /api/download-file/26-000-050/26-003/26-003-260111/26-003-Layout-250109.csv.
[2026-01-12 13:20:19] Controller handshake initiated to /api/download-file/26-000-050/26-003/26-003-260111/26-003-Layout-250109.dxf.
[2026-01-12 13:20:20] Controller handshake initiated to /api/download-file/26-000-050/26-003/26-003-260111/Control%20-%20Avalon%20-%20260111.csv.
[2026-01-12 13:20:20] Controller handshake initiated to /api/download-file/26-000-050/26-003/26-003-260111/job_info.json.
[2026-01-12 15:28:28] Controller handshake initiated to /api/log.
[2026-01-12 15:28:28] Controller opened data sync.
[2026-01-12 15:28:28] Controller handshake initiated to /api/folders.
[2026-01-12 15:28:28] Controller handshake initiated to /api/templates.
[2026-01-12 15:29:46] Controller handshake initiated to /api/log.
[2026-01-12 15:29:46] Controller clicked upload (26-000-050/26-003/26-003-260111/26-003-260111.job).
[2026-01-12 15:29:47] Controller handshake initiated to /api/upload-field-data-android.
[2026-01-12 15:30:29] Upload started: 26-000-050/26-003/26-003-260111 - 13 file(s) [ID: 7bb32e1a-7b5a-4860-ba3d-986ad407327e]
[2026-01-12 15:30:29]   File uploaded: 26-003-260111.job (0.08 MB) [ID: 7bb32e1a-7b5a-4860-ba3d-986ad407327e]
[2026-01-12 15:30:29]   File uploaded: 26-003-260112.csv (0.00 MB) [ID: 7bb32e1a-7b5a-4860-ba3d-986ad407327e]
[2026-01-12 15:30:29]   File uploaded: 26-003-260112.dxf (0.04 MB) [ID: 7bb32e1a-7b5a-4860-ba3d-986ad407327e]
[2026-01-12 15:30:29]   File uploaded: 26-003-Layout-250109.dxf (0.32 MB) [ID: 7bb32e1a-7b5a-4860-ba3d-986ad407327e]
[2026-01-12 15:30:29]   File uploaded: 26-003-Layout-250109.csv (0.00 MB) [ID: 7bb32e1a-7b5a-4860-ba3d-986ad407327e]
[2026-01-12 15:30:29]   File uploaded: IMG_2.jpg (4.40 MB) [ID: 7bb32e1a-7b5a-4860-ba3d-986ad407327e]
[2026-01-12 15:30:29]   File uploaded: IMG_4.jpg (4.58 MB) [ID: 7bb32e1a-7b5a-4860-ba3d-986ad407327e]
[2026-01-12 15:30:29]   File uploaded: IMG_6.jpg (4.35 MB) [ID: 7bb32e1a-7b5a-4860-ba3d-986ad407327e]
[2026-01-12 15:30:29]   File uploaded: IMG.jpg (4.99 MB) [ID: 7bb32e1a-7b5a-4860-ba3d-986ad407327e]
[2026-01-12 15:30:29]   File uploaded: IMG_7.jpg (3.82 MB) [ID: 7bb32e1a-7b5a-4860-ba3d-986ad407327e]
[2026-01-12 15:30:29]   File uploaded: IMG_3.jpg (4.60 MB) [ID: 7bb32e1a-7b5a-4860-ba3d-986ad407327e]
[2026-01-12 15:30:29]   File uploaded: IMG_1.jpg (4.67 MB) [ID: 7bb32e1a-7b5a-4860-ba3d-986ad407327e]
[2026-01-12 15:30:29]   File uploaded: IMG_5.jpg (4.33 MB) [ID: 7bb32e1a-7b5a-4860-ba3d-986ad407327e]
[2026-01-12 15:30:29] Upload completed: 26-000-050/26-003/26-003-260111 - 13 file(s), 36.18 MB in 0.1s (587989.8 KB/s) [ID: 7bb32e1a-7b5a-4860-ba3d-986ad407327e]
[2026-01-12 15:30:29] Controller handshake initiated to /api/folders.
[2026-01-12 17:19:13] Job created: 26-000-050/26-002/26-002-260112
[2026-01-12 17:19:14] Upload started: 26-000-050/26-002/26-002-260112 - 2 file(s) [ID: d68a77b3-4e01-4499-8522-5d75fe2c66d3]
[2026-01-12 17:19:14]   File uploaded: 26-002-Layout-260112.csv (0.00 MB) [ID: d68a77b3-4e01-4499-8522-5d75fe2c66d3]
[2026-01-12 17:19:14]   File uploaded: 26-002-Layout-260112.dxf (0.27 MB) [ID: d68a77b3-4e01-4499-8522-5d75fe2c66d3]
[2026-01-12 17:19:14] Upload completed: 26-000-050/26-002/26-002-260112 - 2 file(s), 0.27 MB in 0.0s (275263.7 KB/s) [ID: d68a77b3-4e01-4499-8522-5d75fe2c66d3]
[2026-01-12 17:46:56] Controller handshake initiated to /api/log.
[2026-01-12 17:46:56] Controller opened data sync.
[2026-01-12 17:46:56] Controller handshake initiated to /api/templates.
[2026-01-12 17:46:56] Controller handshake initiated to /api/folders.
[2026-01-12 17:47:48] Controller handshake initiated to /api/log.
[2026-01-12 17:47:48] Controller clicked download (26-000-050/26-002/26-002-260112).
[2026-01-12 17:47:48] Controller handshake initiated to /api/download-job/26-000-050/26-002/26-002-260112.
[2026-01-12 17:47:48] Controller handshake initiated to /api/download-file/26-000-050/26-002/26-002-260112/26-002-260112.job.
[2026-01-12 17:47:49] Controller handshake initiated to /api/download-file/26-000-050/26-002/26-002-260112/26-002-260112.jxl.
[2026-01-12 17:47:49] Controller handshake initiated to /api/download-file/26-000-050/26-002/26-002-260112/26-002-Layout-260112.csv.
[2026-01-12 17:47:49] Controller handshake initiated to /api/download-file/26-000-050/26-002/26-002-260112/26-002-Layout-260112.dxf.
[2026-01-12 19:18:58] Controller handshake initiated to /api/log.
[2026-01-12 19:18:58] Controller opened data sync.
[2026-01-12 19:18:58] Controller handshake initiated to /api/templates.
[2026-01-12 19:18:58] Controller handshake initiated to /api/folders.
[2026-01-12 19:22:36] Controller handshake initiated to /api/log.
[2026-01-12 19:22:36] Controller clicked upload (26-000-050/26-002/26-002-260109/26-002-260109.job).
[2026-01-12 19:22:37] Controller handshake initiated to /api/upload-field-data-android.
[2026-01-12 19:22:37] Upload started: 26-000-050/26-002/26-002-260109 - 4 file(s) [ID: 93665a8d-bfbe-45e1-b1a5-3c06f91c732c]
[2026-01-12 19:22:37]   File uploaded: 26-002-260109.job (0.04 MB) [ID: 93665a8d-bfbe-45e1-b1a5-3c06f91c732c]
[2026-01-12 19:22:37]   File uploaded: 26-002-260112R1.csv (0.00 MB) [ID: 93665a8d-bfbe-45e1-b1a5-3c06f91c732c]
[2026-01-12 19:22:37]   File uploaded: 26-002-260109-PART3.csv (0.00 MB) [ID: 93665a8d-bfbe-45e1-b1a5-3c06f91c732c]
[2026-01-12 19:22:37]   File uploaded: 26-002-Layout-260109.csv (0.00 MB) [ID: 93665a8d-bfbe-45e1-b1a5-3c06f91c732c]
[2026-01-12 19:22:37] Upload completed: 26-000-050/26-002/26-002-260109 - 4 file(s), 0.04 MB in 0.0s (8747.1 KB/s) [ID: 93665a8d-bfbe-45e1-b1a5-3c06f91c732c]
[2026-01-12 19:22:37] Controller handshake initiated to /api/folders.
[2026-01-12 19:22:46] Controller handshake initiated to /api/log.
[2026-01-12 19:22:46] Controller clicked upload (26-000-050/26-002/26-002-260108/26-002-260108.job).
[2026-01-12 19:22:47] Controller handshake initiated to /api/upload-field-data-android.
[2026-01-12 19:23:28] Upload started: 26-000-050/26-002/26-002-260108 - 14 file(s) [ID: 84eab101-ef00-4a96-9cfb-27401c7ce4a1]
[2026-01-12 19:23:28]   File uploaded: 26-002-260108.job (0.09 MB) [ID: 84eab101-ef00-4a96-9cfb-27401c7ce4a1]
[2026-01-12 19:23:28]   File uploaded: 26-002-260109.dxf (0.04 MB) [ID: 84eab101-ef00-4a96-9cfb-27401c7ce4a1]
[2026-01-12 19:23:28]   File uploaded: 26-002-260112A.csv (0.00 MB) [ID: 84eab101-ef00-4a96-9cfb-27401c7ce4a1]
[2026-01-12 19:23:28]   File uploaded: 26-002-260109.csv (0.00 MB) [ID: 84eab101-ef00-4a96-9cfb-27401c7ce4a1]
[2026-01-12 19:23:28]   File uploaded: 26-002-Layout-260108.csv (0.00 MB) [ID: 84eab101-ef00-4a96-9cfb-27401c7ce4a1]
[2026-01-12 19:23:28]   File uploaded: 26-002-Layout-260108.dxf (0.31 MB) [ID: 84eab101-ef00-4a96-9cfb-27401c7ce4a1]
[2026-01-12 19:23:28]   File uploaded: IMG_6.jpg (4.38 MB) [ID: 84eab101-ef00-4a96-9cfb-27401c7ce4a1]
[2026-01-12 19:23:28]   File uploaded: IMG_4.jpg (4.90 MB) [ID: 84eab101-ef00-4a96-9cfb-27401c7ce4a1]
[2026-01-12 19:23:28]   File uploaded: IMG.jpg (4.98 MB) [ID: 84eab101-ef00-4a96-9cfb-27401c7ce4a1]
[2026-01-12 19:23:28]   File uploaded: IMG_1.jpg (4.64 MB) [ID: 84eab101-ef00-4a96-9cfb-27401c7ce4a1]
[2026-01-12 19:23:28]   File uploaded: IMG_7.jpg (4.83 MB) [ID: 84eab101-ef00-4a96-9cfb-27401c7ce4a1]
[2026-01-12 19:23:28]   File uploaded: IMG_2.jpg (4.40 MB) [ID: 84eab101-ef00-4a96-9cfb-27401c7ce4a1]
[2026-01-12 19:23:28]   File uploaded: IMG_3.jpg (4.95 MB) [ID: 84eab101-ef00-4a96-9cfb-27401c7ce4a1]
[2026-01-12 19:23:28]   File uploaded: IMG_5.jpg (4.60 MB) [ID: 84eab101-ef00-4a96-9cfb-27401c7ce4a1]
[2026-01-12 19:23:28] Upload completed: 26-000-050/26-002/26-002-260108 - 14 file(s), 38.13 MB in 0.1s (500635.0 KB/s) [ID: 84eab101-ef00-4a96-9cfb-27401c7ce4a1]
[2026-01-12 19:23:29] Controller handshake initiated to /api/folders.
[2026-01-12 19:23:44] Controller handshake initiated to /api/log.
[2026-01-12 19:23:44] Controller clicked upload (26-000-050/26-002/26-002-260108/26-002-260108-260108/26-002-260108-260108.job).
[2026-01-12 19:23:45] Controller handshake initiated to /api/upload-field-data-android.
[2026-01-12 19:24:00] Upload started: 26-000-050/26-002/26-002-260108/26-002-260108-260108 - 11 file(s) [ID: 1d730c49-2e87-46c5-880a-db95cb2692f0]
[2026-01-12 19:24:00]   File uploaded: 26-002-260108-260108.job (0.08 MB) [ID: 1d730c49-2e87-46c5-880a-db95cb2692f0]
[2026-01-12 19:24:00]   File uploaded: 26-002-260108-260109.csv (0.00 MB) [ID: 1d730c49-2e87-46c5-880a-db95cb2692f0]
[2026-01-12 19:24:00]   File uploaded: 26-002-260108-260112-R2.csv (0.00 MB) [ID: 1d730c49-2e87-46c5-880a-db95cb2692f0]
[2026-01-12 19:24:00]   File uploaded: 26-002-260108-260109.dxf (0.03 MB) [ID: 1d730c49-2e87-46c5-880a-db95cb2692f0]
[2026-01-12 19:24:00]   File uploaded: 26-002-260108-260109-PART2.csv (0.00 MB) [ID: 1d730c49-2e87-46c5-880a-db95cb2692f0]
[2026-01-12 19:24:00]   File uploaded: 26-002-260108-260109-PART2.dxf (0.03 MB) [ID: 1d730c49-2e87-46c5-880a-db95cb2692f0]
[2026-01-12 19:24:00]   File uploaded: 26-002-Layout-260108-R1.dxf (0.32 MB) [ID: 1d730c49-2e87-46c5-880a-db95cb2692f0]
[2026-01-12 19:24:00]   File uploaded: 26-002-Layout-260108-R1.csv (0.00 MB) [ID: 1d730c49-2e87-46c5-880a-db95cb2692f0]
[2026-01-12 19:24:00]   File uploaded: IMG.jpg (5.13 MB) [ID: 1d730c49-2e87-46c5-880a-db95cb2692f0]
[2026-01-12 19:24:00]   File uploaded: IMG_2.jpg (4.73 MB) [ID: 1d730c49-2e87-46c5-880a-db95cb2692f0]
[2026-01-12 19:24:00]   File uploaded: IMG_1.jpg (4.91 MB) [ID: 1d730c49-2e87-46c5-880a-db95cb2692f0]
[2026-01-12 19:24:00] Upload completed: 26-000-050/26-002/26-002-260108/26-002-260108-260108 - 11 file(s), 15.23 MB in 0.1s (259879.5 KB/s) [ID: 1d730c49-2e87-46c5-880a-db95cb2692f0]
[2026-01-12 19:24:01] Controller handshake initiated to /api/folders.
[2026-01-13 13:00:36] Job created: 25-000-050/25-008/25-008-260113
[2026-01-13 13:00:37] Upload started: 25-000-050/25-008/25-008-260113 - 2 file(s) [ID: e4c67982-333d-4cf1-98ce-b3ff53b83e62]
[2026-01-13 13:00:37]   File uploaded: 25-008-Final Grading Checks-260113.csv (0.00 MB) [ID: e4c67982-333d-4cf1-98ce-b3ff53b83e62]
[2026-01-13 13:00:37]   File uploaded: 25-008-Final Grading Checks-260113.dxf (0.31 MB) [ID: e4c67982-333d-4cf1-98ce-b3ff53b83e62]
[2026-01-13 13:00:37] Upload completed: 25-000-050/25-008/25-008-260113 - 2 file(s), 0.32 MB in 0.0s (161523.4 KB/s) [ID: e4c67982-333d-4cf1-98ce-b3ff53b83e62]
[2026-01-13 13:24:43] Controller handshake initiated to /api/log.
[2026-01-13 13:24:43] Controller opened data sync.
[2026-01-13 13:24:43] Controller handshake initiated to /api/folders.
[2026-01-13 13:24:43] Controller handshake initiated to /api/templates.
[2026-01-13 13:26:30] Controller handshake initiated to /api/log.
[2026-01-13 13:26:30] Controller clicked download (25-000-050/25-008/25-008-260113).
[2026-01-13 13:26:30] Controller handshake initiated to /api/download-job/25-000-050/25-008/25-008-260113.
[2026-01-13 13:26:30] Controller handshake initiated to /api/download-file/25-000-050/25-008/25-008-260113/25-008-260113.job.
[2026-01-13 13:26:30] Controller handshake initiated to /api/download-file/25-000-050/25-008/25-008-260113/25-008-260113.jxl.
[2026-01-13 13:26:31] Controller handshake initiated to /api/download-file/25-000-050/25-008/25-008-260113/25-008-Final%20Grading%20Checks-260113.csv.
[2026-01-13 13:26:31] Controller handshake initiated to /api/download-file/25-000-050/25-008/25-008-260113/25-008-Final%20Grading%20Checks-260113.dxf.
[2026-01-13 13:26:32] Controller handshake initiated to /api/download-file/25-000-050/25-008/25-008-260113/Control%20-%20Avalon%20-%20260113.csv.
[2026-01-13 13:26:32] Controller handshake initiated to /api/download-file/25-000-050/25-008/25-008-260113/job_info.json.
[2026-01-13 14:57:26] Controller handshake initiated to /api/folders.
[2026-01-13 14:57:26] Controller handshake initiated to /api/log.
[2026-01-13 14:57:26] Controller opened data sync.
[2026-01-13 14:57:26] Controller handshake initiated to /api/templates.
[2026-01-13 14:58:40] Controller handshake initiated to /api/log.
[2026-01-13 14:58:40] Controller clicked upload (25-000-050/25-008/25-008-260113/25-008-260113.job).
[2026-01-13 14:58:40] Controller handshake initiated to /api/upload-field-data-android.
[2026-01-13 14:58:41] Upload started: 25-000-050/25-008/25-008-260113 - 2 file(s) [ID: 3587d6f9-e4bb-45da-bbed-e02466a60913]
[2026-01-13 14:58:41]   File uploaded: 25-008-260113.job (0.05 MB) [ID: 3587d6f9-e4bb-45da-bbed-e02466a60913]
[2026-01-13 14:58:41]   File uploaded: 25-008-260113.csv (0.00 MB) [ID: 3587d6f9-e4bb-45da-bbed-e02466a60913]
[2026-01-13 14:58:41] Upload completed: 25-000-050/25-008/25-008-260113 - 2 file(s), 0.05 MB in 0.0s (24040.5 KB/s) [ID: 3587d6f9-e4bb-45da-bbed-e02466a60913]
[2026-01-13 14:58:41] Controller handshake initiated to /api/folders.
[2026-01-14 13:53:52] Folder created: 26-000-050/26-004
[2026-01-14 13:54:22] Job created: 26-000-050/26-004/26-004-260114
[2026-01-14 13:54:23] Upload started: 26-000-050/26-004/26-004-260114 - 2 file(s) [ID: ef1b75df-4425-4864-b4e9-35b54bd2e952]
[2026-01-14 13:54:23]   File uploaded: 26-004-Layout-260114.csv (0.00 MB) [ID: ef1b75df-4425-4864-b4e9-35b54bd2e952]
[2026-01-14 13:54:23]   File uploaded: 26-004-Layout-260114.dxf (0.32 MB) [ID: ef1b75df-4425-4864-b4e9-35b54bd2e952]
[2026-01-14 13:54:23] Upload completed: 26-000-050/26-004/26-004-260114 - 2 file(s), 0.32 MB in 0.0s (325610.4 KB/s) [ID: ef1b75df-4425-4864-b4e9-35b54bd2e952]
[2026-01-14 14:16:35] Controller handshake initiated to /api/log.
[2026-01-14 14:16:35] Controller opened data sync.
[2026-01-14 14:16:35] Controller handshake initiated to /api/folders.
[2026-01-14 14:16:35] Controller handshake initiated to /api/templates.
[2026-01-14 14:17:32] Controller handshake initiated to /api/log.
[2026-01-14 14:17:32] Controller clicked download (26-000-050/26-004/26-004-260114).
[2026-01-14 14:17:32] Controller handshake initiated to /api/download-job/26-000-050/26-004/26-004-260114.
[2026-01-14 14:17:32] Controller handshake initiated to /api/download-file/26-000-050/26-004/26-004-260114/26-004-260114.job.
[2026-01-14 14:17:33] Controller handshake initiated to /api/download-file/26-000-050/26-004/26-004-260114/26-004-260114.jxl.
[2026-01-14 14:17:33] Controller handshake initiated to /api/download-file/26-000-050/26-004/26-004-260114/26-004-Layout-260114.csv.
[2026-01-14 14:17:33] Controller handshake initiated to /api/download-file/26-000-050/26-004/26-004-260114/26-004-Layout-260114.dxf.
[2026-01-14 14:17:35] Controller handshake initiated to /api/download-file/26-000-050/26-004/26-004-260114/Control%20-%20Avalon%20-%20260114.csv.
[2026-01-14 14:17:35] Controller handshake initiated to /api/download-file/26-000-050/26-004/26-004-260114/job_info.json.
[2026-01-14 18:20:17] Controller handshake initiated to /api/folders.
[2026-01-14 18:20:18] Controller handshake initiated to /api/log.
[2026-01-14 18:20:18] Controller opened data sync.
[2026-01-14 18:20:18] Controller handshake initiated to /api/templates.
[2026-01-14 18:21:15] Controller handshake initiated to /api/log.
[2026-01-14 18:21:15] Controller clicked upload (26-000-050/26-004/26-004-260114/26-004-260114.job).
[2026-01-14 18:21:17] Controller handshake initiated to /api/upload-field-data-android.
[2026-01-14 18:27:04] Controller handshake initiated to /api/upload-field-data-android.
[2026-01-14 18:33:06] Controller handshake initiated to /api/upload-field-data-android.
[2026-01-14 18:47:17] Controller handshake initiated to /api/log.
[2026-01-14 18:47:17] Controller clicked upload (26-000-050/26-004/26-004-260114/26-004-260114.job).
[2026-01-14 18:47:18] Controller handshake initiated to /api/upload-field-data-android.
[2026-01-14 18:53:05] Controller handshake initiated to /api/upload-field-data-android.
[2026-01-15 12:02:45] Folder created: 23-000-400/23-272
[2026-01-15 12:03:58] Job created: 23-000-400/23-272/23-272-260115
[2026-01-15 12:03:58] Upload started: 23-000-400/23-272/23-272-260115 - 1 file(s) [ID: 6655852a-af05-4444-a3ac-60357102e078]
[2026-01-15 12:03:58]   File uploaded: 23-272-Layout-260115.dxf (0.27 MB) [ID: 6655852a-af05-4444-a3ac-60357102e078]
[2026-01-15 12:03:58] Upload completed: 23-000-400/23-272/23-272-260115 - 1 file(s), 0.27 MB in 0.0s (274552.7 KB/s) [ID: 6655852a-af05-4444-a3ac-60357102e078]
[2026-01-15 12:29:01] Controller handshake initiated to /api/log.
[2026-01-15 12:29:01] Controller opened data sync.
[2026-01-15 12:29:01] Controller handshake initiated to /api/templates.
[2026-01-15 12:29:01] Controller handshake initiated to /api/folders.
[2026-01-15 12:30:33] Controller handshake initiated to /api/log.
[2026-01-15 12:30:33] Controller clicked download (23-000-400/23-272/23-272-260115).
[2026-01-15 12:30:33] Controller handshake initiated to /api/download-job/23-000-400/23-272/23-272-260115.
[2026-01-15 12:30:33] Controller handshake initiated to /api/download-file/23-000-400/23-272/23-272-260115/23-272-260115.job.
[2026-01-15 12:30:33] Controller handshake initiated to /api/download-file/23-000-400/23-272/23-272-260115/23-272-260115.jxl.
[2026-01-15 12:30:33] Controller handshake initiated to /api/download-file/23-000-400/23-272/23-272-260115/23-272-Layout-260115.dxf.
[2026-01-15 12:30:34] Controller handshake initiated to /api/download-file/23-000-400/23-272/23-272-260115/Control%20-%20Avalon%20-%20260115.csv.
[2026-01-15 12:30:34] Controller handshake initiated to /api/download-file/23-000-400/23-272/23-272-260115/job_info.json.
[2026-01-15 12:54:41] Job created: 23-000-400/23-272/23-272-260115-R1
[2026-01-15 12:54:42] Upload started: 23-000-400/23-272/23-272-260115-R1 - 1 file(s) [ID: a3cdb5c0-71c8-47f3-b5ea-518e18c8f930]
[2026-01-15 12:54:42]   File uploaded: 23-272-Layout-260115-R1.dxf (0.27 MB) [ID: a3cdb5c0-71c8-47f3-b5ea-518e18c8f930]
[2026-01-15 12:54:42] Upload completed: 23-000-400/23-272/23-272-260115-R1 - 1 file(s), 0.27 MB in 0.0s (274554.7 KB/s) [ID: a3cdb5c0-71c8-47f3-b5ea-518e18c8f930]
[2026-01-15 12:56:09] Job created: 23-000-400/23-272/23-272-260115-R1
[2026-01-15 12:56:09] Upload started: 23-000-400/23-272/23-272-260115-R1 - 1 file(s) [ID: f823d8e8-efaf-4f04-9b94-229f0e9c94c4]
[2026-01-15 12:56:09]   File uploaded: 23-272-Layout-260115-R1.dxf (0.27 MB) [ID: f823d8e8-efaf-4f04-9b94-229f0e9c94c4]
[2026-01-15 12:56:09] Upload completed: 23-000-400/23-272/23-272-260115-R1 - 1 file(s), 0.27 MB in 0.0s (274554.7 KB/s) [ID: f823d8e8-efaf-4f04-9b94-229f0e9c94c4]
[2026-01-15 13:59:33] Controller handshake initiated to /api/log.
[2026-01-15 13:59:33] Controller opened data sync.
[2026-01-15 13:59:33] Controller handshake initiated to /api/folders.
[2026-01-15 13:59:33] Controller handshake initiated to /api/templates.
[2026-01-15 14:01:18] Controller handshake initiated to /api/log.
[2026-01-15 14:01:18] Controller clicked download (23-000-400/23-272/23-272-260115-R1).
[2026-01-15 14:01:18] Controller handshake initiated to /api/download-job/23-000-400/23-272/23-272-260115-R1.
[2026-01-15 14:01:18] Controller handshake initiated to /api/download-file/23-000-400/23-272/23-272-260115-R1/23-272-260115-R1.job.
[2026-01-15 14:01:18] Controller handshake initiated to /api/download-file/23-000-400/23-272/23-272-260115-R1/23-272-260115-R1.jxl.
[2026-01-15 14:01:19] Controller handshake initiated to /api/download-file/23-000-400/23-272/23-272-260115-R1/23-272-Layout-260115-R1.dxf.
[2026-01-15 14:01:20] Controller handshake initiated to /api/download-file/23-000-400/23-272/23-272-260115-R1/Control%20-%20Avalon%20-%20260115-R1.csv.
[2026-01-15 14:01:20] Controller handshake initiated to /api/download-file/23-000-400/23-272/23-272-260115-R1/job_info.json.
[2026-01-16 13:53:23] Job created: 23-000-400/23-186/23-186-260116
[2026-01-16 13:53:24] Upload started: 23-000-400/23-186/23-186-260116 - 2 file(s) [ID: 24c70114-f43d-4cea-99c9-a4ba46fb6365]
[2026-01-16 13:53:24]   File uploaded: 23-186-Pinning-Part4-251219.dxf (0.42 MB) [ID: 24c70114-f43d-4cea-99c9-a4ba46fb6365]
[2026-01-16 13:53:24]   File uploaded: 23-186-Pinning-Part4-251219.csv (0.00 MB) [ID: 24c70114-f43d-4cea-99c9-a4ba46fb6365]
[2026-01-16 13:53:24] Upload completed: 23-000-400/23-186/23-186-260116 - 2 file(s), 0.43 MB in 0.1s (6085.4 KB/s) [ID: 24c70114-f43d-4cea-99c9-a4ba46fb6365]
[2026-01-16 14:10:07] Folder created: 23-000-400/23-289
[2026-01-16 14:11:10] Job created: 23-000-400/23-289/23-289-260116
[2026-01-16 14:11:11] Upload started: 23-000-400/23-289/23-289-260116 - 2 file(s) [ID: 3089f28d-4bf8-4876-a71b-c908105b1cac]
[2026-01-16 14:11:11]   File uploaded: 23-289-Layout-260116.csv (0.00 MB) [ID: 3089f28d-4bf8-4876-a71b-c908105b1cac]
[2026-01-16 14:11:11]   File uploaded: 23-289-Layout-260116.dxf (0.33 MB) [ID: 3089f28d-4bf8-4876-a71b-c908105b1cac]
[2026-01-16 14:11:11] Upload completed: 23-000-400/23-289/23-289-260116 - 2 file(s), 0.33 MB in 0.0s (171161.6 KB/s) [ID: 3089f28d-4bf8-4876-a71b-c908105b1cac]
[2026-01-16 14:37:18] Controller handshake initiated to /api/log.
[2026-01-16 14:37:18] Controller opened data sync.
[2026-01-16 14:37:18] Controller handshake initiated to /api/folders.
[2026-01-16 14:37:18] Controller handshake initiated to /api/templates.
[2026-01-16 14:38:25] Controller handshake initiated to /api/log.
[2026-01-16 14:38:25] Controller clicked upload (23-000-400/23-272/23-272-260115-R1/23-272-260115-R1.job).
[2026-01-16 14:38:26] Controller handshake initiated to /api/upload-field-data-android.
[2026-01-16 14:38:27] Upload started: 23-000-400/23-272/23-272-260115-R1 - 3 file(s) [ID: d6bdd049-d6b5-4d48-b70b-f2b973915304]
[2026-01-16 14:38:27]   File uploaded: 23-272-260115-R1.job (0.04 MB) [ID: d6bdd049-d6b5-4d48-b70b-f2b973915304]
[2026-01-16 14:38:27]   File uploaded: 23-272-260115.csv (0.00 MB) [ID: d6bdd049-d6b5-4d48-b70b-f2b973915304]
[2026-01-16 14:38:27]   File uploaded: 23-272-Layout-260115-R1.dxf (0.27 MB) [ID: d6bdd049-d6b5-4d48-b70b-f2b973915304]
[2026-01-16 14:38:27] Upload completed: 23-000-400/23-272/23-272-260115-R1 - 3 file(s), 0.31 MB in 0.1s (3632.4 KB/s) [ID: d6bdd049-d6b5-4d48-b70b-f2b973915304]
[2026-01-16 14:38:27] Controller handshake initiated to /api/folders.
[2026-01-16 14:39:11] Controller handshake initiated to /api/log.
[2026-01-16 14:39:11] Controller opened data sync.
[2026-01-16 14:39:11] Controller handshake initiated to /api/folders.
[2026-01-16 14:39:11] Controller handshake initiated to /api/templates.
[2026-01-16 14:40:24] Controller handshake initiated to /api/log.
[2026-01-16 14:40:24] Controller clicked download (23-000-400/23-289/23-289-260116).
[2026-01-16 14:40:24] Controller handshake initiated to /api/download-job/23-000-400/23-289/23-289-260116.
[2026-01-16 14:40:24] Controller handshake initiated to /api/download-file/23-000-400/23-289/23-289-260116/23-289-260116.job.
[2026-01-16 14:40:24] Controller handshake initiated to /api/download-file/23-000-400/23-289/23-289-260116/23-289-260116.jxl.
[2026-01-16 14:40:25] Controller handshake initiated to /api/download-file/23-000-400/23-289/23-289-260116/23-289-Layout-260116.csv.
[2026-01-16 14:40:25] Controller handshake initiated to /api/download-file/23-000-400/23-289/23-289-260116/23-289-Layout-260116.dxf.
[2026-01-16 14:40:25] Controller handshake initiated to /api/download-file/23-000-400/23-289/23-289-260116/Control%20-%20Avalon%20-%20260116.csv.
[2026-01-16 14:40:25] Controller handshake initiated to /api/download-file/23-000-400/23-289/23-289-260116/job_info.json.
[2026-01-16 15:01:57] Upload started: 23-000-400/23-289/23-289-260116 - 2 file(s) [ID: 00b2dcbf-20a8-444a-8dfb-9af5b1dffa45]
[2026-01-16 15:01:57]   File uploaded: 23-289-231030A.csv (0.01 MB) [ID: 00b2dcbf-20a8-444a-8dfb-9af5b1dffa45]
[2026-01-16 15:01:57]   File uploaded: 23-289-231030.csv (0.01 MB) [ID: 00b2dcbf-20a8-444a-8dfb-9af5b1dffa45]
[2026-01-16 15:01:57] Upload completed: 23-000-400/23-289/23-289-260116 - 2 file(s), 0.02 MB in 0.0s (17495.1 KB/s) [ID: 00b2dcbf-20a8-444a-8dfb-9af5b1dffa45]
[2026-01-16 15:02:35] Controller handshake initiated to /api/log.
[2026-01-16 15:02:35] Controller opened data sync.
[2026-01-16 15:02:35] Controller handshake initiated to /api/templates.
[2026-01-16 15:02:35] Controller handshake initiated to /api/folders.
[2026-01-16 15:03:43] Controller handshake initiated to /api/folders.
[2026-01-16 15:03:43] Controller handshake initiated to /api/log.
[2026-01-16 15:03:43] Controller opened data sync.
[2026-01-16 15:03:43] Controller handshake initiated to /api/templates.
[2026-01-16 15:04:37] Controller handshake initiated to /api/log.
[2026-01-16 15:04:37] Controller clicked download (23-000-400/23-289/23-289-260116).
[2026-01-16 15:04:38] Controller handshake initiated to /api/download-job/23-000-400/23-289/23-289-260116.
[2026-01-16 15:04:38] Controller handshake initiated to /api/download-file/23-000-400/23-289/23-289-260116/23-289-231030.csv.
[2026-01-16 15:04:38] Controller handshake initiated to /api/download-file/23-000-400/23-289/23-289-260116/23-289-231030A.csv.
[2026-01-16 15:04:38] Controller handshake initiated to /api/download-file/23-000-400/23-289/23-289-260116/23-289-260116.jxl.
[2026-01-16 15:04:38] Controller handshake initiated to /api/download-file/23-000-400/23-289/23-289-260116/23-289-Layout-260116.csv.
[2026-01-16 15:04:39] Controller handshake initiated to /api/download-file/23-000-400/23-289/23-289-260116/23-289-Layout-260116.dxf.
[2026-01-16 15:04:39] Controller handshake initiated to /api/download-file/23-000-400/23-289/23-289-260116/Control%20-%20Avalon%20-%20260116.csv.
[2026-01-16 15:04:39] Controller handshake initiated to /api/download-file/23-000-400/23-289/23-289-260116/job_info.json.
[2026-01-16 15:04:53] Controller handshake initiated to /api/log.
[2026-01-16 15:04:53] Controller opened data sync.
[2026-01-16 15:04:53] Controller handshake initiated to /api/templates.
[2026-01-16 15:04:53] Controller handshake initiated to /api/folders.
[2026-01-16 15:05:29] Controller handshake initiated to /api/log.
[2026-01-16 15:05:29] Controller opened data sync.
[2026-01-16 15:05:29] Controller handshake initiated to /api/templates.
[2026-01-16 15:05:29] Controller handshake initiated to /api/folders.
[2026-01-16 15:07:06] Controller handshake initiated to /api/log.
[2026-01-16 15:07:06] Controller clicked download (23-000-400/23-289/23-289-260116).
[2026-01-16 15:07:07] Controller handshake initiated to /api/download-job/23-000-400/23-289/23-289-260116.
[2026-01-16 15:07:07] Controller handshake initiated to /api/download-file/23-000-400/23-289/23-289-260116/23-289-231030.csv.
[2026-01-16 15:07:07] Controller handshake initiated to /api/download-file/23-000-400/23-289/23-289-260116/23-289-231030A.csv.
[2026-01-16 15:07:07] Controller handshake initiated to /api/download-file/23-000-400/23-289/23-289-260116/23-289-260116.jxl.
[2026-01-16 15:07:07] Controller handshake initiated to /api/download-file/23-000-400/23-289/23-289-260116/23-289-Layout-260116.csv.
[2026-01-16 15:07:07] Controller handshake initiated to /api/download-file/23-000-400/23-289/23-289-260116/23-289-Layout-260116.dxf.
[2026-01-16 15:07:09] Controller handshake initiated to /api/download-file/23-000-400/23-289/23-289-260116/Control%20-%20Avalon%20-%20260116.csv.
[2026-01-16 15:07:09] Controller handshake initiated to /api/download-file/23-000-400/23-289/23-289-260116/job_info.json.
[2026-01-16 15:10:45] Controller handshake initiated to /api/log.
[2026-01-16 15:10:45] Controller opened data sync.
[2026-01-16 15:10:45] Controller handshake initiated to /api/folders.
[2026-01-16 15:10:45] Controller handshake initiated to /api/templates.
[2026-01-16 15:11:22] Controller handshake initiated to /api/log.
[2026-01-16 15:11:22] Controller opened data sync.
[2026-01-16 15:11:22] Controller handshake initiated to /api/templates.
[2026-01-16 15:11:22] Controller handshake initiated to /api/folders.
[2026-01-16 15:12:05] Controller handshake initiated to /api/log.
[2026-01-16 15:12:05] Controller opened data sync.
[2026-01-16 15:12:05] Controller handshake initiated to /api/folders.
[2026-01-16 15:12:05] Controller handshake initiated to /api/templates.
[2026-01-16 15:12:59] Controller handshake initiated to /api/log.
[2026-01-16 15:12:59] Controller opened data sync.
[2026-01-16 15:12:59] Controller handshake initiated to /api/templates.
[2026-01-16 15:12:59] Controller handshake initiated to /api/folders.
[2026-01-16 15:14:00] Controller handshake initiated to /api/log.
[2026-01-16 15:14:00] Controller clicked download (23-000-400/23-289/23-289-260116).
[2026-01-16 15:14:01] Controller handshake initiated to /api/download-job/23-000-400/23-289/23-289-260116.
[2026-01-16 15:14:01] Controller handshake initiated to /api/download-file/23-000-400/23-289/23-289-260116/23-289-231030.csv.
[2026-01-16 15:14:01] Controller handshake initiated to /api/download-file/23-000-400/23-289/23-289-260116/23-289-231030A.csv.
[2026-01-16 15:14:01] Controller handshake initiated to /api/download-file/23-000-400/23-289/23-289-260116/23-289-260116.jxl.
[2026-01-16 15:14:01] Controller handshake initiated to /api/download-file/23-000-400/23-289/23-289-260116/23-289-Layout-260116.csv.
[2026-01-16 15:14:02] Controller handshake initiated to /api/download-file/23-000-400/23-289/23-289-260116/23-289-Layout-260116.dxf.
[2026-01-16 15:14:02] Controller handshake initiated to /api/download-file/23-000-400/23-289/23-289-260116/Control%20-%20Avalon%20-%20260116.csv.
[2026-01-16 15:14:02] Controller handshake initiated to /api/download-file/23-000-400/23-289/23-289-260116/job_info.json.
[2026-01-16 15:19:20] Controller handshake initiated to /api/log.
[2026-01-16 15:19:20] Controller opened data sync.
[2026-01-16 15:19:20] Controller handshake initiated to /api/templates.
[2026-01-16 15:19:20] Controller handshake initiated to /api/folders.
[2026-01-16 15:28:38] Controller handshake initiated to /api/log.
[2026-01-16 15:28:38] Controller opened data sync.
[2026-01-16 15:28:38] Controller handshake initiated to /api/folders.
[2026-01-16 15:28:38] Controller handshake initiated to /api/templates.
[2026-01-16 15:29:39] Controller handshake initiated to /api/log.
[2026-01-16 15:29:39] Controller clicked download (23-000-400/23-289/23-289-260116/23-289-231030.csv).
[2026-01-16 15:29:40] Controller handshake initiated to /api/download-file/23-000-400/23-289/23-289-260116/23-289-231030.csv.
[2026-01-16 15:30:10] Controller handshake initiated to /api/log.
[2026-01-16 15:30:10] Controller opened data sync.
[2026-01-16 15:30:10] Controller handshake initiated to /api/folders.
[2026-01-16 15:30:10] Controller handshake initiated to /api/templates.
[2026-01-16 15:31:04] Controller handshake initiated to /api/log.
[2026-01-16 15:31:04] Controller clicked download (23-000-400/23-289/23-289-260116/23-289-231030A.csv).
[2026-01-16 15:31:04] Controller handshake initiated to /api/download-file/23-000-400/23-289/23-289-260116/23-289-231030A.csv.
[2026-01-16 16:44:09] Controller handshake initiated to /api/log.
[2026-01-16 16:44:09] Controller opened data sync.
[2026-01-16 16:44:09] Controller handshake initiated to /api/templates.
[2026-01-16 16:44:09] Controller handshake initiated to /api/folders.
[2026-01-16 16:45:13] Controller handshake initiated to /api/log.
[2026-01-16 16:45:13] Controller clicked download (23-000-400/23-289/23-289-260116).
[2026-01-16 16:45:14] Controller handshake initiated to /api/download-job/23-000-400/23-289/23-289-260116.
[2026-01-16 16:45:14] Controller handshake initiated to /api/download-file/23-000-400/23-289/23-289-260116/23-289-231030.csv.
[2026-01-16 16:45:14] Controller handshake initiated to /api/download-file/23-000-400/23-289/23-289-260116/23-289-231030A.csv.
[2026-01-16 16:45:15] Controller handshake initiated to /api/download-file/23-000-400/23-289/23-289-260116/23-289-260116.job.
[2026-01-16 16:45:15] Controller handshake initiated to /api/download-file/23-000-400/23-289/23-289-260116/23-289-260116.jxl.
[2026-01-16 16:45:15] Controller handshake initiated to /api/download-file/23-000-400/23-289/23-289-260116/23-289-Layout-260116.csv.
[2026-01-16 16:45:16] Controller handshake initiated to /api/download-file/23-000-400/23-289/23-289-260116/23-289-Layout-260116.dxf.
[2026-01-16 16:45:16] Controller handshake initiated to /api/download-file/23-000-400/23-289/23-289-260116/Control%20-%20Avalon%20-%20260116.csv.
[2026-01-16 16:45:17] Controller handshake initiated to /api/download-file/23-000-400/23-289/23-289-260116/job_info.json.
[2026-01-16 18:41:46] Controller handshake initiated to /api/log.
[2026-01-16 18:41:46] Controller opened data sync.
[2026-01-16 18:41:46] Controller handshake initiated to /api/folders.
[2026-01-16 18:41:46] Controller handshake initiated to /api/templates.
[2026-01-16 18:42:59] Controller handshake initiated to /api/log.
[2026-01-16 18:42:59] Controller clicked upload (23-000-400/23-289/23-289-260116/23-289-260116.job).
[2026-01-16 18:43:00] Controller handshake initiated to /api/upload-field-data-android.
[2026-01-16 18:43:00] Upload started: 23-000-400/23-289/23-289-260116 - 5 file(s) [ID: a8cfa2f0-3121-41f9-9c82-9166f06352b2]
[2026-01-16 18:43:00]   File uploaded: 23-289-260116.job (0.06 MB) [ID: a8cfa2f0-3121-41f9-9c82-9166f06352b2]
[2026-01-16 18:43:00]   File uploaded: 23-289-260116.csv (0.00 MB) [ID: a8cfa2f0-3121-41f9-9c82-9166f06352b2]
[2026-01-16 18:43:00]   File uploaded: 23-289-260116.dxf (0.04 MB) [ID: a8cfa2f0-3121-41f9-9c82-9166f06352b2]
[2026-01-16 18:43:00]   File uploaded: 23-289-Layout-260116.dxf (0.33 MB) [ID: a8cfa2f0-3121-41f9-9c82-9166f06352b2]
[2026-01-16 18:43:00]   File uploaded: 23-289-Layout-260116.csv (0.00 MB) [ID: a8cfa2f0-3121-41f9-9c82-9166f06352b2]
[2026-01-16 18:43:00] Upload completed: 23-000-400/23-289/23-289-260116 - 5 file(s), 0.44 MB in 0.0s (111964.1 KB/s) [ID: a8cfa2f0-3121-41f9-9c82-9166f06352b2]
[2026-01-16 18:43:01] Controller handshake initiated to /api/folders.
[2026-01-19 10:02:18] Controller handshake initiated to /api/route.
[2026-01-19 13:25:10] Folder created: 26-000-050/26-005
[2026-01-19 13:25:30] Job created: 26-000-050/26-005/26-005-260119
[2026-01-19 13:25:31] Upload started: 26-000-050/26-005/26-005-260119 - 2 file(s) [ID: 76efb746-3ee2-4d96-acc5-ec4b3e3a1991]
[2026-01-19 13:25:31]   File uploaded: 26-005-Layout-260119.csv (0.00 MB) [ID: 76efb746-3ee2-4d96-acc5-ec4b3e3a1991]
[2026-01-19 13:25:31]   File uploaded: 26-005-Layout-260119.dxf (0.31 MB) [ID: 76efb746-3ee2-4d96-acc5-ec4b3e3a1991]
[2026-01-19 13:25:31] Upload completed: 26-000-050/26-005/26-005-260119 - 2 file(s), 0.31 MB in 0.0s (160966.8 KB/s) [ID: 76efb746-3ee2-4d96-acc5-ec4b3e3a1991]
[2026-01-19 13:54:49] Controller handshake initiated to /api/log.
[2026-01-19 13:54:49] Controller opened data sync.
[2026-01-19 13:54:49] Controller handshake initiated to /api/folders.
[2026-01-19 13:54:49] Controller handshake initiated to /api/templates.
[2026-01-19 13:56:05] Controller handshake initiated to /api/log.
[2026-01-19 13:56:05] Controller clicked download (26-000-050/26-005/26-005-260119).
[2026-01-19 13:56:05] Controller handshake initiated to /api/download-job/26-000-050/26-005/26-005-260119.
[2026-01-19 13:56:05] Controller handshake initiated to /api/download-file/26-000-050/26-005/26-005-260119/26-005-260119.job.
[2026-01-19 13:56:05] Controller handshake initiated to /api/download-file/26-000-050/26-005/26-005-260119/26-005-260119.jxl.
[2026-01-19 13:56:06] Controller handshake initiated to /api/download-file/26-000-050/26-005/26-005-260119/26-005-Layout-260119.csv.
[2026-01-19 13:56:06] Controller handshake initiated to /api/download-file/26-000-050/26-005/26-005-260119/26-005-Layout-260119.dxf.
[2026-01-19 13:56:07] Controller handshake initiated to /api/download-file/26-000-050/26-005/26-005-260119/Control%20-%20Avalon%20-%20260119.csv.
[2026-01-19 13:56:07] Controller handshake initiated to /api/download-file/26-000-050/26-005/26-005-260119/job_info.json.
[2026-01-19 14:10:01] Controller handshake initiated to /api/log.
[2026-01-19 14:10:01] Controller opened data sync.
[2026-01-19 14:10:01] Controller handshake initiated to /api/folders.
[2026-01-19 14:10:01] Controller handshake initiated to /api/templates.
[2026-01-19 14:11:24] Controller handshake initiated to /api/log.
[2026-01-19 14:11:24] Controller clicked download (26-000-050/26-005/26-005-260119/24-028-CTRL.csv).
[2026-01-19 14:11:24] Controller handshake initiated to /api/download-file/26-000-050/26-005/26-005-260119/24-028-CTRL.csv.
[2026-01-19 15:26:00] Controller handshake initiated to /api/log.
[2026-01-19 15:26:00] Controller opened data sync.
[2026-01-19 15:26:00] Controller handshake initiated to /api/templates.
[2026-01-19 15:26:00] Controller handshake initiated to /api/folders.
[2026-01-19 15:49:59] Controller handshake initiated to /api/log.
[2026-01-19 15:49:59] Controller opened data sync.
[2026-01-19 15:49:59] Controller handshake initiated to /api/folders.
[2026-01-19 15:49:59] Controller handshake initiated to /api/templates.
[2026-01-19 15:58:23] Controller handshake initiated to /api/log.
[2026-01-19 15:58:23] Controller opened data sync.
[2026-01-19 15:58:23] Controller handshake initiated to /api/folders.
[2026-01-19 15:58:23] Controller handshake initiated to /api/templates.
[2026-01-19 16:00:58] Folder created: 26-000-050/26-006
[2026-01-19 16:01:36] Controller handshake initiated to /api/log.
[2026-01-19 16:01:36] Controller opened data sync.
[2026-01-19 16:01:36] Controller handshake initiated to /api/folders.
[2026-01-19 16:01:36] Controller handshake initiated to /api/templates.
[2026-01-19 16:01:37] Job created: 26-000-050/26-006/26-006-260119
[2026-01-19 16:01:37] Upload started: 26-000-050/26-006/26-006-260119 - 3 file(s) [ID: 1dcd48df-f7f5-4d43-8d54-cc1ad639e3f1]
[2026-01-19 16:01:37]   File uploaded: 26-006-Excavation Layout-260119.csv (0.00 MB) [ID: 1dcd48df-f7f5-4d43-8d54-cc1ad639e3f1]
[2026-01-19 16:01:37]   File uploaded: 26-006-Excavation Layout-260119.dxf (0.31 MB) [ID: 1dcd48df-f7f5-4d43-8d54-cc1ad639e3f1]
[2026-01-19 16:01:37]   File uploaded: 24-028-CTRL.csv (0.00 MB) [ID: 1dcd48df-f7f5-4d43-8d54-cc1ad639e3f1]
[2026-01-19 16:01:37] Upload completed: 26-000-050/26-006/26-006-260119 - 3 file(s), 0.31 MB in 0.0s (160057.1 KB/s) [ID: 1dcd48df-f7f5-4d43-8d54-cc1ad639e3f1]
[2026-01-19 16:02:12] Controller handshake initiated to /api/log.
[2026-01-19 16:02:12] Controller clicked download (26-000-050/26-006).
[2026-01-19 16:02:13] Controller handshake initiated to /api/download-job/26-000-050/26-006.
[2026-01-19 16:02:13] Controller handshake initiated to /api/download-file/26-000-050/26-006/26-006-260119/24-028-CTRL.csv.
[2026-01-19 16:02:13] Controller handshake initiated to /api/download-file/26-000-050/26-006/26-006-260119/26-006-260119.job.
[2026-01-19 16:02:14] Controller handshake initiated to /api/download-file/26-000-050/26-006/26-006-260119/26-006-260119.jxl.
[2026-01-19 16:02:14] Controller handshake initiated to /api/download-file/26-000-050/26-006/26-006-260119/26-006-Excavation%20Layout-260119.csv.
[2026-01-19 16:02:14] Controller handshake initiated to /api/download-file/26-000-050/26-006/26-006-260119/26-006-Excavation%20Layout-260119.dxf.
[2026-01-19 16:02:16] Controller handshake initiated to /api/download-file/26-000-050/26-006/26-006-260119/Control%20-%20Avalon%20-%20260119.csv.
[2026-01-19 16:02:16] Controller handshake initiated to /api/download-file/26-000-050/26-006/26-006-260119/job_info.json.
[2026-01-19 17:18:52] Controller handshake initiated to /api/log.
[2026-01-19 17:18:52] Controller opened data sync.
[2026-01-19 17:18:52] Controller handshake initiated to /api/templates.
[2026-01-19 17:18:52] Controller handshake initiated to /api/folders.
[2026-01-19 17:19:46] Controller handshake initiated to /api/log.
[2026-01-19 17:19:46] Controller clicked upload (26-000-050/26-006/26-006-260119/26-006-260119.job).
[2026-01-19 17:19:47] Controller handshake initiated to /api/upload-field-data-android.
[2026-01-19 17:19:48] Upload started: 26-000-050/26-006/26-006-260119 - 5 file(s) [ID: f8ee6d86-601b-4666-8575-d5f7c2ea7c3b]
[2026-01-19 17:19:48]   File uploaded: 26-006-260119.job (0.06 MB) [ID: f8ee6d86-601b-4666-8575-d5f7c2ea7c3b]
[2026-01-19 17:19:48]   File uploaded: 26-006-260119.csv (0.00 MB) [ID: f8ee6d86-601b-4666-8575-d5f7c2ea7c3b]
[2026-01-19 17:19:48]   File uploaded: 26-006-260119.dxf (0.03 MB) [ID: f8ee6d86-601b-4666-8575-d5f7c2ea7c3b]
[2026-01-19 17:19:48]   File uploaded: 26-006-Excavation Layout-260119.dxf (0.31 MB) [ID: f8ee6d86-601b-4666-8575-d5f7c2ea7c3b]
[2026-01-19 17:19:48]   File uploaded: 26-006-Excavation Layout-260119.csv (0.00 MB) [ID: f8ee6d86-601b-4666-8575-d5f7c2ea7c3b]
[2026-01-19 17:19:48] Upload completed: 26-000-050/26-006/26-006-260119 - 5 file(s), 0.41 MB in 0.0s (103772.9 KB/s) [ID: f8ee6d86-601b-4666-8575-d5f7c2ea7c3b]
[2026-01-19 17:19:48] Controller handshake initiated to /api/folders.
[2026-01-19 17:20:08] Controller handshake initiated to /api/log.
[2026-01-19 17:20:08] Controller clicked upload (26-000-050/26-005/26-005-260119/26-005-260119.job).
[2026-01-19 17:20:08] Controller handshake initiated to /api/upload-field-data-android.
[2026-01-19 17:20:33] Upload started: 26-000-050/26-005/26-005-260119 - 6 file(s) [ID: 1f82b130-11b1-4c68-8a53-0a9593fe4a85]
[2026-01-19 17:20:33]   File uploaded: 26-005-260119.job (0.06 MB) [ID: 1f82b130-11b1-4c68-8a53-0a9593fe4a85]
[2026-01-19 17:20:33]   File uploaded: 26-005-260119.csv (0.00 MB) [ID: 1f82b130-11b1-4c68-8a53-0a9593fe4a85]
[2026-01-19 17:20:33]   File uploaded: 26-005-260119.dxf (0.03 MB) [ID: 1f82b130-11b1-4c68-8a53-0a9593fe4a85]
[2026-01-19 17:20:33]   File uploaded: 26-005-Layout-260119.csv (0.00 MB) [ID: 1f82b130-11b1-4c68-8a53-0a9593fe4a85]
[2026-01-19 17:20:33]   File uploaded: 26-005-Layout-260119.dxf (0.31 MB) [ID: 1f82b130-11b1-4c68-8a53-0a9593fe4a85]
[2026-01-19 17:20:33]   File uploaded: IMG.jpg (6.19 MB) [ID: 1f82b130-11b1-4c68-8a53-0a9593fe4a85]
[2026-01-19 17:20:33] Upload completed: 26-000-050/26-005/26-005-260119 - 6 file(s), 6.60 MB in 0.0s (844266.5 KB/s) [ID: 1f82b130-11b1-4c68-8a53-0a9593fe4a85]
[2026-01-19 17:20:33] Controller handshake initiated to /api/folders.
[2026-01-19 17:36:40] Job created: 23-000-400/23-289/23-289-260119
[2026-01-19 17:36:41] Upload started: 23-000-400/23-289/23-289-260119 - 2 file(s) [ID: cbc15993-d5cc-407c-8098-d77d9e7c14c5]
[2026-01-19 17:36:41]   File uploaded: 23-289-Pinning-260119.csv (0.00 MB) [ID: cbc15993-d5cc-407c-8098-d77d9e7c14c5]
[2026-01-19 17:36:41]   File uploaded: 23-289-Pinning-260119.dxf (0.36 MB) [ID: cbc15993-d5cc-407c-8098-d77d9e7c14c5]
[2026-01-19 17:36:41] Upload completed: 23-000-400/23-289/23-289-260119 - 2 file(s), 0.36 MB in 0.0s (364804.7 KB/s) [ID: cbc15993-d5cc-407c-8098-d77d9e7c14c5]
[2026-01-19 17:57:23] Controller handshake initiated to /api/log.
[2026-01-19 17:57:23] Controller opened data sync.
[2026-01-19 17:57:23] Controller handshake initiated to /api/folders.
[2026-01-19 17:57:23] Controller handshake initiated to /api/templates.
[2026-01-19 17:58:26] Controller handshake initiated to /api/log.
[2026-01-19 17:58:26] Controller clicked download (23-000-400/23-289/23-289-260119).
[2026-01-19 17:58:26] Controller handshake initiated to /api/download-job/23-000-400/23-289/23-289-260119.
[2026-01-19 17:58:27] Controller handshake initiated to /api/download-file/23-000-400/23-289/23-289-260119/23-289-260119.job.
[2026-01-19 17:58:27] Controller handshake initiated to /api/download-file/23-000-400/23-289/23-289-260119/23-289-260119.jxl.
[2026-01-19 17:58:27] Controller handshake initiated to /api/download-file/23-000-400/23-289/23-289-260119/23-289-Pinning-260119.csv.
[2026-01-19 17:58:28] Controller handshake initiated to /api/download-file/23-000-400/23-289/23-289-260119/23-289-Pinning-260119.dxf.
[2026-01-19 17:58:28] Controller handshake initiated to /api/download-file/23-000-400/23-289/23-289-260119/Control%20-%20Avalon%20-%20260119.csv.
[2026-01-19 17:58:28] Controller handshake initiated to /api/download-file/23-000-400/23-289/23-289-260119/job_info.json.
[2026-01-19 20:18:30] Controller handshake initiated to /api/log.
[2026-01-19 20:18:30] Controller opened data sync.
[2026-01-19 20:18:30] Controller handshake initiated to /api/folders.
[2026-01-19 20:18:30] Controller handshake initiated to /api/templates.
[2026-01-19 20:19:34] Controller handshake initiated to /api/log.
[2026-01-19 20:19:34] Controller clicked upload (23-000-400/23-289/23-289-260119/23-289-260119.job).
[2026-01-19 20:19:35] Controller handshake initiated to /api/upload-field-data-android.
[2026-01-19 20:19:38] Upload started: 23-000-400/23-289/23-289-260119 - 4 file(s) [ID: 12da63cb-ed78-4e59-a2e4-75202fdb6729]
[2026-01-19 20:19:38]   File uploaded: 23-289-260119.job (0.03 MB) [ID: 12da63cb-ed78-4e59-a2e4-75202fdb6729]
[2026-01-19 20:19:38]   File uploaded: 23-289-260119.dxf (0.02 MB) [ID: 12da63cb-ed78-4e59-a2e4-75202fdb6729]
[2026-01-19 20:19:38]   File uploaded: 23-289-260119.csv (0.00 MB) [ID: 12da63cb-ed78-4e59-a2e4-75202fdb6729]
[2026-01-19 20:19:38]   File uploaded: IMG.jpg (5.77 MB) [ID: 12da63cb-ed78-4e59-a2e4-75202fdb6729]
[2026-01-19 20:19:38] Upload completed: 23-000-400/23-289/23-289-260119 - 4 file(s), 5.82 MB in 0.0s (745151.7 KB/s) [ID: 12da63cb-ed78-4e59-a2e4-75202fdb6729]
[2026-01-19 20:19:39] Controller handshake initiated to /api/folders.
[2026-01-20 12:20:58] Controller handshake initiated to /api/log.
[2026-01-20 12:20:58] Controller opened data sync.
[2026-01-20 12:20:58] Controller handshake initiated to /api/templates.
[2026-01-20 12:20:58] Controller handshake initiated to /api/folders.
[2026-01-20 12:22:35] Controller handshake initiated to /api/log.
[2026-01-20 12:22:35] Controller clicked upload (25-100-150/25-140-250722.job).
[2026-01-20 12:22:35] Controller handshake initiated to /api/download-file/25-100-150/25-140-250722.job/job_info.json.
[2026-01-20 12:22:38] Controller handshake initiated to /api/log.
[2026-01-20 12:22:38] Controller clicked upload (25-100-150/25-140-250722.job).
[2026-01-20 12:22:38] Controller handshake initiated to /api/download-file/25-100-150/25-140-250722.job/job_info.json.
[2026-01-20 12:22:52] Controller handshake initiated to /api/log.
[2026-01-20 12:22:52] Controller clicked upload (26-000-050/26-004/26-004-260114/26-004-260114.job).
[2026-01-20 12:22:52] Controller handshake initiated to /api/download-file/26-000-050/26-004/26-004-260114/26-004-260114.job/job_info.json.
[2026-01-20 12:22:57] Controller handshake initiated to /api/log.
[2026-01-20 12:22:57] Controller clicked upload (26-000-050/26-003/26-003-260111/26-003-260111.job).
[2026-01-20 12:22:57] Controller handshake initiated to /api/download-file/26-000-050/26-003/26-003-260111/26-003-260111.job/job_info.json.
[2026-01-20 12:22:57] Controller handshake initiated to /api/log.
[2026-01-20 12:22:57] Controller clicked upload (26-000-050/26-003/26-003-260111/26-003-260111.job).
[2026-01-20 12:22:57] Controller handshake initiated to /api/download-file/26-000-050/26-003/26-003-260111/26-003-260111.job/job_info.json.
[2026-01-20 12:27:19] Folder created: 26-000-050/test
[2026-01-20 12:28:58] Controller handshake initiated to /api/log.
[2026-01-20 12:28:58] Controller opened data sync.
[2026-01-20 12:28:58] Controller handshake initiated to /api/folders.
[2026-01-20 12:28:58] Controller handshake initiated to /api/templates.
[2026-01-20 12:30:58] Folder created: 26-000-050/25-100
[2026-01-20 12:34:26] Controller handshake initiated to /api/download-file/26-000-050/26-001/26-001-260106/26-001-260106.job/job_info.json.
[2026-01-20 12:34:26] Controller handshake initiated to /api/log.
[2026-01-20 12:34:26] Controller clicked upload (26-000-050/26-001/26-001-260106/26-001-260106.job).
[2026-01-20 12:35:08] Controller handshake initiated to /api/log.
[2026-01-20 12:35:08] Controller opened data sync.
[2026-01-20 12:35:08] Controller handshake initiated to /api/folders.
[2026-01-20 12:35:08] Controller handshake initiated to /api/templates.
[2026-01-20 12:36:14] Controller handshake initiated to /api/log.
[2026-01-20 12:36:14] Controller clicked upload (26-000-050/26-001/26-001-260106/26-001-260106.job).
[2026-01-20 12:36:14] Controller handshake initiated to /api/download-file/26-000-050/26-001/26-001-260106/job_info.json.
[2026-01-20 12:36:18] Controller handshake initiated to /api/log.
[2026-01-20 12:36:18] Controller clicked upload (26-000-050/26-001/26-001-260106/26-001-260106.job).
[2026-01-20 12:36:18] Controller handshake initiated to /api/download-file/26-000-050/26-001/26-001-260106/job_info.json.
[2026-01-20 12:36:21] Controller handshake initiated to /api/log.
[2026-01-20 12:36:21] Controller clicked upload (26-000-050/26-001/26-001-260106/26-001-260106.job).
[2026-01-20 12:36:21] Controller handshake initiated to /api/download-file/26-000-050/26-001/26-001-260106/job_info.json.
[2026-01-20 12:36:22] Controller handshake initiated to /api/log.
[2026-01-20 12:36:22] Controller clicked upload (26-000-050/26-001/26-001-260106/26-001-260106.job).
[2026-01-20 12:36:22] Controller handshake initiated to /api/download-file/26-000-050/26-001/26-001-260106/job_info.json.
[2026-01-20 12:37:27] Controller handshake initiated to /api/log.
[2026-01-20 12:37:27] Controller clicked upload (26-000-050/26-001/26-001-260106/26-001-260106.job).
[2026-01-20 12:37:27] Controller handshake initiated to /api/download-file/26-000-050/26-001/26-001-260106/job_info.json.
[2026-01-20 12:37:36] Controller handshake initiated to /api/log.
[2026-01-20 12:37:36] Controller opened data sync.
[2026-01-20 12:37:36] Controller handshake initiated to /api/folders.
[2026-01-20 12:37:36] Controller handshake initiated to /api/templates.
[2026-01-20 12:38:44] Controller handshake initiated to /api/log.
[2026-01-20 12:38:44] Controller clicked upload (26-000-050/26-001/26-001-260106/26-001-260106.job).
[2026-01-20 12:38:44] Controller handshake initiated to /api/download-file/26-000-050/26-001/26-001-260106/job_info.json.
[2026-01-20 12:40:24] Controller handshake initiated to /api/log.
[2026-01-20 12:40:24] Controller clicked upload (26-000-050/26-001/26-001-260106/26-001-260106.job).
[2026-01-20 12:40:24] Controller handshake initiated to /api/download-file/26-000-050/26-001/26-001-260106/job_info.json.
[2026-01-20 12:40:32] Controller handshake initiated to /api/log.
[2026-01-20 12:40:32] Controller opened data sync.
[2026-01-20 12:40:32] Controller handshake initiated to /api/folders.
[2026-01-20 12:40:32] Controller handshake initiated to /api/templates.
[2026-01-20 12:41:26] Controller handshake initiated to /api/log.
[2026-01-20 12:41:26] Controller clicked upload (26-000-050/26-001/26-001-260106/26-001-260106.job).
[2026-01-20 12:41:26] Controller handshake initiated to /api/download-file/26-000-050/26-001/26-001-260106/job_info.json.
[2026-01-20 12:41:31] Controller handshake initiated to /api/log.
[2026-01-20 12:41:31] Controller clicked upload (26-000-050/26-001/26-001-260106/26-001-260106.job).
[2026-01-20 12:41:31] Controller handshake initiated to /api/download-file/26-000-050/26-001/26-001-260106/job_info.json.
[2026-01-20 12:43:06] Controller handshake initiated to /api/download-file/26-000-050/26-001/26-001-260106/job_info.json.
[2026-01-20 12:43:06] Controller handshake initiated to /api/log.
[2026-01-20 12:43:06] Controller clicked upload (26-000-050/26-001/26-001-260106/26-001-260106.job).
[2026-01-20 12:43:14] Controller handshake initiated to /api/log.
[2026-01-20 12:43:14] Controller opened data sync.
[2026-01-20 12:43:14] Controller handshake initiated to /api/templates.
[2026-01-20 12:43:14] Controller handshake initiated to /api/folders.
[2026-01-20 12:44:28] Controller handshake initiated to /api/log.
[2026-01-20 12:44:28] Controller clicked upload (26-000-050/26-001/26-001-260106/26-001-260106.job).
[2026-01-20 12:44:28] Controller handshake initiated to /api/download-file/26-000-050/26-001/26-001-260106/job_info.json.
[2026-01-20 12:44:57] Controller handshake initiated to /api/log.
[2026-01-20 12:44:57] Controller opened data sync.
[2026-01-20 12:44:57] Controller handshake initiated to /api/folders.
[2026-01-20 12:44:57] Controller handshake initiated to /api/templates.
[2026-01-20 12:46:05] Controller handshake initiated to /api/log.
[2026-01-20 12:46:05] Controller clicked upload (26-000-050/26-001/26-001-260106/26-001-260106.job).
[2026-01-20 12:46:05] Controller handshake initiated to /api/download-file/26-000-050/26-001/26-001-260106/job_info.json.
[2026-01-20 12:46:54] Controller handshake initiated to /api/log.
[2026-01-20 12:46:54] Controller opened data sync.
[2026-01-20 12:46:54] Controller handshake initiated to /api/templates.
[2026-01-20 12:46:54] Controller handshake initiated to /api/folders.
[2026-01-20 12:47:35] Controller handshake initiated to /api/log.
[2026-01-20 12:47:35] Controller clicked download (25-150-200/25-200/25-200-251008).
[2026-01-20 12:47:36] Controller handshake initiated to /api/download-job/25-150-200/25-200/25-200-251008.
[2026-01-20 12:47:36] Controller handshake initiated to /api/download-file/25-150-200/25-200/25-200-251008/25-200-251008.job.
[2026-01-20 12:47:36] Controller handshake initiated to /api/download-file/25-150-200/25-200/25-200-251008/25-200-251008.jxl.
[2026-01-20 12:47:36] Controller handshake initiated to /api/download-file/25-150-200/25-200/25-200-251008/25-200-Layout-251008-R1.csv.
[2026-01-20 12:47:36] Controller handshake initiated to /api/download-file/25-150-200/25-200/25-200-251008/25-200-Layout-251008-R1.dxf.
[2026-01-20 12:47:38] Controller handshake initiated to /api/download-file/25-150-200/25-200/25-200-251008/25-200-Layout-251008.csv.
[2026-01-20 12:47:38] Controller handshake initiated to /api/download-file/25-150-200/25-200/25-200-251008/25-200-Layout-251008.dxf.
[2026-01-20 12:47:38] Controller handshake initiated to /api/download-file/25-150-200/25-200/25-200-251008/Control%20-%20Avalon%20-%20251008.csv.
[2026-01-20 12:47:38] Controller handshake initiated to /api/download-file/25-150-200/25-200/25-200-251008/job_info.json.
[2026-01-20 12:48:18] Controller handshake initiated to /api/log.
[2026-01-20 12:48:18] Controller opened data sync.
[2026-01-20 12:48:18] Controller handshake initiated to /api/folders.
[2026-01-20 12:48:18] Controller handshake initiated to /api/templates.
[2026-01-20 12:49:02] Controller handshake initiated to /api/log.
[2026-01-20 12:49:02] Controller clicked upload (26-000-050/26-001/26-001-260106/26-001-260106.job).
[2026-01-20 12:49:02] Controller handshake initiated to /api/download-file/26-000-050/26-001/26-001-260106/job_info.json.
[2026-01-20 12:56:36] Controller handshake initiated to /api/log.
[2026-01-20 12:56:36] Controller opened data sync.
[2026-01-20 12:56:36] Controller handshake initiated to /api/templates.
[2026-01-20 12:56:36] Controller handshake initiated to /api/folders.
[2026-01-20 12:57:22] Controller handshake initiated to /api/log.
[2026-01-20 12:57:22] Controller clicked upload (26-000-050/26-001/26-001-260106/26-001-260106.job).
[2026-01-20 12:57:22] Controller handshake initiated to /api/download-file/26-000-050/26-001/26-001-260106/job_info.json.
[2026-01-20 12:58:02] Controller handshake initiated to /api/log.
[2026-01-20 12:58:02] Controller clicked upload (26-000-050/26-001/26-001-260106/26-001-260106.job).
[2026-01-20 12:58:02] Controller handshake initiated to /api/download-file/26-000-050/26-001/26-001-260106/job_info.json.
[2026-01-20 12:58:46] Controller handshake initiated to /api/store-pending-field-status.
[2026-01-20 13:00:40] Controller handshake initiated to /api/log.
[2026-01-20 13:00:40] Controller opened data sync.
[2026-01-20 13:00:40] Controller handshake initiated to /api/folders.
[2026-01-20 13:00:40] Controller handshake initiated to /api/templates.
[2026-01-20 13:01:30] Controller handshake initiated to /api/log.
[2026-01-20 13:01:30] Controller clicked upload (26-000-050/26-001/26-001-260106/26-001-260106.job).
[2026-01-20 13:01:30] Controller handshake initiated to /api/download-file/26-000-050/26-001/26-001-260106/job_info.json.
[2026-01-20 13:01:44] Controller handshake initiated to /api/store-pending-field-status.
[2026-01-20 13:04:21] Controller handshake initiated to /api/log.
[2026-01-20 13:04:21] Controller clicked upload (26-000-050/26-001/26-001-260106/26-001-260106.job).
[2026-01-20 13:04:21] Controller handshake initiated to /api/download-file/26-000-050/26-001/26-001-260106/job_info.json.
[2026-01-20 13:05:40] Controller handshake initiated to /api/log.
[2026-01-20 13:05:40] Controller opened data sync.
[2026-01-20 13:05:40] Controller handshake initiated to /api/folders.
[2026-01-20 13:05:40] Controller handshake initiated to /api/templates.
[2026-01-20 13:08:01] Controller handshake initiated to /api/log.
[2026-01-20 13:08:01] Controller clicked upload (26-000-050/26-001/26-001-260106/26-001-260106.job).
[2026-01-20 13:08:01] Controller handshake initiated to /api/download-file/26-000-050/26-001/26-001-260106/job_info.json.
[2026-01-20 13:08:15] Controller handshake initiated to /api/store-pending-field-status.
[2026-01-20 13:08:15] Controller handshake initiated to /api/upload-field-data-android.
[2026-01-20 13:08:19] Upload started: 26-000-050/26-001/26-001-260106 - 11 file(s) [ID: 5d74d0ad-9115-4164-8842-d79675892cad]
[2026-01-20 13:08:19]   File uploaded: 26-001-260106.job (0.08 MB) [ID: 5d74d0ad-9115-4164-8842-d79675892cad]
[2026-01-20 13:08:19]   File uploaded: 26-001-260106.csv (0.00 MB) [ID: 5d74d0ad-9115-4164-8842-d79675892cad]
[2026-01-20 13:08:19]   File uploaded: 26-001-260106.dxf (0.04 MB) [ID: 5d74d0ad-9115-4164-8842-d79675892cad]
[2026-01-20 13:08:19]   File uploaded: 26-001-Layout-260106.dxf (0.32 MB) [ID: 5d74d0ad-9115-4164-8842-d79675892cad]
[2026-01-20 13:08:19]   File uploaded: 26-001-Layout-260106.csv (0.00 MB) [ID: 5d74d0ad-9115-4164-8842-d79675892cad]
[2026-01-20 13:08:19]   File uploaded: IMG_3.jpg (4.52 MB) [ID: 5d74d0ad-9115-4164-8842-d79675892cad]
[2026-01-20 13:08:19]   File uploaded: IMG_2.jpg (4.65 MB) [ID: 5d74d0ad-9115-4164-8842-d79675892cad]
[2026-01-20 13:08:19]   File uploaded: IMG_5.jpg (4.74 MB) [ID: 5d74d0ad-9115-4164-8842-d79675892cad]
[2026-01-20 13:08:19]   File uploaded: IMG_4.jpg (4.45 MB) [ID: 5d74d0ad-9115-4164-8842-d79675892cad]
[2026-01-20 13:08:19]   File uploaded: IMG_1.jpg (4.21 MB) [ID: 5d74d0ad-9115-4164-8842-d79675892cad]
[2026-01-20 13:08:19]   File uploaded: IMG.jpg (4.22 MB) [ID: 5d74d0ad-9115-4164-8842-d79675892cad]
[2026-01-20 13:08:19] Upload completed: 26-000-050/26-001/26-001-260106 - 11 file(s), 27.23 MB in 0.1s (416165.4 KB/s) [ID: 5d74d0ad-9115-4164-8842-d79675892cad]
[2026-01-20 13:08:19] Controller handshake initiated to /api/folders.
[2026-01-20 13:35:16] Controller handshake initiated to /api/log.
[2026-01-20 13:35:16] Controller opened data sync.
[2026-01-20 13:35:16] Controller handshake initiated to /api/templates.
[2026-01-20 13:35:16] Controller handshake initiated to /api/folders.
[2026-01-20 13:36:26] Folder created: 26-000-050/26-008
[2026-01-20 13:37:28] Job created: 26-000-050/26-008/26-008-260120
[2026-01-20 13:37:28] Upload started: 26-000-050/26-008/26-008-260120 - 2 file(s) [ID: e097d53f-8656-42c6-a646-65fa9649a5b0]
[2026-01-20 13:37:28]   File uploaded: 26-008-Layout-260120.csv (0.00 MB) [ID: e097d53f-8656-42c6-a646-65fa9649a5b0]
[2026-01-20 13:37:28]   File uploaded: 26-008-Layout-260120.dxf (0.31 MB) [ID: e097d53f-8656-42c6-a646-65fa9649a5b0]
[2026-01-20 13:37:28] Upload completed: 26-000-050/26-008/26-008-260120 - 2 file(s), 0.31 MB in 0.0s (158834.0 KB/s) [ID: e097d53f-8656-42c6-a646-65fa9649a5b0]
[2026-01-20 13:41:20] Controller handshake initiated to /api/log.
[2026-01-20 13:41:20] Controller opened data sync.
[2026-01-20 13:41:20] Controller handshake initiated to /api/folders.
[2026-01-20 13:41:20] Controller handshake initiated to /api/templates.
[2026-01-20 13:47:04] Controller handshake initiated to /api/log.
[2026-01-20 13:47:04] Controller clicked download (26-000-050/26-008/26-008-260120).
[2026-01-20 13:47:04] Controller handshake initiated to /api/download-job/26-000-050/26-008/26-008-260120.
[2026-01-20 13:47:04] Controller handshake initiated to /api/download-file/26-000-050/26-008/26-008-260120/26-008-260120.job.
[2026-01-20 13:47:04] Controller handshake initiated to /api/download-file/26-000-050/26-008/26-008-260120/26-008-260120.jxl.
[2026-01-20 13:47:05] Controller handshake initiated to /api/download-file/26-000-050/26-008/26-008-260120/26-008-Layout-260120.csv.
[2026-01-20 13:47:05] Controller handshake initiated to /api/download-file/26-000-050/26-008/26-008-260120/26-008-Layout-260120.dxf.
[2026-01-20 13:47:06] Controller handshake initiated to /api/download-file/26-000-050/26-008/26-008-260120/Control%20-%20Avalon%20-%20260120.csv.
[2026-01-20 13:47:06] Controller handshake initiated to /api/download-file/26-000-050/26-008/26-008-260120/job_info.json.
[2026-01-20 13:53:45] Controller handshake initiated to /api/log.
[2026-01-20 13:53:45] Controller opened data sync.
[2026-01-20 13:53:45] Controller handshake initiated to /api/folders.
[2026-01-20 13:53:45] Controller handshake initiated to /api/templates.
[2026-01-20 13:54:41] Controller handshake initiated to /api/log.
[2026-01-20 13:54:41] Controller clicked download (26-000-050/26-008/26-008-260120/26-008-Layout-260120-R1.csv).
[2026-01-20 13:54:41] Controller handshake initiated to /api/download-file/26-000-050/26-008/26-008-260120/26-008-Layout-260120-R1.csv.
[2026-01-20 13:54:52] Controller handshake initiated to /api/folders.
[2026-01-20 13:54:52] Controller handshake initiated to /api/log.
[2026-01-20 13:54:52] Controller opened data sync.
[2026-01-20 13:54:52] Controller handshake initiated to /api/templates.
[2026-01-20 13:55:47] Controller handshake initiated to /api/log.
[2026-01-20 13:55:47] Controller clicked download (26-000-050/26-008/26-008-260120/26-008-Layout-260120-R1.dxf).
[2026-01-20 13:55:47] Controller handshake initiated to /api/download-file/26-000-050/26-008/26-008-260120/26-008-Layout-260120-R1.dxf.
[2026-01-20 15:45:39] Controller handshake initiated to /api/log.
[2026-01-20 15:45:39] Controller opened data sync.
[2026-01-20 15:45:39] Controller handshake initiated to /api/templates.
[2026-01-20 15:45:39] Controller handshake initiated to /api/folders.
[2026-01-20 15:46:29] Controller handshake initiated to /api/log.
[2026-01-20 15:46:29] Controller clicked upload (26-000-050/26-008/26-008-260120/26-008-260120.job).
[2026-01-20 15:46:29] Controller handshake initiated to /api/download-file/26-000-050/26-008/26-008-260120/job_info.json.
[2026-01-20 15:47:42] Controller handshake initiated to /api/store-pending-field-status.
[2026-01-20 15:47:43] Controller handshake initiated to /api/upload-field-data-android.
[2026-01-20 15:53:13] Controller handshake initiated to /api/upload-field-data-android.
[2026-01-20 15:58:44] Controller handshake initiated to /api/upload-field-data-android.
[2026-01-20 16:02:33] Upload started: 26-000-050/26-008/26-008-260120 - 13 file(s) [ID: 0119accc-7be7-43d7-9acd-6e03fa5ece34]
[2026-01-20 16:02:33]   File uploaded: 26-008-260120.job (0.07 MB) [ID: 0119accc-7be7-43d7-9acd-6e03fa5ece34]
[2026-01-20 16:02:33]   File uploaded: 26-008-260120.csv (0.00 MB) [ID: 0119accc-7be7-43d7-9acd-6e03fa5ece34]
[2026-01-20 16:02:33]   File uploaded: 26-008-260120.dxf (0.04 MB) [ID: 0119accc-7be7-43d7-9acd-6e03fa5ece34]
[2026-01-20 16:02:33]   File uploaded: 26-008-Layout-260120.dxf (0.31 MB) [ID: 0119accc-7be7-43d7-9acd-6e03fa5ece34]
[2026-01-20 16:02:33]   File uploaded: 26-008-Layout-260120.csv (0.00 MB) [ID: 0119accc-7be7-43d7-9acd-6e03fa5ece34]
[2026-01-20 16:02:33]   File uploaded: 26-008-Layout-260120-R1.dxf (0.31 MB) [ID: 0119accc-7be7-43d7-9acd-6e03fa5ece34]
[2026-01-20 16:02:33]   File uploaded: 26-008-Layout-260120-R1.csv (0.00 MB) [ID: 0119accc-7be7-43d7-9acd-6e03fa5ece34]
[2026-01-20 16:02:33]   File uploaded: IMG_3.jpg (4.81 MB) [ID: 0119accc-7be7-43d7-9acd-6e03fa5ece34]
[2026-01-20 16:02:33]   File uploaded: IMG_4.jpg (4.92 MB) [ID: 0119accc-7be7-43d7-9acd-6e03fa5ece34]
[2026-01-20 16:02:33]   File uploaded: IMG.jpg (5.24 MB) [ID: 0119accc-7be7-43d7-9acd-6e03fa5ece34]
[2026-01-20 16:02:33]   File uploaded: IMG_2.jpg (4.79 MB) [ID: 0119accc-7be7-43d7-9acd-6e03fa5ece34]
[2026-01-20 16:02:33]   File uploaded: IMG_5.jpg (4.88 MB) [ID: 0119accc-7be7-43d7-9acd-6e03fa5ece34]
[2026-01-20 16:02:33]   File uploaded: IMG_1.jpg (4.79 MB) [ID: 0119accc-7be7-43d7-9acd-6e03fa5ece34]
[2026-01-20 16:02:33] Upload completed: 26-000-050/26-008/26-008-260120 - 13 file(s), 30.16 MB in 0.0s (1029310.8 KB/s) [ID: 0119accc-7be7-43d7-9acd-6e03fa5ece34]
[2026-01-20 17:07:37] Controller handshake initiated to /api/folders.
[2026-01-20 17:07:48] Controller handshake initiated to /api/folders.
[2026-01-20 17:07:48] Controller handshake initiated to /api/templates.
[2026-01-20 17:07:48] Controller handshake initiated to /api/log.
[2026-01-20 17:07:48] Controller opened data sync.
[2026-01-20 17:10:03] Controller handshake initiated to /api/log.
[2026-01-20 17:10:03] Controller opened data sync.
[2026-01-20 17:10:03] Controller handshake initiated to /api/folders.
[2026-01-20 17:10:03] Controller handshake initiated to /api/templates.
[2026-01-20 17:15:00] Controller handshake initiated to /api/log.
[2026-01-20 17:15:00] Controller opened data sync.
[2026-01-20 17:15:00] Controller handshake initiated to /api/folders.
[2026-01-20 17:15:00] Controller handshake initiated to /api/templates.
[2026-01-20 17:16:06] Folder created: 26-000-050/26-007
[2026-01-20 17:17:17] Job created: 26-000-050/26-007/26-007-260120
[2026-01-20 17:17:18] Upload started: 26-000-050/26-007/26-007-260120 - 2 file(s) [ID: 8552034c-8f0e-4890-ba0a-3cc9dba9dbd0]
[2026-01-20 17:17:18]   File uploaded: 26-007-Layout-260120.csv (0.00 MB) [ID: 8552034c-8f0e-4890-ba0a-3cc9dba9dbd0]
[2026-01-20 17:17:18]   File uploaded: 26-007-Layout-260120.dxf (0.31 MB) [ID: 8552034c-8f0e-4890-ba0a-3cc9dba9dbd0]
[2026-01-20 17:17:18] Upload completed: 26-000-050/26-007/26-007-260120 - 2 file(s), 0.31 MB in 0.0s (159198.2 KB/s) [ID: 8552034c-8f0e-4890-ba0a-3cc9dba9dbd0]
[2026-01-20 17:18:41] Controller handshake initiated to /api/log.
[2026-01-20 17:18:41] Controller opened data sync.
[2026-01-20 17:18:41] Controller handshake initiated to /api/folders.
[2026-01-20 17:18:41] Controller handshake initiated to /api/templates.
[2026-01-20 17:19:41] Controller handshake initiated to /api/log.
[2026-01-20 17:19:41] Controller clicked download (26-000-050/26-007/26-007-260120).
[2026-01-20 17:19:42] Controller handshake initiated to /api/download-job/26-000-050/26-007/26-007-260120.
[2026-01-20 17:19:42] Controller handshake initiated to /api/download-file/26-000-050/26-007/26-007-260120/26-007-260120.job.
[2026-01-20 17:19:42] Controller handshake initiated to /api/download-file/26-000-050/26-007/26-007-260120/26-007-260120.jxl.
[2026-01-20 17:19:43] Controller handshake initiated to /api/download-file/26-000-050/26-007/26-007-260120/26-007-Layout-260120.csv.
[2026-01-20 17:19:43] Controller handshake initiated to /api/download-file/26-000-050/26-007/26-007-260120/26-007-Layout-260120.dxf.
[2026-01-20 17:19:50] Controller handshake initiated to /api/download-file/26-000-050/26-007/26-007-260120/Control%20-%20Avalon%20-%20260120.csv.
[2026-01-20 17:19:50] Controller handshake initiated to /api/download-file/26-000-050/26-007/26-007-260120/job_info.json.
[2026-01-20 18:39:06] Upload started: 26-000-050/26-007/26-007-260120 - 2 file(s) [ID: 8707e9e4-20a7-479f-a42d-e2ffd672bf95]
[2026-01-20 18:39:06]   File uploaded: 26-007-Layout-260120-R1.csv (0.00 MB) [ID: 8707e9e4-20a7-479f-a42d-e2ffd672bf95]
[2026-01-20 18:39:06]   File uploaded: 26-007-Layout-260120-R1.dxf (0.31 MB) [ID: 8707e9e4-20a7-479f-a42d-e2ffd672bf95]
[2026-01-20 18:39:06] Upload completed: 26-000-050/26-007/26-007-260120 - 2 file(s), 0.31 MB in 0.0s (106511.4 KB/s) [ID: 8707e9e4-20a7-479f-a42d-e2ffd672bf95]
[2026-01-20 19:05:32] Controller handshake initiated to /api/log.
[2026-01-20 19:05:32] Controller opened data sync.
[2026-01-20 19:05:32] Controller handshake initiated to /api/templates.
[2026-01-20 19:05:32] Controller handshake initiated to /api/folders.
[2026-01-20 19:24:31] Controller handshake initiated to /api/log.
[2026-01-20 19:24:31] Controller opened data sync.
[2026-01-20 19:24:31] Controller handshake initiated to /api/folders.
[2026-01-20 19:24:31] Controller handshake initiated to /api/templates.
[2026-01-20 19:26:46] Controller handshake initiated to /api/log.
[2026-01-20 19:26:46] Controller clicked download (26-000-050/26-007/26-007-260120/26-007-Layout-260120-R1.csv).
[2026-01-20 19:26:46] Controller handshake initiated to /api/download-file/26-000-050/26-007/26-007-260120/26-007-Layout-260120-R1.csv.
[2026-01-20 19:27:01] Controller handshake initiated to /api/log.
[2026-01-20 19:27:01] Controller opened data sync.
[2026-01-20 19:27:01] Controller handshake initiated to /api/folders.
[2026-01-20 19:27:01] Controller handshake initiated to /api/templates.
[2026-01-20 19:28:32] Controller handshake initiated to /api/log.
[2026-01-20 19:28:32] Controller clicked download (26-000-050/26-007/26-007-260120/26-007-Layout-260120-R1.dxf).
[2026-01-20 19:28:32] Controller handshake initiated to /api/download-file/26-000-050/26-007/26-007-260120/26-007-Layout-260120-R1.dxf.
[2026-01-20 21:00:52] Controller handshake initiated to /api/log.
[2026-01-20 21:00:52] Controller opened data sync.
[2026-01-20 21:00:52] Controller handshake initiated to /api/templates.
[2026-01-20 21:00:52] Controller handshake initiated to /api/folders.
[2026-01-20 21:01:49] Controller handshake initiated to /api/log.
[2026-01-20 21:01:49] Controller clicked upload (26-000-050/26-007/26-007-260120/26-007-260120.job).
[2026-01-20 21:01:49] Controller handshake initiated to /api/download-file/26-000-050/26-007/26-007-260120/job_info.json.
[2026-01-20 21:02:25] Controller handshake initiated to /api/store-pending-field-status.
[2026-01-20 21:02:26] Controller handshake initiated to /api/upload-field-data-android.
[2026-01-20 21:02:32] Upload started: 26-000-050/26-007/26-007-260120 - 14 file(s) [ID: 5675614d-e5d7-4ee8-81fc-006b7cf7f6f2]
[2026-01-20 21:02:32]   File uploaded: 26-007-260120.job (0.15 MB) [ID: 5675614d-e5d7-4ee8-81fc-006b7cf7f6f2]
[2026-01-20 21:02:32]   File uploaded: 26-007-260120.dxf (0.07 MB) [ID: 5675614d-e5d7-4ee8-81fc-006b7cf7f6f2]
[2026-01-20 21:02:32]   File uploaded: 26-007-260120.csv (0.01 MB) [ID: 5675614d-e5d7-4ee8-81fc-006b7cf7f6f2]
[2026-01-20 21:02:32]   File uploaded: 26-007-Layout-260120-R1.csv (0.00 MB) [ID: 5675614d-e5d7-4ee8-81fc-006b7cf7f6f2]
[2026-01-20 21:02:32]   File uploaded: 26-007-Layout-260120-R1.dxf (0.31 MB) [ID: 5675614d-e5d7-4ee8-81fc-006b7cf7f6f2]
[2026-01-20 21:02:32]   File uploaded: 26-007-Layout-260120.dxf (0.31 MB) [ID: 5675614d-e5d7-4ee8-81fc-006b7cf7f6f2]
[2026-01-20 21:02:32]   File uploaded: 26-007-Layout-260120.csv (0.00 MB) [ID: 5675614d-e5d7-4ee8-81fc-006b7cf7f6f2]
[2026-01-20 21:02:32]   File uploaded: IMG.jpg (5.29 MB) [ID: 5675614d-e5d7-4ee8-81fc-006b7cf7f6f2]
[2026-01-20 21:02:32]   File uploaded: IMG_6.jpg (6.02 MB) [ID: 5675614d-e5d7-4ee8-81fc-006b7cf7f6f2]
[2026-01-20 21:02:32]   File uploaded: IMG_3.jpg (4.55 MB) [ID: 5675614d-e5d7-4ee8-81fc-006b7cf7f6f2]
[2026-01-20 21:02:32]   File uploaded: IMG_4.jpg (5.53 MB) [ID: 5675614d-e5d7-4ee8-81fc-006b7cf7f6f2]
[2026-01-20 21:02:32]   File uploaded: IMG_1.jpg (4.21 MB) [ID: 5675614d-e5d7-4ee8-81fc-006b7cf7f6f2]
[2026-01-20 21:02:32]   File uploaded: IMG_2.jpg (5.38 MB) [ID: 5675614d-e5d7-4ee8-81fc-006b7cf7f6f2]
[2026-01-20 21:02:32]   File uploaded: IMG_5.jpg (5.81 MB) [ID: 5675614d-e5d7-4ee8-81fc-006b7cf7f6f2]
[2026-01-20 21:02:32] Upload completed: 26-000-050/26-007/26-007-260120 - 14 file(s), 37.63 MB in 0.0s (875865.5 KB/s) [ID: 5675614d-e5d7-4ee8-81fc-006b7cf7f6f2]
[2026-01-20 21:02:32] Controller handshake initiated to /api/folders.
[2026-01-20 21:03:00] Controller handshake initiated to /api/log.
[2026-01-20 21:03:00] Controller opened data sync.
[2026-01-20 21:03:00] Controller handshake initiated to /api/templates.
[2026-01-20 21:03:00] Controller handshake initiated to /api/folders.
[2026-01-20 21:05:43] Controller handshake initiated to /api/log.
[2026-01-20 21:05:43] Controller opened data sync.
[2026-01-20 21:05:43] Controller handshake initiated to /api/templates.
[2026-01-20 21:05:43] Controller handshake initiated to /api/folders.
[2026-01-20 21:06:21] Controller handshake initiated to /api/log.
[2026-01-20 21:06:21] Controller clicked upload (26-000-050/26-008/26-008-260120/26-008-260120.job).
[2026-01-20 21:06:21] Controller handshake initiated to /api/download-file/26-000-050/26-008/26-008-260120/job_info.json.
[2026-01-20 21:06:42] Controller handshake initiated to /api/store-pending-field-status.
[2026-01-20 21:06:43] Controller handshake initiated to /api/upload-field-data-android.
[2026-01-20 21:06:48] Upload started: 26-000-050/26-008/26-008-260120 - 15 file(s) [ID: a1e99b13-f7a8-4385-8ab8-51982f82187c]
[2026-01-20 21:06:48]   File uploaded: 26-008-260120.job (0.07 MB) [ID: a1e99b13-f7a8-4385-8ab8-51982f82187c]
[2026-01-20 21:06:48]   File uploaded: 26-008-260120.csv (0.00 MB) [ID: a1e99b13-f7a8-4385-8ab8-51982f82187c]
[2026-01-20 21:06:48]   File uploaded: 26-008-260120-R1.csv (0.00 MB) [ID: a1e99b13-f7a8-4385-8ab8-51982f82187c]
[2026-01-20 21:06:48]   File uploaded: 26-008-260120-R1.dxf (0.04 MB) [ID: a1e99b13-f7a8-4385-8ab8-51982f82187c]
[2026-01-20 21:06:48]   File uploaded: 26-008-260120.dxf (0.04 MB) [ID: a1e99b13-f7a8-4385-8ab8-51982f82187c]
[2026-01-20 21:06:48]   File uploaded: 26-008-Layout-260120.dxf (0.31 MB) [ID: a1e99b13-f7a8-4385-8ab8-51982f82187c]
[2026-01-20 21:06:48]   File uploaded: 26-008-Layout-260120.csv (0.00 MB) [ID: a1e99b13-f7a8-4385-8ab8-51982f82187c]
[2026-01-20 21:06:48]   File uploaded: 26-008-Layout-260120-R1.dxf (0.31 MB) [ID: a1e99b13-f7a8-4385-8ab8-51982f82187c]
[2026-01-20 21:06:48]   File uploaded: 26-008-Layout-260120-R1.csv (0.00 MB) [ID: a1e99b13-f7a8-4385-8ab8-51982f82187c]
[2026-01-20 21:06:48]   File uploaded: IMG_3.jpg (4.81 MB) [ID: a1e99b13-f7a8-4385-8ab8-51982f82187c]
[2026-01-20 21:06:48]   File uploaded: IMG_4.jpg (4.92 MB) [ID: a1e99b13-f7a8-4385-8ab8-51982f82187c]
[2026-01-20 21:06:48]   File uploaded: IMG.jpg (5.24 MB) [ID: a1e99b13-f7a8-4385-8ab8-51982f82187c]
[2026-01-20 21:06:48]   File uploaded: IMG_2.jpg (4.79 MB) [ID: a1e99b13-f7a8-4385-8ab8-51982f82187c]
[2026-01-20 21:06:48]   File uploaded: IMG_5.jpg (4.88 MB) [ID: a1e99b13-f7a8-4385-8ab8-51982f82187c]
[2026-01-20 21:06:48]   File uploaded: IMG_1.jpg (4.79 MB) [ID: a1e99b13-f7a8-4385-8ab8-51982f82187c]
[2026-01-20 21:06:48] Upload completed: 26-000-050/26-008/26-008-260120 - 15 file(s), 30.20 MB in 0.1s (475788.4 KB/s) [ID: a1e99b13-f7a8-4385-8ab8-51982f82187c]
[2026-01-20 21:06:48] Controller handshake initiated to /api/folders.
[2026-01-21 13:18:47] Controller handshake initiated to /api/log.
[2026-01-21 13:18:47] Controller opened data sync.
[2026-01-21 13:18:47] Controller handshake initiated to /api/templates.
[2026-01-21 13:18:47] Controller handshake initiated to /api/folders.
[2026-01-21 13:23:42] Folder created: 26-000-050/26-009
[2026-01-21 13:24:06] Job created: 26-000-050/26-009/26-009-260121
[2026-01-21 13:24:06] Upload started: 26-000-050/26-009/26-009-260121 - 2 file(s) [ID: ad9afe7e-a722-42d3-b62b-4db8bd76f2e3]
[2026-01-21 13:24:06]   File uploaded: 26-009-Layout-260121.csv (0.00 MB) [ID: ad9afe7e-a722-42d3-b62b-4db8bd76f2e3]
[2026-01-21 13:24:06]   File uploaded: 26-009-Layout-260121.dxf (0.32 MB) [ID: ad9afe7e-a722-42d3-b62b-4db8bd76f2e3]
[2026-01-21 13:24:06] Upload completed: 26-000-050/26-009/26-009-260121 - 2 file(s), 0.32 MB in 0.0s (329819.3 KB/s) [ID: ad9afe7e-a722-42d3-b62b-4db8bd76f2e3]
[2026-01-21 13:24:52] Controller handshake initiated to /api/log.
[2026-01-21 13:24:52] Controller opened data sync.
[2026-01-21 13:24:52] Controller handshake initiated to /api/templates.
[2026-01-21 13:24:52] Controller handshake initiated to /api/folders.
[2026-01-21 13:25:43] Controller handshake initiated to /api/log.
[2026-01-21 13:25:43] Controller clicked download (26-000-050/26-009/26-009-260121).
[2026-01-21 13:25:44] Controller handshake initiated to /api/download-job/26-000-050/26-009/26-009-260121.
[2026-01-21 13:25:44] Controller handshake initiated to /api/download-file/26-000-050/26-009/26-009-260121/26-009-260121.job.
[2026-01-21 13:25:44] Controller handshake initiated to /api/download-file/26-000-050/26-009/26-009-260121/26-009-260121.jxl.
[2026-01-21 13:25:45] Controller handshake initiated to /api/download-file/26-000-050/26-009/26-009-260121/26-009-Layout-260121.csv.
[2026-01-21 13:25:45] Controller handshake initiated to /api/download-file/26-000-050/26-009/26-009-260121/26-009-Layout-260121.dxf.
[2026-01-21 13:25:47] Controller handshake initiated to /api/download-file/26-000-050/26-009/26-009-260121/Control%20-%20Avalon%20-%20260121.csv.
[2026-01-21 13:25:47] Controller handshake initiated to /api/download-file/26-000-050/26-009/26-009-260121/job_info.json.
[2026-01-21 16:49:04] Controller handshake initiated to /api/log.
[2026-01-21 16:49:04] Controller opened data sync.
[2026-01-21 16:49:04] Controller handshake initiated to /api/folders.
[2026-01-21 16:49:04] Controller handshake initiated to /api/templates.
[2026-01-21 16:50:10] Controller handshake initiated to /api/log.
[2026-01-21 16:50:10] Controller clicked upload (26-000-050/26-001/26-001-260106/26-001-260106.job).
[2026-01-21 16:50:10] Controller handshake initiated to /api/download-file/26-000-050/26-001/26-001-260106/job_info.json.
[2026-01-21 16:50:27] Controller handshake initiated to /api/store-pending-field-status.
[2026-01-21 16:50:27] Controller handshake initiated to /api/upload-field-data-android.
[2026-01-21 16:50:34] Upload started: 26-000-050/26-001/26-001-260106 - 11 file(s) [ID: b2b0ce18-0037-4cfb-a060-0f26604f0633]
[2026-01-21 16:50:34]   File uploaded: 26-001-260106.job (0.08 MB) [ID: b2b0ce18-0037-4cfb-a060-0f26604f0633]
[2026-01-21 16:50:34]   File uploaded: 26-001-260106.csv (0.00 MB) [ID: b2b0ce18-0037-4cfb-a060-0f26604f0633]
[2026-01-21 16:50:34]   File uploaded: 26-001-260106.dxf (0.04 MB) [ID: b2b0ce18-0037-4cfb-a060-0f26604f0633]
[2026-01-21 16:50:34]   File uploaded: 26-001-Layout-260106.dxf (0.32 MB) [ID: b2b0ce18-0037-4cfb-a060-0f26604f0633]
[2026-01-21 16:50:34]   File uploaded: 26-001-Layout-260106.csv (0.00 MB) [ID: b2b0ce18-0037-4cfb-a060-0f26604f0633]
[2026-01-21 16:50:34]   File uploaded: IMG_3.jpg (4.52 MB) [ID: b2b0ce18-0037-4cfb-a060-0f26604f0633]
[2026-01-21 16:50:34]   File uploaded: IMG_2.jpg (4.65 MB) [ID: b2b0ce18-0037-4cfb-a060-0f26604f0633]
[2026-01-21 16:50:34]   File uploaded: IMG_5.jpg (4.74 MB) [ID: b2b0ce18-0037-4cfb-a060-0f26604f0633]
[2026-01-21 16:50:34]   File uploaded: IMG_4.jpg (4.45 MB) [ID: b2b0ce18-0037-4cfb-a060-0f26604f0633]
[2026-01-21 16:50:34]   File uploaded: IMG_1.jpg (4.21 MB) [ID: b2b0ce18-0037-4cfb-a060-0f26604f0633]
[2026-01-21 16:50:34]   File uploaded: IMG.jpg (4.22 MB) [ID: b2b0ce18-0037-4cfb-a060-0f26604f0633]
[2026-01-21 16:50:34] Upload completed: 26-000-050/26-001/26-001-260106 - 11 file(s), 27.23 MB in 0.1s (381960.0 KB/s) [ID: b2b0ce18-0037-4cfb-a060-0f26604f0633]
[2026-01-21 16:50:34] Controller handshake initiated to /api/folders.
[2026-01-21 17:36:22] Controller handshake initiated to /api/log.
[2026-01-21 17:36:22] Controller opened data sync.
[2026-01-21 17:36:22] Controller handshake initiated to /api/folders.
[2026-01-21 17:36:22] Controller handshake initiated to /api/templates.
[2026-01-21 17:51:10] Controller handshake initiated to /api/download-file/26-000-050/26-009/26-009-260121/job_info.json.
[2026-01-21 17:51:10] Controller handshake initiated to /api/log.
[2026-01-21 17:51:10] Controller clicked upload (26-000-050/26-009/26-009-260121/26-009-260121.job).
[2026-01-21 17:51:39] Controller handshake initiated to /api/store-pending-field-status.
[2026-01-21 17:51:45] Controller handshake initiated to /api/upload-field-data-android.
[2026-01-21 18:11:44] Controller handshake initiated to /api/log.
[2026-01-21 18:11:44] Controller opened data sync.
[2026-01-21 18:11:44] Controller handshake initiated to /api/folders.
[2026-01-21 18:11:44] Controller handshake initiated to /api/templates.
[2026-01-21 18:13:14] Controller handshake initiated to /api/download-file/26-000-050/26-009/26-009-260121/job_info.json.
[2026-01-21 18:13:14] Controller handshake initiated to /api/log.
[2026-01-21 18:13:14] Controller clicked upload (26-000-050/26-009/26-009-260121/26-009-260121.job).
[2026-01-21 18:13:27] Controller handshake initiated to /api/store-pending-field-status.
[2026-01-21 18:13:29] Controller handshake initiated to /api/upload-field-data-android.
[2026-01-21 18:22:14] Controller handshake initiated to /api/folders.
[2026-01-21 18:22:14] Controller handshake initiated to /api/log.
[2026-01-21 18:22:14] Controller opened data sync.
[2026-01-21 18:22:14] Controller handshake initiated to /api/templates.
[2026-01-21 18:22:58] Controller handshake initiated to /api/log.
[2026-01-21 18:22:58] Controller clicked upload (26-000-050/26-009/26-009-260121/26-009-260121.job).
[2026-01-21 18:22:58] Controller handshake initiated to /api/download-file/26-000-050/26-009/26-009-260121/job_info.json.
[2026-01-21 18:23:08] Controller handshake initiated to /api/store-pending-field-status.
[2026-01-21 18:23:10] Controller handshake initiated to /api/upload-field-data-android.
[2026-01-21 18:30:46] Controller handshake initiated to /api/log.
[2026-01-21 18:30:46] Controller opened data sync.
[2026-01-21 18:30:46] Controller handshake initiated to /api/folders.
[2026-01-21 18:30:46] Controller handshake initiated to /api/templates.
[2026-01-21 18:31:51] Controller handshake initiated to /api/log.
[2026-01-21 18:31:51] Controller clicked upload (26-000-050/26-009/26-009-260121/26-009-260121.job).
[2026-01-21 18:31:51] Controller handshake initiated to /api/download-file/26-000-050/26-009/26-009-260121/job_info.json.
[2026-01-21 18:32:04] Controller handshake initiated to /api/store-pending-field-status.
[2026-01-21 18:32:06] Controller handshake initiated to /api/upload-field-data-android.
[2026-01-21 18:34:08] Upload started: 26-000-050/26-009/26-009-260121 - 12 file(s) [ID: f763b3e3-c217-4281-864e-71ab3504e616]
[2026-01-21 18:34:08]   File uploaded: 26-009-260121.job (0.13 MB) [ID: f763b3e3-c217-4281-864e-71ab3504e616]
[2026-01-21 18:34:08]   File uploaded: 26-009-260121.csv (0.01 MB) [ID: f763b3e3-c217-4281-864e-71ab3504e616]
[2026-01-21 18:34:08]   File uploaded: 26-009-Layout-260121.csv (0.00 MB) [ID: f763b3e3-c217-4281-864e-71ab3504e616]
[2026-01-21 18:34:08]   File uploaded: 26-009-Layout-260121.dxf (0.32 MB) [ID: f763b3e3-c217-4281-864e-71ab3504e616]
[2026-01-21 18:34:08]   File uploaded: IMG_4.jpg (4.94 MB) [ID: f763b3e3-c217-4281-864e-71ab3504e616]
[2026-01-21 18:34:08]   File uploaded: IMG_1.jpg (4.56 MB) [ID: f763b3e3-c217-4281-864e-71ab3504e616]
[2026-01-21 18:34:08]   File uploaded: IMG_3.jpg (5.10 MB) [ID: f763b3e3-c217-4281-864e-71ab3504e616]
[2026-01-21 18:34:08]   File uploaded: IMG_7.jpg (4.94 MB) [ID: f763b3e3-c217-4281-864e-71ab3504e616]
[2026-01-21 18:34:08]   File uploaded: IMG_2.jpg (4.64 MB) [ID: f763b3e3-c217-4281-864e-71ab3504e616]
[2026-01-21 18:34:08]   File uploaded: IMG_6.jpg (4.96 MB) [ID: f763b3e3-c217-4281-864e-71ab3504e616]
[2026-01-21 18:34:08]   File uploaded: IMG_5.jpg (4.95 MB) [ID: f763b3e3-c217-4281-864e-71ab3504e616]
[2026-01-21 18:34:08]   File uploaded: IMG.jpg (4.67 MB) [ID: f763b3e3-c217-4281-864e-71ab3504e616]
[2026-01-21 18:34:08] Upload completed: 26-000-050/26-009/26-009-260121 - 12 file(s), 39.22 MB in 0.0s (1056865.9 KB/s) [ID: f763b3e3-c217-4281-864e-71ab3504e616]
[2026-01-21 18:34:09] Controller handshake initiated to /api/folders.
[2026-01-21 18:39:44] Controller handshake initiated to /api/log.
[2026-01-21 18:39:44] Controller opened data sync.
[2026-01-21 18:39:44] Controller handshake initiated to /api/folders.
[2026-01-21 18:39:44] Controller handshake initiated to /api/templates.
[2026-01-21 18:40:33] Controller handshake initiated to /api/log.
[2026-01-21 18:40:33] Controller clicked upload (26-000-050/26-009/26-009-260121/26-009-260121.job).
[2026-01-21 18:40:33] Controller handshake initiated to /api/download-file/26-000-050/26-009/26-009-260121/job_info.json.
[2026-01-21 18:40:45] Controller handshake initiated to /api/store-pending-field-status.
[2026-01-21 18:40:46] Controller handshake initiated to /api/upload-field-data-android.
[2026-01-21 18:43:18] Upload started: 26-000-050/26-009/26-009-260121 - 13 file(s) [ID: b0531d50-fea6-47b9-926c-42c006a826d6]
[2026-01-21 18:43:18]   File uploaded: 26-009-260121.job (0.13 MB) [ID: b0531d50-fea6-47b9-926c-42c006a826d6]
[2026-01-21 18:43:18]   File uploaded: 26-009-260121.csv (0.01 MB) [ID: b0531d50-fea6-47b9-926c-42c006a826d6]
[2026-01-21 18:43:18]   File uploaded: 26-009-260121.dxf (0.05 MB) [ID: b0531d50-fea6-47b9-926c-42c006a826d6]
[2026-01-21 18:43:18]   File uploaded: 26-009-Layout-260121.csv (0.00 MB) [ID: b0531d50-fea6-47b9-926c-42c006a826d6]
[2026-01-21 18:43:18]   File uploaded: 26-009-Layout-260121.dxf (0.32 MB) [ID: b0531d50-fea6-47b9-926c-42c006a826d6]
[2026-01-21 18:43:18]   File uploaded: IMG_4.jpg (4.94 MB) [ID: b0531d50-fea6-47b9-926c-42c006a826d6]
[2026-01-21 18:43:18]   File uploaded: IMG_1.jpg (4.56 MB) [ID: b0531d50-fea6-47b9-926c-42c006a826d6]
[2026-01-21 18:43:18]   File uploaded: IMG_3.jpg (5.10 MB) [ID: b0531d50-fea6-47b9-926c-42c006a826d6]
[2026-01-21 18:43:18]   File uploaded: IMG_7.jpg (4.94 MB) [ID: b0531d50-fea6-47b9-926c-42c006a826d6]
[2026-01-21 18:43:18]   File uploaded: IMG_2.jpg (4.64 MB) [ID: b0531d50-fea6-47b9-926c-42c006a826d6]
[2026-01-21 18:43:18]   File uploaded: IMG_6.jpg (4.96 MB) [ID: b0531d50-fea6-47b9-926c-42c006a826d6]
[2026-01-21 18:43:18]   File uploaded: IMG_5.jpg (4.95 MB) [ID: b0531d50-fea6-47b9-926c-42c006a826d6]
[2026-01-21 18:43:18]   File uploaded: IMG.jpg (4.67 MB) [ID: b0531d50-fea6-47b9-926c-42c006a826d6]
[2026-01-21 18:43:18] Upload completed: 26-000-050/26-009/26-009-260121 - 13 file(s), 39.27 MB in 0.1s (609241.4 KB/s) [ID: b0531d50-fea6-47b9-926c-42c006a826d6]
[2026-01-21 18:43:19] Controller handshake initiated to /api/folders.
[2026-01-21 19:06:54] Controller handshake initiated to /api/log.
[2026-01-21 19:06:54] Controller opened data sync.
[2026-01-21 19:06:54] Controller handshake initiated to /api/folders.
[2026-01-21 19:06:54] Controller handshake initiated to /api/templates.
[2026-01-21 19:50:21] Controller handshake initiated to /api/log.
[2026-01-21 19:50:21] Controller opened data sync.
[2026-01-21 19:50:21] Controller handshake initiated to /api/templates.
[2026-01-21 19:50:21] Controller handshake initiated to /api/folders.
[2026-01-21 19:51:01] Controller handshake initiated to /api/log.
[2026-01-21 19:51:01] Controller clicked upload (26-000-050/26-009/26-009-260121/26-009-260121.job).
[2026-01-21 19:51:01] Controller handshake initiated to /api/download-file/26-000-050/26-009/26-009-260121/job_info.json.
[2026-01-21 19:51:27] Controller handshake initiated to /api/store-pending-field-status.
[2026-01-21 19:51:28] Controller handshake initiated to /api/upload-field-data-android.
[2026-01-21 20:10:59] Controller handshake initiated to /api/upload-field-data-android.
[2026-01-21 20:12:37] Upload started: 26-000-050/26-009/26-009-260121 - 15 file(s) [ID: d13752a0-fb6c-42f6-a9e3-d2c5c3697b6f]
[2026-01-21 20:12:37]   File uploaded: 26-009-260121.job (0.15 MB) [ID: d13752a0-fb6c-42f6-a9e3-d2c5c3697b6f]
[2026-01-21 20:12:37]   File uploaded: 26-009-260121.csv (0.01 MB) [ID: d13752a0-fb6c-42f6-a9e3-d2c5c3697b6f]
[2026-01-21 20:12:37]   File uploaded: 26-009-260121-R2.csv (0.01 MB) [ID: d13752a0-fb6c-42f6-a9e3-d2c5c3697b6f]
[2026-01-21 20:12:37]   File uploaded: 26-009-260121.dxf (0.05 MB) [ID: d13752a0-fb6c-42f6-a9e3-d2c5c3697b6f]
[2026-01-21 20:12:37]   File uploaded: 26-009-260121-R2.dxf (0.05 MB) [ID: d13752a0-fb6c-42f6-a9e3-d2c5c3697b6f]
[2026-01-21 20:12:37]   File uploaded: 26-009-Layout-260121.csv (0.00 MB) [ID: d13752a0-fb6c-42f6-a9e3-d2c5c3697b6f]
[2026-01-21 20:12:37]   File uploaded: 26-009-Layout-260121.dxf (0.32 MB) [ID: d13752a0-fb6c-42f6-a9e3-d2c5c3697b6f]
[2026-01-21 20:12:37]   File uploaded: IMG_4.jpg (4.94 MB) [ID: d13752a0-fb6c-42f6-a9e3-d2c5c3697b6f]
[2026-01-21 20:12:37]   File uploaded: IMG_1.jpg (4.56 MB) [ID: d13752a0-fb6c-42f6-a9e3-d2c5c3697b6f]
[2026-01-21 20:12:37]   File uploaded: IMG_3.jpg (5.10 MB) [ID: d13752a0-fb6c-42f6-a9e3-d2c5c3697b6f]
[2026-01-21 20:12:37]   File uploaded: IMG_7.jpg (4.94 MB) [ID: d13752a0-fb6c-42f6-a9e3-d2c5c3697b6f]
[2026-01-21 20:12:37]   File uploaded: IMG_2.jpg (4.64 MB) [ID: d13752a0-fb6c-42f6-a9e3-d2c5c3697b6f]
[2026-01-21 20:12:37]   File uploaded: IMG_6.jpg (4.96 MB) [ID: d13752a0-fb6c-42f6-a9e3-d2c5c3697b6f]
[2026-01-21 20:12:37]   File uploaded: IMG_5.jpg (4.95 MB) [ID: d13752a0-fb6c-42f6-a9e3-d2c5c3697b6f]
[2026-01-21 20:12:37]   File uploaded: IMG.jpg (4.67 MB) [ID: d13752a0-fb6c-42f6-a9e3-d2c5c3697b6f]
[2026-01-21 20:12:37] Upload completed: 26-000-050/26-009/26-009-260121 - 15 file(s), 39.34 MB in 0.1s (567416.2 KB/s) [ID: d13752a0-fb6c-42f6-a9e3-d2c5c3697b6f]
[2026-01-21 20:12:38] Controller handshake initiated to /api/folders.
[2026-01-22 07:15:01] Controller handshake initiated to /api/route.
[2026-01-22 11:39:45] Controller handshake initiated to /api/log.
[2026-01-22 11:39:45] Controller opened data sync.
[2026-01-22 11:39:45] Controller handshake initiated to /api/templates.
[2026-01-22 11:39:45] Controller handshake initiated to /api/folders.
[2026-01-22 11:43:12] Controller handshake initiated to /api/log.
[2026-01-22 11:43:12] Controller opened data sync.
[2026-01-22 11:43:12] Controller handshake initiated to /api/folders.
[2026-01-22 11:43:12] Controller handshake initiated to /api/templates.
[2026-01-22 11:44:17] Controller handshake initiated to /api/log.
[2026-01-22 11:44:17] Controller opened data sync.
[2026-01-22 11:44:17] Controller handshake initiated to /api/templates.
[2026-01-22 11:44:17] Controller handshake initiated to /api/folders.
[2026-01-22 11:47:03] Upload started: 26-000-050/26-005/26-005-260119 - 2 file(s) [ID: 798646cd-4408-4a83-9a1a-b47b8b5b8d56]
[2026-01-22 11:47:03]   File uploaded: 26-005-House-Layout-260122.csv (0.00 MB) [ID: 798646cd-4408-4a83-9a1a-b47b8b5b8d56]
[2026-01-22 11:47:03]   File uploaded: 26-005-House-Layout-260122.dxf (0.31 MB) [ID: 798646cd-4408-4a83-9a1a-b47b8b5b8d56]
[2026-01-22 11:47:03] Upload completed: 26-000-050/26-005/26-005-260119 - 2 file(s), 0.31 MB in 0.0s (321238.3 KB/s) [ID: 798646cd-4408-4a83-9a1a-b47b8b5b8d56]
[2026-01-22 11:47:51] Controller handshake initiated to /api/log.
[2026-01-22 11:47:51] Controller opened data sync.
[2026-01-22 11:47:51] Controller handshake initiated to /api/folders.
[2026-01-22 11:47:51] Controller handshake initiated to /api/templates.
[2026-01-22 11:48:37] Controller handshake initiated to /api/log.
[2026-01-22 11:48:37] Controller clicked download (26-000-050/26-005/26-005-260119/26-005-House-Layout-260122.csv).
[2026-01-22 11:48:38] Controller handshake initiated to /api/download-file/26-000-050/26-005/26-005-260119/26-005-House-Layout-260122.csv.
[2026-01-22 11:48:52] Controller handshake initiated to /api/log.
[2026-01-22 11:48:52] Controller opened data sync.
[2026-01-22 11:48:52] Controller handshake initiated to /api/templates.
[2026-01-22 11:48:52] Controller handshake initiated to /api/folders.
[2026-01-22 11:49:34] Controller handshake initiated to /api/log.
[2026-01-22 11:49:34] Controller clicked download (26-000-050/26-005/26-005-260119/26-005-House-Layout-260122.dxf).
[2026-01-22 11:49:34] Controller handshake initiated to /api/download-file/26-000-050/26-005/26-005-260119/26-005-House-Layout-260122.dxf.
[2026-01-22 11:49:50] Controller handshake initiated to /api/log.
[2026-01-22 11:49:50] Controller opened data sync.
[2026-01-22 11:49:50] Controller handshake initiated to /api/folders.
[2026-01-22 11:49:50] Controller handshake initiated to /api/templates.
[2026-01-22 13:17:44] Controller handshake initiated to /api/log.
[2026-01-22 13:17:44] Controller opened data sync.
[2026-01-22 13:17:44] Controller handshake initiated to /api/folders.
[2026-01-22 13:17:44] Controller handshake initiated to /api/templates.
[2026-01-22 13:19:40] Controller handshake initiated to /api/log.
[2026-01-22 13:19:40] Controller clicked upload (26-000-050/26-005/26-005-260119/26-005-260119.job).
[2026-01-22 13:19:40] Controller handshake initiated to /api/download-file/26-000-050/26-005/26-005-260119/job_info.json.
[2026-01-22 13:22:30] Controller handshake initiated to /api/store-pending-field-status.
[2026-01-22 13:22:31] Controller handshake initiated to /api/upload-field-data-android.
[2026-01-22 13:22:49] Upload started: 26-000-050/26-005/26-005-260119 - 10 file(s) [ID: ff2ee55c-4de7-4aad-a42f-28d90d4a0b8a]
[2026-01-22 13:22:49]   File uploaded: 26-005-260119.job (0.10 MB) [ID: ff2ee55c-4de7-4aad-a42f-28d90d4a0b8a]
[2026-01-22 13:22:49]   File uploaded: 26-005-260122.dxf (0.04 MB) [ID: ff2ee55c-4de7-4aad-a42f-28d90d4a0b8a]
[2026-01-22 13:22:49]   File uploaded: 26-005-260119.csv (0.00 MB) [ID: ff2ee55c-4de7-4aad-a42f-28d90d4a0b8a]
[2026-01-22 13:22:49]   File uploaded: 26-005-260122.csv (0.00 MB) [ID: ff2ee55c-4de7-4aad-a42f-28d90d4a0b8a]
[2026-01-22 13:22:49]   File uploaded: 26-005-260119.dxf (0.03 MB) [ID: ff2ee55c-4de7-4aad-a42f-28d90d4a0b8a]
[2026-01-22 13:22:49]   File uploaded: 26-005-Layout-260119.csv (0.00 MB) [ID: ff2ee55c-4de7-4aad-a42f-28d90d4a0b8a]
[2026-01-22 13:22:49]   File uploaded: 26-005-Layout-260119.dxf (0.31 MB) [ID: ff2ee55c-4de7-4aad-a42f-28d90d4a0b8a]
[2026-01-22 13:22:49]   File uploaded: 26-005-House-Layout-260122.csv (0.00 MB) [ID: ff2ee55c-4de7-4aad-a42f-28d90d4a0b8a]
[2026-01-22 13:22:49]   File uploaded: 26-005-House-Layout-260122.dxf (0.31 MB) [ID: ff2ee55c-4de7-4aad-a42f-28d90d4a0b8a]
[2026-01-22 13:22:49]   File uploaded: IMG.jpg (6.19 MB) [ID: ff2ee55c-4de7-4aad-a42f-28d90d4a0b8a]
[2026-01-22 13:22:49] Upload completed: 26-000-050/26-005/26-005-260119 - 10 file(s), 6.99 MB in 0.1s (108511.4 KB/s) [ID: ff2ee55c-4de7-4aad-a42f-28d90d4a0b8a]
[2026-01-22 13:22:49] Controller handshake initiated to /api/folders.
[2026-01-22 14:05:30] Job created: 26-000-050/26-009/26-009-260122
[2026-01-22 14:05:30] Upload started: 26-000-050/26-009/26-009-260122 - 2 file(s) [ID: b04c4e2d-6498-41c1-a309-65e2c8c9c5c2]
[2026-01-22 14:05:30]   File uploaded: 26-009-Layout-260122.csv (0.00 MB) [ID: b04c4e2d-6498-41c1-a309-65e2c8c9c5c2]
[2026-01-22 14:05:30]   File uploaded: 26-009-Layout-260122.dxf (0.31 MB) [ID: b04c4e2d-6498-41c1-a309-65e2c8c9c5c2]
[2026-01-22 14:05:30] Upload completed: 26-000-050/26-009/26-009-260122 - 2 file(s), 0.31 MB in 0.0s (318441.4 KB/s) [ID: b04c4e2d-6498-41c1-a309-65e2c8c9c5c2]
[2026-01-22 14:06:31] Job created: 26-000-050/26-009/26-009-260122
[2026-01-22 14:06:31] Upload started: 26-000-050/26-009/26-009-260122 - 2 file(s) [ID: ef1a6dbe-91a0-436a-9a7f-180f707d8c3d]
[2026-01-22 14:06:31]   File uploaded: 26-009-Layout-260122.csv (0.00 MB) [ID: ef1a6dbe-91a0-436a-9a7f-180f707d8c3d]
[2026-01-22 14:06:31]   File uploaded: 26-009-Layout-260122.dxf (0.31 MB) [ID: ef1a6dbe-91a0-436a-9a7f-180f707d8c3d]
[2026-01-22 14:06:31] Upload completed: 26-000-050/26-009/26-009-260122 - 2 file(s), 0.31 MB in 0.0s (318441.4 KB/s) [ID: ef1a6dbe-91a0-436a-9a7f-180f707d8c3d]
[2026-01-22 15:29:30] Controller handshake initiated to /api/log.
[2026-01-22 15:29:30] Controller opened data sync.
[2026-01-22 15:29:30] Controller handshake initiated to /api/templates.
[2026-01-22 15:29:30] Controller handshake initiated to /api/folders.
[2026-01-22 15:32:26] Controller handshake initiated to /api/log.
[2026-01-22 15:32:26] Controller clicked download (26-000-050/26-009/26-009-260122).
[2026-01-22 15:32:26] Controller handshake initiated to /api/download-job/26-000-050/26-009/26-009-260122.
[2026-01-22 15:32:26] Controller handshake initiated to /api/download-file/26-000-050/26-009/26-009-260122/26-009-260122.job.
[2026-01-22 15:32:27] Controller handshake initiated to /api/download-file/26-000-050/26-009/26-009-260122/26-009-260122.jxl.
[2026-01-22 15:32:28] Controller handshake initiated to /api/download-file/26-000-050/26-009/26-009-260122/26-009-Layout-260122.csv.
[2026-01-22 15:32:28] Controller handshake initiated to /api/download-file/26-000-050/26-009/26-009-260122/26-009-Layout-260122.dxf.
[2026-01-22 15:32:45] Controller handshake initiated to /api/download-file/26-000-050/26-009/26-009-260122/Control%20-%20Avalon%20-%20260122.csv.
[2026-01-22 15:32:45] Controller handshake initiated to /api/download-file/26-000-050/26-009/26-009-260122/job_info.json.
[2026-01-22 18:20:34] Controller handshake initiated to /api/log.
[2026-01-22 18:20:34] Controller opened data sync.
[2026-01-22 18:20:34] Controller handshake initiated to /api/folders.
[2026-01-22 18:20:34] Controller handshake initiated to /api/templates.
[2026-01-22 18:37:30] Controller handshake initiated to /api/log.
[2026-01-22 18:37:30] Controller opened data sync.
[2026-01-22 18:37:30] Controller handshake initiated to /api/templates.
[2026-01-22 18:37:30] Controller handshake initiated to /api/folders.
[2026-01-22 18:56:11] Controller handshake initiated to /api/log.
[2026-01-22 18:56:11] Controller opened data sync.
[2026-01-22 18:56:11] Controller handshake initiated to /api/folders.
[2026-01-22 18:56:11] Controller handshake initiated to /api/templates.
[2026-01-22 18:57:13] Controller handshake initiated to /api/log.
[2026-01-22 18:57:13] Controller clicked upload (26-000-050/26-009/26-009-260121/26-009-260121.job).
[2026-01-22 18:57:13] Controller handshake initiated to /api/download-file/26-000-050/26-009/26-009-260121/job_info.json.
[2026-01-22 18:57:26] Controller handshake initiated to /api/store-pending-field-status.
[2026-01-22 18:57:27] Controller handshake initiated to /api/upload-field-data-android.
[2026-01-22 19:10:21] Controller handshake initiated to /api/log.
[2026-01-22 19:10:21] Controller opened data sync.
[2026-01-22 19:10:21] Controller handshake initiated to /api/templates.
[2026-01-22 19:10:21] Controller handshake initiated to /api/folders.
[2026-01-22 19:11:06] Controller handshake initiated to /api/log.
[2026-01-22 19:11:06] Controller clicked upload (26-000-050/26-009/26-009-260121/26-009-260121.job).
[2026-01-22 19:11:06] Controller handshake initiated to /api/download-file/26-000-050/26-009/26-009-260121/job_info.json.
[2026-01-22 19:11:16] Controller handshake initiated to /api/store-pending-field-status.
[2026-01-22 19:11:17] Controller handshake initiated to /api/upload-field-data-android.
[2026-01-22 19:14:55] Upload started: 26-000-050/26-009/26-009-260121 - 16 file(s) [ID: 2bdb2144-ddec-4fe8-b19e-6c292cc33308]
[2026-01-22 19:14:55]   File uploaded: 26-009-260121.job (0.16 MB) [ID: 2bdb2144-ddec-4fe8-b19e-6c292cc33308]
[2026-01-22 19:14:55]   File uploaded: 26-009-260121.csv (0.01 MB) [ID: 2bdb2144-ddec-4fe8-b19e-6c292cc33308]
[2026-01-22 19:14:55]   File uploaded: 26-009-260122-R2.csv (0.00 MB) [ID: 2bdb2144-ddec-4fe8-b19e-6c292cc33308]
[2026-01-22 19:14:55]   File uploaded: 26-009-260121-R2.csv (0.01 MB) [ID: 2bdb2144-ddec-4fe8-b19e-6c292cc33308]
[2026-01-22 19:14:55]   File uploaded: 26-009-260121.dxf (0.05 MB) [ID: 2bdb2144-ddec-4fe8-b19e-6c292cc33308]
[2026-01-22 19:14:55]   File uploaded: 26-009-260121-R2.dxf (0.05 MB) [ID: 2bdb2144-ddec-4fe8-b19e-6c292cc33308]
[2026-01-22 19:14:55]   File uploaded: 26-009-Layout-260121.csv (0.00 MB) [ID: 2bdb2144-ddec-4fe8-b19e-6c292cc33308]
[2026-01-22 19:14:55]   File uploaded: 26-009-Layout-260121.dxf (0.32 MB) [ID: 2bdb2144-ddec-4fe8-b19e-6c292cc33308]
[2026-01-22 19:14:55]   File uploaded: IMG_4.jpg (4.94 MB) [ID: 2bdb2144-ddec-4fe8-b19e-6c292cc33308]
[2026-01-22 19:14:55]   File uploaded: IMG_1.jpg (4.56 MB) [ID: 2bdb2144-ddec-4fe8-b19e-6c292cc33308]
[2026-01-22 19:14:55]   File uploaded: IMG_3.jpg (5.10 MB) [ID: 2bdb2144-ddec-4fe8-b19e-6c292cc33308]
[2026-01-22 19:14:55]   File uploaded: IMG_7.jpg (4.94 MB) [ID: 2bdb2144-ddec-4fe8-b19e-6c292cc33308]
[2026-01-22 19:14:55]   File uploaded: IMG_2.jpg (4.64 MB) [ID: 2bdb2144-ddec-4fe8-b19e-6c292cc33308]
[2026-01-22 19:14:55]   File uploaded: IMG_6.jpg (4.96 MB) [ID: 2bdb2144-ddec-4fe8-b19e-6c292cc33308]
[2026-01-22 19:14:55]   File uploaded: IMG_5.jpg (4.95 MB) [ID: 2bdb2144-ddec-4fe8-b19e-6c292cc33308]
[2026-01-22 19:14:55]   File uploaded: IMG.jpg (4.67 MB) [ID: 2bdb2144-ddec-4fe8-b19e-6c292cc33308]
[2026-01-22 19:14:55] Upload completed: 26-000-050/26-009/26-009-260121 - 16 file(s), 39.35 MB in 0.1s (491408.3 KB/s) [ID: 2bdb2144-ddec-4fe8-b19e-6c292cc33308]
[2026-01-22 19:14:55] Controller handshake initiated to /api/folders.
[2026-01-22 20:10:03] Controller handshake initiated to /api/log.
[2026-01-22 20:10:03] Controller opened data sync.
[2026-01-22 20:10:03] Controller handshake initiated to /api/folders.
[2026-01-22 20:10:03] Controller handshake initiated to /api/templates.
[2026-01-22 20:10:43] Controller handshake initiated to /api/log.
[2026-01-22 20:10:43] Controller clicked upload (26-000-050/26-009/26-009-260121/26-009-260121.job).
[2026-01-22 20:10:43] Controller handshake initiated to /api/download-file/26-000-050/26-009/26-009-260121/job_info.json.
[2026-01-22 20:11:35] Controller handshake initiated to /api/store-pending-field-status.
[2026-01-22 20:11:37] Controller handshake initiated to /api/upload-field-data-android.
[2026-01-22 20:16:08] Upload started: 26-000-050/26-009/26-009-260121 - 18 file(s) [ID: 1a06a80a-5fcb-4ca7-be6d-8b7881d928c7]
[2026-01-22 20:16:08]   File uploaded: 26-009-260121.job (0.18 MB) [ID: 1a06a80a-5fcb-4ca7-be6d-8b7881d928c7]
[2026-01-22 20:16:08]   File uploaded: 26-009-260121.csv (0.01 MB) [ID: 1a06a80a-5fcb-4ca7-be6d-8b7881d928c7]
[2026-01-22 20:16:08]   File uploaded: 26-009-260122-R2.csv (0.00 MB) [ID: 1a06a80a-5fcb-4ca7-be6d-8b7881d928c7]
[2026-01-22 20:16:08]   File uploaded: 26-009-260121-R2.csv (0.01 MB) [ID: 1a06a80a-5fcb-4ca7-be6d-8b7881d928c7]
[2026-01-22 20:16:08]   File uploaded: 26-009-260122-R3.csv (0.01 MB) [ID: 1a06a80a-5fcb-4ca7-be6d-8b7881d928c7]
[2026-01-22 20:16:08]   File uploaded: 26-009-260121.dxf (0.05 MB) [ID: 1a06a80a-5fcb-4ca7-be6d-8b7881d928c7]
[2026-01-22 20:16:08]   File uploaded: 26-009-260121-R2.dxf (0.05 MB) [ID: 1a06a80a-5fcb-4ca7-be6d-8b7881d928c7]
[2026-01-22 20:16:08]   File uploaded: 26-009-260122-R3.dxf (0.06 MB) [ID: 1a06a80a-5fcb-4ca7-be6d-8b7881d928c7]
[2026-01-22 20:16:08]   File uploaded: 26-009-Layout-260121.csv (0.00 MB) [ID: 1a06a80a-5fcb-4ca7-be6d-8b7881d928c7]
[2026-01-22 20:16:08]   File uploaded: 26-009-Layout-260121.dxf (0.32 MB) [ID: 1a06a80a-5fcb-4ca7-be6d-8b7881d928c7]
[2026-01-22 20:16:08]   File uploaded: IMG_4.jpg (4.94 MB) [ID: 1a06a80a-5fcb-4ca7-be6d-8b7881d928c7]
[2026-01-22 20:16:08]   File uploaded: IMG_1.jpg (4.56 MB) [ID: 1a06a80a-5fcb-4ca7-be6d-8b7881d928c7]
[2026-01-22 20:16:08]   File uploaded: IMG_3.jpg (5.10 MB) [ID: 1a06a80a-5fcb-4ca7-be6d-8b7881d928c7]
[2026-01-22 20:16:08]   File uploaded: IMG_7.jpg (4.94 MB) [ID: 1a06a80a-5fcb-4ca7-be6d-8b7881d928c7]
[2026-01-22 20:16:08]   File uploaded: IMG_2.jpg (4.64 MB) [ID: 1a06a80a-5fcb-4ca7-be6d-8b7881d928c7]
[2026-01-22 20:16:08]   File uploaded: IMG_6.jpg (4.96 MB) [ID: 1a06a80a-5fcb-4ca7-be6d-8b7881d928c7]
[2026-01-22 20:16:08]   File uploaded: IMG_5.jpg (4.95 MB) [ID: 1a06a80a-5fcb-4ca7-be6d-8b7881d928c7]
[2026-01-22 20:16:08]   File uploaded: IMG.jpg (4.67 MB) [ID: 1a06a80a-5fcb-4ca7-be6d-8b7881d928c7]
[2026-01-22 20:16:08] Upload completed: 26-000-050/26-009/26-009-260121 - 18 file(s), 39.43 MB in 0.0s (961377.1 KB/s) [ID: 1a06a80a-5fcb-4ca7-be6d-8b7881d928c7]
[2026-01-22 20:16:09] Controller handshake initiated to /api/folders.
[2026-01-23 06:59:46] Controller handshake initiated to /api/route.
[2026-01-23 13:27:53] Folder created: 25-200-250/25-246
[2026-01-23 13:28:16] Job created: 25-200-250/25-246/25-246-260123
[2026-01-23 13:28:17] Upload started: 25-200-250/25-246/25-246-260123 - 2 file(s) [ID: e7d375ab-f52d-4a17-afb8-4800da0a8d50]
[2026-01-23 13:28:17]   File uploaded: 25-246-Layout-260123.csv (0.00 MB) [ID: e7d375ab-f52d-4a17-afb8-4800da0a8d50]
[2026-01-23 13:28:17]   File uploaded: 25-246-Layout-260123.dxf (0.37 MB) [ID: e7d375ab-f52d-4a17-afb8-4800da0a8d50]
[2026-01-23 13:28:17] Upload completed: 25-200-250/25-246/25-246-260123 - 2 file(s), 0.37 MB in 0.0s (189064.0 KB/s) [ID: e7d375ab-f52d-4a17-afb8-4800da0a8d50]
[2026-01-23 13:38:41] Controller handshake initiated to /api/log.
[2026-01-23 13:38:41] Controller opened data sync.
[2026-01-23 13:38:41] Controller handshake initiated to /api/templates.
[2026-01-23 13:38:41] Controller handshake initiated to /api/folders.
[2026-01-23 13:39:43] Controller handshake initiated to /api/log.
[2026-01-23 13:39:43] Controller clicked download (25-200-250/25-246/25-246-260123).
[2026-01-23 13:39:43] Controller handshake initiated to /api/download-job/25-200-250/25-246/25-246-260123.
[2026-01-23 13:39:43] Controller handshake initiated to /api/download-file/25-200-250/25-246/25-246-260123/25-246-260123.job.
[2026-01-23 13:39:44] Controller handshake initiated to /api/download-file/25-200-250/25-246/25-246-260123/25-246-260123.jxl.
[2026-01-23 13:39:44] Controller handshake initiated to /api/download-file/25-200-250/25-246/25-246-260123/25-246-Layout-260123.csv.
[2026-01-23 13:39:45] Controller handshake initiated to /api/download-file/25-200-250/25-246/25-246-260123/25-246-Layout-260123.dxf.
[2026-01-23 13:39:46] Controller handshake initiated to /api/download-file/25-200-250/25-246/25-246-260123/Control%20-%20Avalon%20-%20260123.csv.
[2026-01-23 13:39:46] Controller handshake initiated to /api/download-file/25-200-250/25-246/25-246-260123/job_info.json.
[2026-01-23 14:09:23] Controller handshake initiated to /api/log.
[2026-01-23 14:09:23] Controller opened data sync.
[2026-01-23 14:09:23] Controller handshake initiated to /api/templates.
[2026-01-23 14:09:23] Controller handshake initiated to /api/folders.
[2026-01-23 14:11:29] Controller handshake initiated to /api/log.
[2026-01-23 14:11:29] Controller clicked upload (26-000-050/26-004/26-004-260114/26-004-260114.job).
[2026-01-23 14:11:29] Controller handshake initiated to /api/download-file/26-000-050/26-004/26-004-260114/job_info.json.
[2026-01-23 14:11:41] Controller handshake initiated to /api/store-pending-field-status.
[2026-01-23 14:11:42] Controller handshake initiated to /api/upload-field-data-android.
[2026-01-23 14:11:50] Upload started: 26-000-050/26-004/26-004-260114 - 13 file(s) [ID: e20975b7-3389-4d56-bfae-1cdd583e8d2e]
[2026-01-23 14:11:50]   File uploaded: 26-004-260114.job (0.11 MB) [ID: e20975b7-3389-4d56-bfae-1cdd583e8d2e]
[2026-01-23 14:11:50]   File uploaded: 26-004-260114.csv (0.01 MB) [ID: e20975b7-3389-4d56-bfae-1cdd583e8d2e]
[2026-01-23 14:11:50]   File uploaded: 26-004-Layout-260114.csv (0.00 MB) [ID: e20975b7-3389-4d56-bfae-1cdd583e8d2e]
[2026-01-23 14:11:50]   File uploaded: 26-004-Layout-260114.dxf (0.32 MB) [ID: e20975b7-3389-4d56-bfae-1cdd583e8d2e]
[2026-01-23 14:11:50]   File uploaded: IMG_4.jpg (4.62 MB) [ID: e20975b7-3389-4d56-bfae-1cdd583e8d2e]
[2026-01-23 14:11:50]   File uploaded: IMG_5.jpg (4.90 MB) [ID: e20975b7-3389-4d56-bfae-1cdd583e8d2e]
[2026-01-23 14:11:50]   File uploaded: IMG_3.jpg (4.87 MB) [ID: e20975b7-3389-4d56-bfae-1cdd583e8d2e]
[2026-01-23 14:11:50]   File uploaded: IMG_2.jpg (5.06 MB) [ID: e20975b7-3389-4d56-bfae-1cdd583e8d2e]
[2026-01-23 14:11:50]   File uploaded: IMG.jpg (5.86 MB) [ID: e20975b7-3389-4d56-bfae-1cdd583e8d2e]
[2026-01-23 14:11:50]   File uploaded: IMG_7.jpg (5.09 MB) [ID: e20975b7-3389-4d56-bfae-1cdd583e8d2e]
[2026-01-23 14:11:50]   File uploaded: IMG_8.jpg (4.82 MB) [ID: e20975b7-3389-4d56-bfae-1cdd583e8d2e]
[2026-01-23 14:11:50]   File uploaded: IMG_1.jpg (5.21 MB) [ID: e20975b7-3389-4d56-bfae-1cdd583e8d2e]
[2026-01-23 14:11:50]   File uploaded: IMG_6.jpg (4.60 MB) [ID: e20975b7-3389-4d56-bfae-1cdd583e8d2e]
[2026-01-23 14:11:50] Upload completed: 26-000-050/26-004/26-004-260114 - 13 file(s), 45.46 MB in 0.1s (895149.7 KB/s) [ID: e20975b7-3389-4d56-bfae-1cdd583e8d2e]
[2026-01-23 14:11:50] Controller handshake initiated to /api/folders.
[2026-01-23 14:18:20] Controller handshake initiated to /api/log.
[2026-01-23 14:18:20] Controller opened data sync.
[2026-01-23 14:18:20] Controller handshake initiated to /api/templates.
[2026-01-23 14:18:20] Controller handshake initiated to /api/folders.
[2026-01-23 14:19:29] Controller handshake initiated to /api/download-file/25-200-250/25-246/25-246-260123/job_info.json.
[2026-01-23 14:19:29] Controller handshake initiated to /api/log.
[2026-01-23 14:19:29] Controller clicked upload (25-200-250/25-246/25-246-260123/25-246-260123.job).
[2026-01-23 14:19:45] Controller handshake initiated to /api/store-pending-field-status.
[2026-01-23 14:19:46] Controller handshake initiated to /api/upload-field-data-android.
[2026-01-23 14:19:58] Upload started: 25-200-250/25-246/25-246-260123 - 7 file(s) [ID: b5b05269-540e-4a89-8c55-7e26160343fe]
[2026-01-23 14:19:58]   File uploaded: 25-246-260123.job (0.03 MB) [ID: b5b05269-540e-4a89-8c55-7e26160343fe]
[2026-01-23 14:19:58]   File uploaded: 25-246-260123.dxf (0.04 MB) [ID: b5b05269-540e-4a89-8c55-7e26160343fe]
[2026-01-23 14:19:58]   File uploaded: 25-246-Layout-260123.dxf (0.37 MB) [ID: b5b05269-540e-4a89-8c55-7e26160343fe]
[2026-01-23 14:19:58]   File uploaded: 25-246-Layout-260123.csv (0.00 MB) [ID: b5b05269-540e-4a89-8c55-7e26160343fe]
[2026-01-23 14:19:58]   File uploaded: IMG_2.jpg (5.81 MB) [ID: b5b05269-540e-4a89-8c55-7e26160343fe]
[2026-01-23 14:19:58]   File uploaded: IMG_1.jpg (6.05 MB) [ID: b5b05269-540e-4a89-8c55-7e26160343fe]
[2026-01-23 14:19:58]   File uploaded: IMG.jpg (5.87 MB) [ID: b5b05269-540e-4a89-8c55-7e26160343fe]
[2026-01-23 14:19:58] Upload completed: 25-200-250/25-246/25-246-260123 - 7 file(s), 18.17 MB in 0.0s (641464.2 KB/s) [ID: b5b05269-540e-4a89-8c55-7e26160343fe]
[2026-01-23 14:19:58] Controller handshake initiated to /api/folders.
[2026-01-23 14:26:59] Controller handshake initiated to /api/log.
[2026-01-23 14:26:59] Controller opened data sync.
[2026-01-23 14:26:59] Controller handshake initiated to /api/folders.
[2026-01-23 14:26:59] Controller handshake initiated to /api/templates.
[2026-01-23 14:27:46] Controller handshake initiated to /api/log.
[2026-01-23 14:27:46] Controller clicked upload (26-000-050/26-004/26-004-260114/26-004-260114.job).
[2026-01-23 14:27:46] Controller handshake initiated to /api/download-file/26-000-050/26-004/26-004-260114/job_info.json.
[2026-01-23 14:27:50] Controller handshake initiated to /api/store-pending-field-status.
[2026-01-23 14:27:50] Controller handshake initiated to /api/upload-field-data-android.
[2026-01-23 14:27:59] Upload started: 26-000-050/26-004/26-004-260114 - 13 file(s) [ID: d5fcadbd-6038-48fa-b59a-d2084c3a6e78]
[2026-01-23 14:27:59]   File uploaded: 26-004-260114.job (0.11 MB) [ID: d5fcadbd-6038-48fa-b59a-d2084c3a6e78]
[2026-01-23 14:27:59]   File uploaded: 26-004-260114.csv (0.01 MB) [ID: d5fcadbd-6038-48fa-b59a-d2084c3a6e78]
[2026-01-23 14:27:59]   File uploaded: 26-004-Layout-260114.csv (0.00 MB) [ID: d5fcadbd-6038-48fa-b59a-d2084c3a6e78]
[2026-01-23 14:27:59]   File uploaded: 26-004-Layout-260114.dxf (0.32 MB) [ID: d5fcadbd-6038-48fa-b59a-d2084c3a6e78]
[2026-01-23 14:27:59]   File uploaded: IMG_4.jpg (4.62 MB) [ID: d5fcadbd-6038-48fa-b59a-d2084c3a6e78]
[2026-01-23 14:27:59]   File uploaded: IMG_5.jpg (4.90 MB) [ID: d5fcadbd-6038-48fa-b59a-d2084c3a6e78]
[2026-01-23 14:27:59]   File uploaded: IMG_3.jpg (4.87 MB) [ID: d5fcadbd-6038-48fa-b59a-d2084c3a6e78]
[2026-01-23 14:28:00]   File uploaded: IMG_2.jpg (5.06 MB) [ID: d5fcadbd-6038-48fa-b59a-d2084c3a6e78]
[2026-01-23 14:28:00]   File uploaded: IMG.jpg (5.86 MB) [ID: d5fcadbd-6038-48fa-b59a-d2084c3a6e78]
[2026-01-23 14:28:00]   File uploaded: IMG_7.jpg (5.09 MB) [ID: d5fcadbd-6038-48fa-b59a-d2084c3a6e78]
[2026-01-23 14:28:00]   File uploaded: IMG_8.jpg (4.82 MB) [ID: d5fcadbd-6038-48fa-b59a-d2084c3a6e78]
[2026-01-23 14:28:00]   File uploaded: IMG_1.jpg (5.21 MB) [ID: d5fcadbd-6038-48fa-b59a-d2084c3a6e78]
[2026-01-23 14:28:00]   File uploaded: IMG_6.jpg (4.60 MB) [ID: d5fcadbd-6038-48fa-b59a-d2084c3a6e78]
[2026-01-23 14:28:00] Upload completed: 26-000-050/26-004/26-004-260114 - 13 file(s), 45.46 MB in 0.1s (517197.6 KB/s) [ID: d5fcadbd-6038-48fa-b59a-d2084c3a6e78]
[2026-01-23 14:28:00] Controller handshake initiated to /api/folders.
[2026-01-23 14:33:10] Controller handshake initiated to /api/log.
[2026-01-23 14:33:10] Controller opened data sync.
[2026-01-23 14:33:10] Controller handshake initiated to /api/templates.
[2026-01-23 14:33:10] Controller handshake initiated to /api/folders.
[2026-01-23 14:34:04] Controller handshake initiated to /api/log.
[2026-01-23 14:34:04] Controller clicked upload (25-200-250/25-246/25-246-260123/25-246-260123.job).
[2026-01-23 14:34:04] Controller handshake initiated to /api/download-file/25-200-250/25-246/25-246-260123/job_info.json.
[2026-01-23 14:34:17] Controller handshake initiated to /api/store-pending-field-status.
[2026-01-23 14:34:19] Controller handshake initiated to /api/upload-field-data-android.
[2026-01-23 14:34:32] Upload started: 25-200-250/25-246/25-246-260123 - 9 file(s) [ID: 3d6ca69d-9a56-4f7d-b881-2cf29f76ecbd]
[2026-01-23 14:34:32]   File uploaded: 25-246-260123.job (0.04 MB) [ID: 3d6ca69d-9a56-4f7d-b881-2cf29f76ecbd]
[2026-01-23 14:34:32]   File uploaded: 25-246-260123.csv (0.00 MB) [ID: 3d6ca69d-9a56-4f7d-b881-2cf29f76ecbd]
[2026-01-23 14:34:32]   File uploaded: 25-246-260123.dxf (0.04 MB) [ID: 3d6ca69d-9a56-4f7d-b881-2cf29f76ecbd]
[2026-01-23 14:34:32]   File uploaded: 25-246-Layout-260123.dxf (0.37 MB) [ID: 3d6ca69d-9a56-4f7d-b881-2cf29f76ecbd]
[2026-01-23 14:34:32]   File uploaded: 25-246-Layout-260123.csv (0.00 MB) [ID: 3d6ca69d-9a56-4f7d-b881-2cf29f76ecbd]
[2026-01-23 14:34:32]   File uploaded: IMG_2.jpg (5.81 MB) [ID: 3d6ca69d-9a56-4f7d-b881-2cf29f76ecbd]
[2026-01-23 14:34:32]   File uploaded: IMG_1.jpg (6.05 MB) [ID: 3d6ca69d-9a56-4f7d-b881-2cf29f76ecbd]
[2026-01-23 14:34:32]   File uploaded: IMG_3.jpg (7.33 MB) [ID: 3d6ca69d-9a56-4f7d-b881-2cf29f76ecbd]
[2026-01-23 14:34:32]   File uploaded: IMG.jpg (5.87 MB) [ID: 3d6ca69d-9a56-4f7d-b881-2cf29f76ecbd]
[2026-01-23 14:34:32] Upload completed: 25-200-250/25-246/25-246-260123 - 9 file(s), 25.51 MB in 0.1s (373115.6 KB/s) [ID: 3d6ca69d-9a56-4f7d-b881-2cf29f76ecbd]
[2026-01-23 14:34:33] Controller handshake initiated to /api/folders.
[2026-01-23 14:52:31] Controller handshake initiated to /api/log.
[2026-01-23 14:52:31] Controller opened data sync.
[2026-01-23 14:52:31] Controller handshake initiated to /api/templates.
[2026-01-23 14:52:31] Controller handshake initiated to /api/folders.
[2026-01-23 14:53:17] Controller handshake initiated to /api/log.
[2026-01-23 14:53:17] Controller clicked download (26-000-050/26-008/26-008-260120).
[2026-01-23 14:53:17] Controller handshake initiated to /api/download-job/26-000-050/26-008/26-008-260120.
[2026-01-23 14:53:17] Controller handshake initiated to /api/download-file/26-000-050/26-008/26-008-260120/26-008-260120.job.
[2026-01-23 14:53:17] Controller handshake initiated to /api/download-file/26-000-050/26-008/26-008-260120/26-008-260120.jxl.
[2026-01-23 14:53:17] Controller handshake initiated to /api/download-file/26-000-050/26-008/26-008-260120/26-008-Layout-260120-R1.csv.
[2026-01-23 14:53:17] Controller handshake initiated to /api/download-file/26-000-050/26-008/26-008-260120/26-008-Layout-260120-R1.dxf.
[2026-01-23 14:53:18] Controller handshake initiated to /api/download-file/26-000-050/26-008/26-008-260120/26-008-Layout-260120.csv.
[2026-01-23 14:53:18] Controller handshake initiated to /api/download-file/26-000-050/26-008/26-008-260120/26-008-Layout-260120.dxf.
[2026-01-23 14:53:18] Controller handshake initiated to /api/download-file/26-000-050/26-008/26-008-260120/Control%20-%20Avalon%20-%20260120.csv.
[2026-01-23 14:53:18] Controller handshake initiated to /api/download-file/26-000-050/26-008/26-008-260120/Field_Data/260120-0536PM/26-008-260120-R1.csv.
[2026-01-23 14:53:18] Controller handshake initiated to /api/download-file/26-000-050/26-008/26-008-260120/Field_Data/260120-0536PM/26-008-260120-R1.dxf.
[2026-01-23 14:53:18] Controller handshake initiated to /api/download-file/26-000-050/26-008/26-008-260120/Field_Data/260120-0536PM/26-008-260120.csv.
[2026-01-23 14:53:18] Controller handshake initiated to /api/download-file/26-000-050/26-008/26-008-260120/Field_Data/260120-0536PM/26-008-260120.dxf.
[2026-01-23 14:53:18] Controller handshake initiated to /api/download-file/26-000-050/26-008/26-008-260120/Field_Data/260120-0536PM/26-008-260120.job.
[2026-01-23 14:53:18] Controller handshake initiated to /api/download-file/26-000-050/26-008/26-008-260120/Field_Data/260120-0536PM/26-008-Layout-260120-R1.csv.
[2026-01-23 14:53:18] Controller handshake initiated to /api/download-file/26-000-050/26-008/26-008-260120/Field_Data/260120-0536PM/26-008-Layout-260120-R1.dxf.
[2026-01-23 14:53:18] Controller handshake initiated to /api/download-file/26-000-050/26-008/26-008-260120/Field_Data/260120-0536PM/26-008-Layout-260120.csv.
[2026-01-23 14:53:18] Controller handshake initiated to /api/download-file/26-000-050/26-008/26-008-260120/Field_Data/260120-0536PM/26-008-Layout-260120.dxf.
[2026-01-23 14:53:19] Controller handshake initiated to /api/download-file/26-000-050/26-008/26-008-260120/Field_Data/260120-0536PM/@eaDir/IMG.jpg/SYNOFILE_THUMB_S.jpg.
[2026-01-23 14:53:19] Controller handshake initiated to /api/download-file/26-000-050/26-008/26-008-260120/Field_Data/260120-0536PM/@eaDir/IMG_1.jpg/SYNOFILE_THUMB_S.jpg.
[2026-01-23 14:53:19] Controller handshake initiated to /api/download-file/26-000-050/26-008/26-008-260120/Field_Data/260120-0536PM/@eaDir/IMG_2.jpg/SYNOFILE_THUMB_S.jpg.
[2026-01-23 14:53:19] Controller handshake initiated to /api/download-file/26-000-050/26-008/26-008-260120/Field_Data/260120-0536PM/@eaDir/IMG_3.jpg/SYNOFILE_THUMB_S.jpg.
[2026-01-23 14:53:19] Controller handshake initiated to /api/download-file/26-000-050/26-008/26-008-260120/Field_Data/260120-0536PM/@eaDir/IMG_4.jpg/SYNOFILE_THUMB_S.jpg.
[2026-01-23 14:53:19] Controller handshake initiated to /api/download-file/26-000-050/26-008/26-008-260120/Field_Data/260120-0536PM/@eaDir/IMG_5.jpg/SYNOFILE_THUMB_S.jpg.
[2026-01-23 14:53:19] Controller handshake initiated to /api/download-file/26-000-050/26-008/26-008-260120/Field_Data/260120-0536PM/IMG.jpg.
[2026-01-23 14:53:20] Controller handshake initiated to /api/download-file/26-000-050/26-008/26-008-260120/Field_Data/260120-0536PM/IMG_1.jpg.
[2026-01-23 14:53:21] Controller handshake initiated to /api/download-file/26-000-050/26-008/26-008-260120/Field_Data/260120-0536PM/IMG_2.jpg.
[2026-01-23 14:53:22] Controller handshake initiated to /api/download-file/26-000-050/26-008/26-008-260120/Field_Data/260120-0536PM/IMG_3.jpg.
[2026-01-23 14:53:23] Controller handshake initiated to /api/download-file/26-000-050/26-008/26-008-260120/Field_Data/260120-0536PM/IMG_4.jpg.
[2026-01-23 14:53:24] Controller handshake initiated to /api/download-file/26-000-050/26-008/26-008-260120/Field_Data/260120-0536PM/IMG_5.jpg.
[2026-01-23 14:53:25] Controller handshake initiated to /api/download-file/26-000-050/26-008/26-008-260120/Field_Data/260120-0536PM/field_status.json.
[2026-01-23 14:53:25] Controller handshake initiated to /api/download-file/26-000-050/26-008/26-008-260120/Field_Data/260120-1232PM/26-008-260120.csv.
[2026-01-23 14:53:25] Controller handshake initiated to /api/download-file/26-000-050/26-008/26-008-260120/Field_Data/260120-1232PM/26-008-260120.dxf.
[2026-01-23 14:53:25] Controller handshake initiated to /api/download-file/26-000-050/26-008/26-008-260120/Field_Data/260120-1232PM/26-008-260120.job.
[2026-01-23 14:53:26] Controller handshake initiated to /api/download-file/26-000-050/26-008/26-008-260120/Field_Data/260120-1232PM/26-008-Layout-260120-R1.csv.
[2026-01-23 14:53:26] Controller handshake initiated to /api/download-file/26-000-050/26-008/26-008-260120/Field_Data/260120-1232PM/26-008-Layout-260120-R1.dxf.
[2026-01-23 14:53:26] Controller handshake initiated to /api/download-file/26-000-050/26-008/26-008-260120/Field_Data/260120-1232PM/26-008-Layout-260120.csv.
[2026-01-23 14:53:26] Controller handshake initiated to /api/download-file/26-000-050/26-008/26-008-260120/Field_Data/260120-1232PM/26-008-Layout-260120.dxf.
[2026-01-23 14:53:26] Controller handshake initiated to /api/download-file/26-000-050/26-008/26-008-260120/Field_Data/260120-1232PM/IMG.jpg.
[2026-01-23 14:53:27] Controller handshake initiated to /api/download-file/26-000-050/26-008/26-008-260120/Field_Data/260120-1232PM/IMG_1.jpg.
[2026-01-23 14:53:28] Controller handshake initiated to /api/download-file/26-000-050/26-008/26-008-260120/Field_Data/260120-1232PM/IMG_2.jpg.
[2026-01-23 14:53:29] Controller handshake initiated to /api/download-file/26-000-050/26-008/26-008-260120/Field_Data/260120-1232PM/IMG_3.jpg.
[2026-01-23 14:53:30] Controller handshake initiated to /api/download-file/26-000-050/26-008/26-008-260120/Field_Data/260120-1232PM/IMG_4.jpg.
[2026-01-23 14:53:31] Controller handshake initiated to /api/download-file/26-000-050/26-008/26-008-260120/Field_Data/260120-1232PM/IMG_5.jpg.
[2026-01-23 14:53:33] Controller handshake initiated to /api/download-file/26-000-050/26-008/26-008-260120/job_info.json.
[2026-01-23 14:53:46] Controller handshake initiated to /api/log.
[2026-01-23 14:53:46] Controller opened data sync.
[2026-01-23 14:53:46] Controller handshake initiated to /api/folders.
[2026-01-23 14:53:46] Controller handshake initiated to /api/templates.
[2026-01-23 14:54:45] Controller handshake initiated to /api/log.
[2026-01-23 14:54:45] Controller clicked upload (26-000-050/26-004/26-004-260114/26-004-260114.job).
[2026-01-23 14:54:45] Controller handshake initiated to /api/download-file/26-000-050/26-004/26-004-260114/job_info.json.
[2026-01-23 14:54:48] Controller handshake initiated to /api/store-pending-field-status.
[2026-01-23 14:54:48] Controller handshake initiated to /api/upload-field-data-android.
[2026-01-23 14:54:57] Upload started: 26-000-050/26-004/26-004-260114 - 13 file(s) [ID: 6d846a35-c796-4481-889b-f3e2bdff63d6]
[2026-01-23 14:54:57] File upload attempted but failed (26-000-050/26-004/26-004-260114/26-004-260114.job) [ID: 6d846a35-c796-4481-889b-f3e2bdff63d6]: EXDEV: cross-device link not permitted, rename '/tmp/uploads/6d846a35-c796-4481-889b-f3e2bdff63d6/26-004-260114.job' -> '/data/office/26-000-050/26-004/26-004-260114/Field_Data/260123-1124AM/26-004-260114.job'
[2026-01-23 14:59:01] Controller handshake initiated to /api/log.
[2026-01-23 14:59:01] Controller opened data sync.
[2026-01-23 14:59:01] Controller handshake initiated to /api/templates.
[2026-01-23 14:59:01] Controller handshake initiated to /api/folders.
[2026-01-23 14:59:44] Controller handshake initiated to /api/log.
[2026-01-23 14:59:44] Controller clicked download (25-200-250/25-248/25-248-251222).
[2026-01-23 14:59:44] Controller handshake initiated to /api/download-job/25-200-250/25-248/25-248-251222.
[2026-01-23 14:59:44] Controller handshake initiated to /api/download-file/25-200-250/25-248/25-248-251222/25-248-251222.jxl.
[2026-01-23 14:59:44] Controller handshake initiated to /api/download-file/25-200-250/25-248/25-248-251222/25-248-Layout-251222.csv.
[2026-01-23 14:59:44] Controller handshake initiated to /api/download-file/25-200-250/25-248/25-248-251222/25-248-Layout-251222.dxf.
[2026-01-23 14:59:45] Controller handshake initiated to /api/download-file/25-200-250/25-248/25-248-251222/Control%20-%20Avalon%20-%20251222.csv.
[2026-01-23 14:59:45] Controller handshake initiated to /api/download-file/25-200-250/25-248/25-248-251222/Field_Data/010526-0518PM/25-248-251222.job.
[2026-01-23 14:59:45] Controller handshake initiated to /api/download-file/25-200-250/25-248/25-248-251222/Field_Data/010526-0518PM/25-248-260105.csv.
[2026-01-23 14:59:45] Controller handshake initiated to /api/download-file/25-200-250/25-248/25-248-251222/Field_Data/010526-0518PM/25-248-260105.dxf.
[2026-01-23 14:59:45] Controller handshake initiated to /api/download-file/25-200-250/25-248/25-248-251222/Field_Data/010526-0518PM/25-248-Layout-251222.csv.
[2026-01-23 14:59:45] Controller handshake initiated to /api/download-file/25-200-250/25-248/25-248-251222/Field_Data/010526-0518PM/25-248-Layout-251222.dxf.
[2026-01-23 14:59:45] Controller handshake initiated to /api/download-file/25-200-250/25-248/25-248-251222/Field_Data/010526-0518PM/IMG.jpg.
[2026-01-23 14:59:46] Controller handshake initiated to /api/download-file/25-200-250/25-248/25-248-251222/Field_Data/010526-0518PM/IMG_1.jpg.
[2026-01-23 14:59:47] Controller handshake initiated to /api/download-file/25-200-250/25-248/25-248-251222/Field_Data/010526-0518PM/IMG_2.jpg.
[2026-01-23 14:59:48] Controller handshake initiated to /api/download-file/25-200-250/25-248/25-248-251222/Field_Data/010526-0518PM/IMG_3.jpg.
[2026-01-23 14:59:48] Controller handshake initiated to /api/download-file/25-200-250/25-248/25-248-251222/Field_Data/010626-0122PM/25-248-250106.csv.
[2026-01-23 14:59:48] Controller handshake initiated to /api/download-file/25-200-250/25-248/25-248-251222/Field_Data/010626-0122PM/25-248-251222.job.
[2026-01-23 14:59:49] Controller handshake initiated to /api/download-file/25-200-250/25-248/25-248-251222/Field_Data/010626-0122PM/25-248-260105.csv.
[2026-01-23 14:59:49] Controller handshake initiated to /api/download-file/25-200-250/25-248/25-248-251222/Field_Data/010626-0122PM/25-248-260105.dxf.
[2026-01-23 14:59:49] Controller handshake initiated to /api/download-file/25-200-250/25-248/25-248-251222/Field_Data/010626-0122PM/25-248-Layout-251222.csv.
[2026-01-23 14:59:49] Controller handshake initiated to /api/download-file/25-200-250/25-248/25-248-251222/Field_Data/010626-0122PM/25-248-Layout-251222.dxf.
[2026-01-23 14:59:49] Controller handshake initiated to /api/download-file/25-200-250/25-248/25-248-251222/Field_Data/010626-0122PM/IMG.jpg.
[2026-01-23 14:59:50] Controller handshake initiated to /api/download-file/25-200-250/25-248/25-248-251222/Field_Data/010626-0122PM/IMG_1.jpg.
[2026-01-23 14:59:50] Controller handshake initiated to /api/download-file/25-200-250/25-248/25-248-251222/Field_Data/010626-0122PM/IMG_2.jpg.
[2026-01-23 14:59:51] Controller handshake initiated to /api/download-file/25-200-250/25-248/25-248-251222/Field_Data/010626-0122PM/IMG_3.jpg.
[2026-01-23 14:59:52] Controller handshake initiated to /api/download-file/25-200-250/25-248/25-248-251222/job_info.json.
[2026-01-23 15:00:03] Controller handshake initiated to /api/log.
[2026-01-23 15:00:03] Controller opened data sync.
[2026-01-23 15:00:03] Controller handshake initiated to /api/folders.
[2026-01-23 15:00:03] Controller handshake initiated to /api/templates.
[2026-01-23 15:00:53] Controller handshake initiated to /api/log.
[2026-01-23 15:00:53] Controller clicked upload (26-000-050/26-004/26-004-260114/26-004-260114.job).
[2026-01-23 15:00:53] Controller handshake initiated to /api/download-file/26-000-050/26-004/26-004-260114/job_info.json.
[2026-01-23 15:00:55] Controller handshake initiated to /api/store-pending-field-status.
[2026-01-23 15:00:56] Controller handshake initiated to /api/upload-field-data-android.
[2026-01-23 15:01:04] Upload started: 26-000-050/26-004/26-004-260114 - 13 file(s) [ID: c61db60a-72aa-4c64-8e35-fdaddf693d6a]
[2026-01-23 15:01:04]   File uploaded: 26-004-260114.job (0.11 MB) [ID: c61db60a-72aa-4c64-8e35-fdaddf693d6a]
[2026-01-23 15:01:04]   File uploaded: 26-004-260114.csv (0.01 MB) [ID: c61db60a-72aa-4c64-8e35-fdaddf693d6a]
[2026-01-23 15:01:04]   File uploaded: 26-004-Layout-260114.csv (0.00 MB) [ID: c61db60a-72aa-4c64-8e35-fdaddf693d6a]
[2026-01-23 15:01:04]   File uploaded: 26-004-Layout-260114.dxf (0.32 MB) [ID: c61db60a-72aa-4c64-8e35-fdaddf693d6a]
[2026-01-23 15:01:04]   File uploaded: IMG_4.jpg (4.62 MB) [ID: c61db60a-72aa-4c64-8e35-fdaddf693d6a]
[2026-01-23 15:01:04]   File uploaded: IMG_5.jpg (4.90 MB) [ID: c61db60a-72aa-4c64-8e35-fdaddf693d6a]
[2026-01-23 15:01:04]   File uploaded: IMG_3.jpg (4.87 MB) [ID: c61db60a-72aa-4c64-8e35-fdaddf693d6a]
[2026-01-23 15:01:04]   File uploaded: IMG_2.jpg (5.06 MB) [ID: c61db60a-72aa-4c64-8e35-fdaddf693d6a]
[2026-01-23 15:01:04]   File uploaded: IMG.jpg (5.86 MB) [ID: c61db60a-72aa-4c64-8e35-fdaddf693d6a]
[2026-01-23 15:01:04]   File uploaded: IMG_7.jpg (5.09 MB) [ID: c61db60a-72aa-4c64-8e35-fdaddf693d6a]
[2026-01-23 15:01:04]   File uploaded: IMG_8.jpg (4.82 MB) [ID: c61db60a-72aa-4c64-8e35-fdaddf693d6a]
[2026-01-23 15:01:04]   File uploaded: IMG_1.jpg (5.21 MB) [ID: c61db60a-72aa-4c64-8e35-fdaddf693d6a]
[2026-01-23 15:01:04]   File uploaded: IMG_6.jpg (4.60 MB) [ID: c61db60a-72aa-4c64-8e35-fdaddf693d6a]
[2026-01-23 15:01:04] Upload completed: 26-000-050/26-004/26-004-260114 - 13 file(s), 45.46 MB in 0.3s (175652.0 KB/s) [ID: c61db60a-72aa-4c64-8e35-fdaddf693d6a]
[2026-01-23 15:01:04] Controller handshake initiated to /api/folders.
[2026-01-23 16:01:19] Controller handshake initiated to /api/log.
[2026-01-23 16:01:19] Controller opened data sync.
[2026-01-23 16:01:19] Controller handshake initiated to /api/folders.
[2026-01-23 16:01:19] Controller handshake initiated to /api/templates.
[2026-01-23 16:02:15] Controller handshake initiated to /api/log.
[2026-01-23 16:02:15] Controller clicked upload (25-200-250/25-246/25-246-260123/25-246-260123.job).
[2026-01-23 16:02:15] Controller handshake initiated to /api/download-file/25-200-250/25-246/25-246-260123/job_info.json.
[2026-01-23 16:02:22] Controller handshake initiated to /api/store-pending-field-status.
[2026-01-23 16:02:24] Controller handshake initiated to /api/upload-field-data-android.
[2026-01-23 16:03:15] Upload started: 25-200-250/25-246/25-246-260123 - 12 file(s) [ID: a089aec4-9949-4eeb-a67b-2a87321443ca]
[2026-01-23 16:03:15]   File uploaded: 25-246-260123.job (0.06 MB) [ID: a089aec4-9949-4eeb-a67b-2a87321443ca]
[2026-01-23 16:03:15]   File uploaded: 25-246-260123.csv (0.00 MB) [ID: a089aec4-9949-4eeb-a67b-2a87321443ca]
[2026-01-23 16:03:15]   File uploaded: 25-246-260123.dxf (0.04 MB) [ID: a089aec4-9949-4eeb-a67b-2a87321443ca]
[2026-01-23 16:03:15]   File uploaded: 25-246-260123-R1.csv (0.00 MB) [ID: a089aec4-9949-4eeb-a67b-2a87321443ca]
[2026-01-23 16:03:15]   File uploaded: 25-246-Layout-260123.dxf (0.37 MB) [ID: a089aec4-9949-4eeb-a67b-2a87321443ca]
[2026-01-23 16:03:15]   File uploaded: 25-246-Layout-260123.csv (0.00 MB) [ID: a089aec4-9949-4eeb-a67b-2a87321443ca]
[2026-01-23 16:03:15]   File uploaded: IMG_2.jpg (5.81 MB) [ID: a089aec4-9949-4eeb-a67b-2a87321443ca]
[2026-01-23 16:03:15]   File uploaded: IMG_1.jpg (6.05 MB) [ID: a089aec4-9949-4eeb-a67b-2a87321443ca]
[2026-01-23 16:03:15]   File uploaded: IMG_3.jpg (7.33 MB) [ID: a089aec4-9949-4eeb-a67b-2a87321443ca]
[2026-01-23 16:03:15]   File uploaded: IMG_4.jpg (7.86 MB) [ID: a089aec4-9949-4eeb-a67b-2a87321443ca]
[2026-01-23 16:03:15]   File uploaded: IMG_5.jpg (5.99 MB) [ID: a089aec4-9949-4eeb-a67b-2a87321443ca]
[2026-01-23 16:03:15]   File uploaded: IMG.jpg (5.87 MB) [ID: a089aec4-9949-4eeb-a67b-2a87321443ca]
[2026-01-23 16:03:15] Upload completed: 25-200-250/25-246/25-246-260123 - 12 file(s), 39.39 MB in 0.2s (179261.8 KB/s) [ID: a089aec4-9949-4eeb-a67b-2a87321443ca]
[2026-01-23 16:03:15] Controller handshake initiated to /api/folders.
[2026-01-23 16:25:13] Controller handshake initiated to /api/log.
[2026-01-23 16:25:13] Controller opened data sync.
[2026-01-23 16:25:13] Controller handshake initiated to /api/folders.
[2026-01-23 16:25:13] Controller handshake initiated to /api/templates.
[2026-01-23 16:26:13] Controller handshake initiated to /api/log.
[2026-01-23 16:26:13] Controller clicked upload (25-200-250/25-246/25-246-260123/25-246-260123.job).
[2026-01-23 16:26:13] Controller handshake initiated to /api/download-file/25-200-250/25-246/25-246-260123/job_info.json.
[2026-01-23 16:26:22] Controller handshake initiated to /api/store-pending-field-status.
[2026-01-23 16:26:23] Controller handshake initiated to /api/upload-field-data-android.
[2026-01-23 16:29:02] Upload started: 25-200-250/25-246/25-246-260123 - 14 file(s) [ID: f1114d33-b4db-4cd0-9b4c-4a4a264cef76]
[2026-01-23 16:29:02]   File uploaded: 25-246-260123.job (0.09 MB) [ID: f1114d33-b4db-4cd0-9b4c-4a4a264cef76]
[2026-01-23 16:29:02]   File uploaded: 25-246-260123.csv (0.00 MB) [ID: f1114d33-b4db-4cd0-9b4c-4a4a264cef76]
[2026-01-23 16:29:02]   File uploaded: 25-246-260123.dxf (0.04 MB) [ID: f1114d33-b4db-4cd0-9b4c-4a4a264cef76]
[2026-01-23 16:29:02]   File uploaded: 25-246-260123-R2.dxf (0.04 MB) [ID: f1114d33-b4db-4cd0-9b4c-4a4a264cef76]
[2026-01-23 16:29:02]   File uploaded: 25-246-260123-R1.csv (0.00 MB) [ID: f1114d33-b4db-4cd0-9b4c-4a4a264cef76]
[2026-01-23 16:29:02]   File uploaded: 25-246-260123-R2.csv (0.00 MB) [ID: f1114d33-b4db-4cd0-9b4c-4a4a264cef76]
[2026-01-23 16:29:02]   File uploaded: 25-246-Layout-260123.dxf (0.37 MB) [ID: f1114d33-b4db-4cd0-9b4c-4a4a264cef76]
[2026-01-23 16:29:02]   File uploaded: 25-246-Layout-260123.csv (0.00 MB) [ID: f1114d33-b4db-4cd0-9b4c-4a4a264cef76]
[2026-01-23 16:29:02]   File uploaded: IMG_2.jpg (5.81 MB) [ID: f1114d33-b4db-4cd0-9b4c-4a4a264cef76]
[2026-01-23 16:29:02]   File uploaded: IMG_1.jpg (6.05 MB) [ID: f1114d33-b4db-4cd0-9b4c-4a4a264cef76]
[2026-01-23 16:29:02]   File uploaded: IMG_3.jpg (7.33 MB) [ID: f1114d33-b4db-4cd0-9b4c-4a4a264cef76]
[2026-01-23 16:29:03]   File uploaded: IMG_4.jpg (7.86 MB) [ID: f1114d33-b4db-4cd0-9b4c-4a4a264cef76]
[2026-01-23 16:29:03]   File uploaded: IMG_5.jpg (5.99 MB) [ID: f1114d33-b4db-4cd0-9b4c-4a4a264cef76]
[2026-01-23 16:29:03]   File uploaded: IMG.jpg (5.87 MB) [ID: f1114d33-b4db-4cd0-9b4c-4a4a264cef76]
[2026-01-23 16:29:03] Upload completed: 25-200-250/25-246/25-246-260123 - 14 file(s), 39.46 MB in 0.2s (183648.4 KB/s) [ID: f1114d33-b4db-4cd0-9b4c-4a4a264cef76]
[2026-01-23 16:29:04] Controller handshake initiated to /api/folders.
[2026-01-23 18:48:56] Controller handshake initiated to /api/log.
[2026-01-23 18:48:56] Controller opened data sync.
[2026-01-23 18:48:56] Controller handshake initiated to /api/templates.
[2026-01-23 18:48:56] Controller handshake initiated to /api/folders.
[2026-01-23 18:49:54] Controller handshake initiated to /api/log.
[2026-01-23 18:49:54] Controller clicked upload (25-200-250/25-246/25-246-260123/25-246-260123.job).
[2026-01-23 18:49:54] Controller handshake initiated to /api/download-file/25-200-250/25-246/25-246-260123/job_info.json.
[2026-01-23 18:51:48] Controller handshake initiated to /api/store-pending-field-status.
[2026-01-23 18:51:50] Controller handshake initiated to /api/upload-field-data-android.
[2026-01-23 18:54:37] Upload started: 25-200-250/25-246/25-246-260123 - 21 file(s) [ID: 57be9d7f-db6d-44f4-b13b-ebddd4c3aa9e]
[2026-01-23 18:54:37]   File uploaded: 25-246-260123.job (0.11 MB) [ID: 57be9d7f-db6d-44f4-b13b-ebddd4c3aa9e]
[2026-01-23 18:54:37]   File uploaded: 25-246-260123-R3.csv (0.00 MB) [ID: 57be9d7f-db6d-44f4-b13b-ebddd4c3aa9e]
[2026-01-23 18:54:37]   File uploaded: 25-246-260123.csv (0.00 MB) [ID: 57be9d7f-db6d-44f4-b13b-ebddd4c3aa9e]
[2026-01-23 18:54:37]   File uploaded: 25-246-260123.dxf (0.04 MB) [ID: 57be9d7f-db6d-44f4-b13b-ebddd4c3aa9e]
[2026-01-23 18:54:37]   File uploaded: 25-246-260123-R2.dxf (0.04 MB) [ID: 57be9d7f-db6d-44f4-b13b-ebddd4c3aa9e]
[2026-01-23 18:54:37]   File uploaded: 25-246-260123-R1.csv (0.00 MB) [ID: 57be9d7f-db6d-44f4-b13b-ebddd4c3aa9e]
[2026-01-23 18:54:37]   File uploaded: 25-246-260123-R2.csv (0.00 MB) [ID: 57be9d7f-db6d-44f4-b13b-ebddd4c3aa9e]
[2026-01-23 18:54:37]   File uploaded: 25-246-Layout-260123.dxf (0.37 MB) [ID: 57be9d7f-db6d-44f4-b13b-ebddd4c3aa9e]
[2026-01-23 18:54:37]   File uploaded: 25-246-Layout-260123.csv (0.00 MB) [ID: 57be9d7f-db6d-44f4-b13b-ebddd4c3aa9e]
[2026-01-23 18:54:37]   File uploaded: IMG_2.jpg (5.81 MB) [ID: 57be9d7f-db6d-44f4-b13b-ebddd4c3aa9e]
[2026-01-23 18:54:37]   File uploaded: IMG_11.jpg (5.89 MB) [ID: 57be9d7f-db6d-44f4-b13b-ebddd4c3aa9e]
[2026-01-23 18:54:37]   File uploaded: IMG_8.jpg (4.83 MB) [ID: 57be9d7f-db6d-44f4-b13b-ebddd4c3aa9e]
[2026-01-23 18:54:37]   File uploaded: IMG_10.jpg (5.71 MB) [ID: 57be9d7f-db6d-44f4-b13b-ebddd4c3aa9e]
[2026-01-23 18:54:37]   File uploaded: IMG_1.jpg (6.05 MB) [ID: 57be9d7f-db6d-44f4-b13b-ebddd4c3aa9e]
[2026-01-23 18:54:37]   File uploaded: IMG_6.jpg (5.35 MB) [ID: 57be9d7f-db6d-44f4-b13b-ebddd4c3aa9e]
[2026-01-23 18:54:37]   File uploaded: IMG_3.jpg (7.33 MB) [ID: 57be9d7f-db6d-44f4-b13b-ebddd4c3aa9e]
[2026-01-23 18:54:37]   File uploaded: IMG_7.jpg (5.38 MB) [ID: 57be9d7f-db6d-44f4-b13b-ebddd4c3aa9e]
[2026-01-23 18:54:37]   File uploaded: IMG_4.jpg (7.86 MB) [ID: 57be9d7f-db6d-44f4-b13b-ebddd4c3aa9e]
[2026-01-23 18:54:37]   File uploaded: IMG_9.jpg (5.64 MB) [ID: 57be9d7f-db6d-44f4-b13b-ebddd4c3aa9e]
[2026-01-23 18:54:37]   File uploaded: IMG_5.jpg (5.99 MB) [ID: 57be9d7f-db6d-44f4-b13b-ebddd4c3aa9e]
[2026-01-23 18:54:37]   File uploaded: IMG.jpg (5.87 MB) [ID: 57be9d7f-db6d-44f4-b13b-ebddd4c3aa9e]
[2026-01-23 18:54:37] Upload completed: 25-200-250/25-246/25-246-260123 - 21 file(s), 72.28 MB in 0.4s (196314.4 KB/s) [ID: 57be9d7f-db6d-44f4-b13b-ebddd4c3aa9e]
[2026-01-23 18:54:38] Controller handshake initiated to /api/folders.
[2026-01-23 21:05:21] Controller handshake initiated to /api/log.
[2026-01-23 21:05:21] Controller opened data sync.
[2026-01-23 21:05:21] Controller handshake initiated to /api/folders.
[2026-01-23 21:05:21] Controller handshake initiated to /api/templates.
[2026-01-27 12:50:11] Folder created: 26-000-050/26-010
[2026-01-27 12:51:13] Job created: 26-000-050/26-010/26-010-260127
[2026-01-27 12:51:13] Upload started: 26-000-050/26-010/26-010-260127 - 2 file(s) [ID: bb028d73-3a53-41e5-a7e1-3dad392aa018]
[2026-01-27 12:51:13]   File uploaded: 26-010-Layout-260127.csv (0.00 MB) [ID: bb028d73-3a53-41e5-a7e1-3dad392aa018]
[2026-01-27 12:51:13]   File uploaded: 26-010-Layout-260127.dxf (0.31 MB) [ID: bb028d73-3a53-41e5-a7e1-3dad392aa018]
[2026-01-27 12:51:13] Upload completed: 26-000-050/26-010/26-010-260127 - 2 file(s), 0.31 MB in 0.0s (322365.2 KB/s) [ID: bb028d73-3a53-41e5-a7e1-3dad392aa018]
[2026-01-27 13:40:21] Controller handshake initiated to /api/log.
[2026-01-27 13:40:21] Controller opened data sync.
[2026-01-27 13:40:21] Controller handshake initiated to /api/folders.
[2026-01-27 13:40:21] Controller handshake initiated to /api/templates.
[2026-01-27 13:41:21] Controller handshake initiated to /api/log.
[2026-01-27 13:41:21] Controller clicked download (26-000-050/26-010/26-010-260127).
[2026-01-27 13:41:22] Controller handshake initiated to /api/download-job/26-000-050/26-010/26-010-260127.
[2026-01-27 13:41:22] Controller handshake initiated to /api/download-file/26-000-050/26-010/26-010-260127/26-010-260127.job.
[2026-01-27 13:41:22] Controller handshake initiated to /api/download-file/26-000-050/26-010/26-010-260127/26-010-260127.jxl.
[2026-01-27 13:41:23] Controller handshake initiated to /api/download-file/26-000-050/26-010/26-010-260127/26-010-Layout-260127.csv.
[2026-01-27 13:41:23] Controller handshake initiated to /api/download-file/26-000-050/26-010/26-010-260127/26-010-Layout-260127.dxf.
[2026-01-27 13:41:24] Controller handshake initiated to /api/download-file/26-000-050/26-010/26-010-260127/Control%20-%20Avalon%20-%20260127.csv.
[2026-01-27 13:41:24] Controller handshake initiated to /api/download-file/26-000-050/26-010/26-010-260127/job_info.json.
[2026-01-27 17:37:36] Controller handshake initiated to /api/log.
[2026-01-27 17:37:36] Controller opened data sync.
[2026-01-27 17:37:36] Controller handshake initiated to /api/templates.
[2026-01-27 17:37:36] Controller handshake initiated to /api/folders.
[2026-01-27 17:38:47] Controller handshake initiated to /api/log.
[2026-01-27 17:38:47] Controller clicked upload (26-000-050/26-010/26-010-260127/26-010-260127.job).
[2026-01-27 17:38:47] Controller handshake initiated to /api/download-file/26-000-050/26-010/26-010-260127/job_info.json.
[2026-01-27 17:41:32] Controller handshake initiated to /api/store-pending-field-status.
[2026-01-27 17:41:33] Controller handshake initiated to /api/upload-field-data-android.
[2026-01-27 17:41:35] Upload started: 26-000-050/26-010/26-010-260127 - 5 file(s) [ID: fb82b718-7907-4451-8b72-e0088d3cd017]
[2026-01-27 17:41:35]   File uploaded: 26-010-260127.job (0.11 MB) [ID: fb82b718-7907-4451-8b72-e0088d3cd017]
[2026-01-27 17:41:35]   File uploaded: 26-010-260127.dxf (0.05 MB) [ID: fb82b718-7907-4451-8b72-e0088d3cd017]
[2026-01-27 17:41:35]   File uploaded: 26-010-260127.csv (0.01 MB) [ID: fb82b718-7907-4451-8b72-e0088d3cd017]
[2026-01-27 17:41:35]   File uploaded: 26-010-Layout-260127.csv (0.00 MB) [ID: fb82b718-7907-4451-8b72-e0088d3cd017]
[2026-01-27 17:41:35]   File uploaded: 26-010-Layout-260127.dxf (0.31 MB) [ID: fb82b718-7907-4451-8b72-e0088d3cd017]
[2026-01-27 17:41:35] Upload completed: 26-000-050/26-010/26-010-260127 - 5 file(s), 0.48 MB in 0.0s (54340.6 KB/s) [ID: fb82b718-7907-4451-8b72-e0088d3cd017]
[2026-01-27 17:41:35] Controller handshake initiated to /api/folders.
[2026-01-27 17:42:14] Controller handshake initiated to /api/log.
[2026-01-27 17:42:14] Controller opened data sync.
[2026-01-27 17:42:14] Controller handshake initiated to /api/folders.
[2026-01-27 17:42:14] Controller handshake initiated to /api/templates.
[2026-01-27 17:42:54] Controller handshake initiated to /api/log.
[2026-01-27 17:42:54] Controller opened data sync.
[2026-01-27 17:42:54] Controller handshake initiated to /api/folders.
[2026-01-27 17:42:54] Controller handshake initiated to /api/templates.
[2026-01-27 20:17:38] Controller handshake initiated to /api/log.
[2026-01-27 20:17:38] Controller clicked upload (26-000-050/26-010/26-010-260127/26-010-260127.job).
[2026-01-27 20:17:38] Controller handshake initiated to /api/download-file/26-000-050/26-010/26-010-260127/job_info.json.
[2026-01-27 20:17:57] Controller handshake initiated to /api/store-pending-field-status.
[2026-01-27 20:17:57] Controller handshake initiated to /api/upload-field-data-android.
[2026-01-27 20:17:57] Upload started: 26-000-050/26-010/26-010-260127 - 5 file(s) [ID: 85f16c3f-80d0-4900-aff6-4ff2cc858d49]
[2026-01-27 20:17:57]   File uploaded: 26-010-260127.job (0.11 MB) [ID: 85f16c3f-80d0-4900-aff6-4ff2cc858d49]
[2026-01-27 20:17:57]   File uploaded: 26-010-260127.dxf (0.05 MB) [ID: 85f16c3f-80d0-4900-aff6-4ff2cc858d49]
[2026-01-27 20:17:57]   File uploaded: 26-010-260127.csv (0.01 MB) [ID: 85f16c3f-80d0-4900-aff6-4ff2cc858d49]
[2026-01-27 20:17:57]   File uploaded: 26-010-Layout-260127.csv (0.00 MB) [ID: 85f16c3f-80d0-4900-aff6-4ff2cc858d49]
[2026-01-27 20:17:57]   File uploaded: 26-010-Layout-260127.dxf (0.31 MB) [ID: 85f16c3f-80d0-4900-aff6-4ff2cc858d49]
[2026-01-27 20:17:57] Upload completed: 26-000-050/26-010/26-010-260127 - 5 file(s), 0.48 MB in 0.1s (5686.8 KB/s) [ID: 85f16c3f-80d0-4900-aff6-4ff2cc858d49]
[2026-01-27 20:17:58] Controller handshake initiated to /api/folders.
[2026-01-27 20:29:09] Controller handshake initiated to /api/folders.
[2026-01-27 20:29:09] Controller handshake initiated to /api/templates.
[2026-01-27 20:29:09] Controller handshake initiated to /api/log.
[2026-01-27 20:29:09] Controller opened data sync.
[2026-01-27 20:30:09] Controller handshake initiated to /api/log.
[2026-01-27 20:30:09] Controller clicked upload (26-000-050/26-010/26-010-260127/26-010-260127.job).
[2026-01-27 20:30:09] Controller handshake initiated to /api/download-file/26-000-050/26-010/26-010-260127/job_info.json.
[2026-01-27 20:30:26] Controller handshake initiated to /api/store-pending-field-status.
[2026-01-27 20:30:26] Controller handshake initiated to /api/upload-field-data-android.
[2026-01-27 20:30:26] Duplicate upload detected for 26-000-050/26-010/26-010-260127 - returning cached result [ID: 7645001e-fc24-4004-8096-54bec31821ae]
[2026-01-27 20:30:26] Controller handshake initiated to /api/folders.
[2026-01-28 10:50:34] Controller handshake initiated to /api/log.
[2026-01-28 10:50:34] Controller opened data sync.
[2026-01-28 10:50:34] Controller handshake initiated to /api/folders.
[2026-01-28 10:50:34] Controller handshake initiated to /api/templates.
[2026-01-28 10:51:31] Controller handshake initiated to /api/log.
[2026-01-28 10:51:31] Controller clicked upload (26-000-050/26-010/26-010-260127/26-010-260127.job).
[2026-01-28 10:51:31] Controller handshake initiated to /api/download-file/26-000-050/26-010/26-010-260127/job_info.json.
[2026-01-28 10:51:39] Controller handshake initiated to /api/store-pending-field-status.
[2026-01-28 10:51:40] Controller handshake initiated to /api/upload-field-data-android.
[2026-01-28 10:51:40] Upload started: 26-000-050/26-010/26-010-260127 - 5 file(s) [ID: 379fd3bf-8240-4793-a913-e21736521c94]
[2026-01-28 10:51:40]   File uploaded: 26-010-260127.job (0.11 MB) [ID: 379fd3bf-8240-4793-a913-e21736521c94]
[2026-01-28 10:51:40]   File uploaded: 26-010-260127.dxf (0.05 MB) [ID: 379fd3bf-8240-4793-a913-e21736521c94]
[2026-01-28 10:51:40]   File uploaded: 26-010-260127.csv (0.01 MB) [ID: 379fd3bf-8240-4793-a913-e21736521c94]
[2026-01-28 10:51:40]   File uploaded: 26-010-Layout-260127.csv (0.00 MB) [ID: 379fd3bf-8240-4793-a913-e21736521c94]
[2026-01-28 10:51:40]   File uploaded: 26-010-Layout-260127.dxf (0.31 MB) [ID: 379fd3bf-8240-4793-a913-e21736521c94]
[2026-01-28 10:51:40] Upload completed: 26-000-050/26-010/26-010-260127 - 5 file(s), 0.48 MB in 0.1s (8432.2 KB/s) [ID: 379fd3bf-8240-4793-a913-e21736521c94]
[2026-01-28 10:51:40] Controller handshake initiated to /api/folders.
[2026-01-28 10:54:15] Controller handshake initiated to /api/log.
[2026-01-28 10:54:15] Controller opened data sync.
[2026-01-28 10:54:15] Controller handshake initiated to /api/templates.
[2026-01-28 10:54:15] Controller handshake initiated to /api/folders.
[2026-01-28 10:54:55] Controller handshake initiated to /api/log.
[2026-01-28 10:54:55] Controller clicked upload (26-000-050/26-010/26-010-260127/26-010-260127.job).
[2026-01-28 10:54:55] Controller handshake initiated to /api/download-file/26-000-050/26-010/26-010-260127/job_info.json.
[2026-01-28 10:55:00] Controller handshake initiated to /api/store-pending-field-status.
[2026-01-28 10:55:00] Controller handshake initiated to /api/upload-field-data-android.
[2026-01-28 10:55:00] Duplicate upload detected for 26-000-050/26-010/26-010-260127 - returning cached result [ID: fe93f736-eacb-4ed0-b904-0d82879ea94b]
[2026-01-28 10:55:00] Controller handshake initiated to /api/folders.
[2026-01-28 10:56:55] Controller handshake initiated to /api/log.
[2026-01-28 10:56:55] Controller opened data sync.
[2026-01-28 10:56:55] Controller handshake initiated to /api/folders.
[2026-01-28 10:56:55] Controller handshake initiated to /api/templates.
[2026-01-28 10:57:35] Controller handshake initiated to /api/log.
[2026-01-28 10:57:35] Controller clicked upload (26-000-050/26-010/26-010-260127/26-010-260127.job).
[2026-01-28 10:57:35] Controller handshake initiated to /api/download-file/26-000-050/26-010/26-010-260127/job_info.json.
[2026-01-28 10:57:41] Controller handshake initiated to /api/store-pending-field-status.
[2026-01-28 10:57:41] Controller handshake initiated to /api/upload-field-data-android.
[2026-01-28 10:57:41] Duplicate upload detected for 26-000-050/26-010/26-010-260127 - returning cached result [ID: 320e5476-6139-4429-b9ab-da3a49fb81a1]
[2026-01-28 10:57:41] Controller handshake initiated to /api/folders.
[2026-01-28 10:59:28] Controller handshake initiated to /api/log.
[2026-01-28 10:59:28] Controller opened data sync.
[2026-01-28 10:59:28] Controller handshake initiated to /api/templates.
[2026-01-28 10:59:28] Controller handshake initiated to /api/folders.
[2026-01-28 11:01:02] Controller handshake initiated to /api/log.
[2026-01-28 11:01:02] Controller clicked upload (26-000-050/26-004/26-004-260114/26-004-260114.job).
[2026-01-28 11:01:02] Controller handshake initiated to /api/download-file/26-000-050/26-004/26-004-260114/job_info.json.
[2026-01-28 11:01:11] Controller handshake initiated to /api/store-pending-field-status.
[2026-01-28 11:01:12] Controller handshake initiated to /api/upload-field-data-android.
[2026-01-28 11:01:24] Upload started: 26-000-050/26-004/26-004-260114 - 13 file(s) [ID: 0e6f2cfd-7c1f-4c89-8a5b-1bf8e174f422]
[2026-01-28 11:01:24]   File uploaded: 26-004-260114.job (0.11 MB) [ID: 0e6f2cfd-7c1f-4c89-8a5b-1bf8e174f422]
[2026-01-28 11:01:24]   File uploaded: 26-004-260114.csv (0.01 MB) [ID: 0e6f2cfd-7c1f-4c89-8a5b-1bf8e174f422]
[2026-01-28 11:01:24]   File uploaded: 26-004-Layout-260114.csv (0.00 MB) [ID: 0e6f2cfd-7c1f-4c89-8a5b-1bf8e174f422]
[2026-01-28 11:01:24]   File uploaded: 26-004-Layout-260114.dxf (0.32 MB) [ID: 0e6f2cfd-7c1f-4c89-8a5b-1bf8e174f422]
[2026-01-28 11:01:24]   File uploaded: IMG_4.jpg (4.62 MB) [ID: 0e6f2cfd-7c1f-4c89-8a5b-1bf8e174f422]
[2026-01-28 11:01:24]   File uploaded: IMG_5.jpg (4.90 MB) [ID: 0e6f2cfd-7c1f-4c89-8a5b-1bf8e174f422]
[2026-01-28 11:01:24]   File uploaded: IMG_3.jpg (4.87 MB) [ID: 0e6f2cfd-7c1f-4c89-8a5b-1bf8e174f422]
[2026-01-28 11:01:24]   File uploaded: IMG_2.jpg (5.06 MB) [ID: 0e6f2cfd-7c1f-4c89-8a5b-1bf8e174f422]
[2026-01-28 11:01:24]   File uploaded: IMG.jpg (5.86 MB) [ID: 0e6f2cfd-7c1f-4c89-8a5b-1bf8e174f422]
[2026-01-28 11:01:24]   File uploaded: IMG_7.jpg (5.09 MB) [ID: 0e6f2cfd-7c1f-4c89-8a5b-1bf8e174f422]
[2026-01-28 11:01:24]   File uploaded: IMG_8.jpg (4.82 MB) [ID: 0e6f2cfd-7c1f-4c89-8a5b-1bf8e174f422]
[2026-01-28 11:01:24]   File uploaded: IMG_1.jpg (5.21 MB) [ID: 0e6f2cfd-7c1f-4c89-8a5b-1bf8e174f422]
[2026-01-28 11:01:24]   File uploaded: IMG_6.jpg (4.60 MB) [ID: 0e6f2cfd-7c1f-4c89-8a5b-1bf8e174f422]
[2026-01-28 11:01:24] Upload completed: 26-000-050/26-004/26-004-260114 - 13 file(s), 45.46 MB in 0.3s (186191.1 KB/s) [ID: 0e6f2cfd-7c1f-4c89-8a5b-1bf8e174f422]
[2026-01-28 11:01:24] Controller handshake initiated to /api/folders.
[2026-01-28 17:01:31] Controller handshake initiated to /api/log.
[2026-01-28 17:01:31] Controller handshake initiated to /api/folders.
[2026-01-28 17:01:31] Controller opened data sync.
[2026-01-28 17:01:31] Controller handshake initiated to /api/templates.
[2026-01-28 17:02:22] Controller handshake initiated to /api/log.
[2026-01-28 17:02:22] Controller clicked upload (26-000-050/26-010/26-010-260127/26-010-260127.job).
[2026-01-28 17:02:22] Controller handshake initiated to /api/download-file/26-000-050/26-010/26-010-260127/job_info.json.
[2026-01-28 17:02:46] Controller handshake initiated to /api/store-pending-field-status.
[2026-01-28 17:02:46] Controller handshake initiated to /api/upload-field-data-android.
[2026-01-28 17:02:47] Upload started: 26-000-050/26-010/26-010-260127 - 5 file(s) [ID: 2a8585f6-6b1d-4f07-80a6-7a3a61307ed5]
[2026-01-28 17:02:47]   File uploaded: 26-010-260127.job (0.11 MB) [ID: 2a8585f6-6b1d-4f07-80a6-7a3a61307ed5]
[2026-01-28 17:02:47]   File uploaded: 26-010-260127.dxf (0.05 MB) [ID: 2a8585f6-6b1d-4f07-80a6-7a3a61307ed5]
[2026-01-28 17:02:47]   File uploaded: 26-010-260127.csv (0.01 MB) [ID: 2a8585f6-6b1d-4f07-80a6-7a3a61307ed5]
[2026-01-28 17:02:47]   File uploaded: 26-010-Layout-260127.csv (0.00 MB) [ID: 2a8585f6-6b1d-4f07-80a6-7a3a61307ed5]
[2026-01-28 17:02:47]   File uploaded: 26-010-Layout-260127.dxf (0.31 MB) [ID: 2a8585f6-6b1d-4f07-80a6-7a3a61307ed5]
[2026-01-28 17:02:47] Upload completed: 26-000-050/26-010/26-010-260127 - 5 file(s), 0.48 MB in 0.1s (8151.1 KB/s) [ID: 2a8585f6-6b1d-4f07-80a6-7a3a61307ed5]
[2026-01-28 17:02:47] Controller handshake initiated to /api/folders.
[2026-01-28 17:06:42] Controller handshake initiated to /api/log.
[2026-01-28 17:06:42] Controller opened data sync.
[2026-01-28 17:06:42] Controller handshake initiated to /api/folders.
[2026-01-28 17:06:42] Controller handshake initiated to /api/templates.
[2026-01-28 17:07:33] Controller handshake initiated to /api/log.
[2026-01-28 17:07:33] Controller clicked download (26-000-050/26-007/26-007-260120).
[2026-01-28 17:07:33] Controller handshake initiated to /api/download-job/26-000-050/26-007/26-007-260120.
[2026-01-28 17:07:33] Controller handshake initiated to /api/download-file/26-000-050/26-007/26-007-260120/26-007-260120.job.
[2026-01-28 17:07:33] Controller handshake initiated to /api/download-file/26-000-050/26-007/26-007-260120/26-007-260120.jxl.
[2026-01-28 17:07:33] Controller handshake initiated to /api/download-file/26-000-050/26-007/26-007-260120/26-007-Layout-260120-R1.csv.
[2026-01-28 17:07:33] Controller handshake initiated to /api/download-file/26-000-050/26-007/26-007-260120/26-007-Layout-260120-R1.dxf.
[2026-01-28 17:07:35] Controller handshake initiated to /api/download-file/26-000-050/26-007/26-007-260120/26-007-Layout-260120.csv.
[2026-01-28 17:07:35] Controller handshake initiated to /api/download-file/26-000-050/26-007/26-007-260120/26-007-Layout-260120.dxf.
[2026-01-28 17:07:35] Controller handshake initiated to /api/download-file/26-000-050/26-007/26-007-260120/Control%20-%20Avalon%20-%20260120.csv.
[2026-01-28 17:07:35] Controller handshake initiated to /api/download-file/26-000-050/26-007/26-007-260120/Field_Data/260120-0532PM/26-007-260120.csv.
[2026-01-28 17:07:35] Controller handshake initiated to /api/download-file/26-000-050/26-007/26-007-260120/Field_Data/260120-0532PM/26-007-260120.dxf.
[2026-01-28 17:07:35] Controller handshake initiated to /api/download-file/26-000-050/26-007/26-007-260120/Field_Data/260120-0532PM/26-007-260120.job.
[2026-01-28 17:07:35] Controller handshake initiated to /api/download-file/26-000-050/26-007/26-007-260120/Field_Data/260120-0532PM/26-007-Layout-260120-R1.csv.
[2026-01-28 17:07:35] Controller handshake initiated to /api/download-file/26-000-050/26-007/26-007-260120/Field_Data/260120-0532PM/26-007-Layout-260120-R1.dxf.
[2026-01-28 17:07:35] Controller handshake initiated to /api/download-file/26-000-050/26-007/26-007-260120/Field_Data/260120-0532PM/26-007-Layout-260120.csv.
[2026-01-28 17:07:36] Controller handshake initiated to /api/download-file/26-000-050/26-007/26-007-260120/Field_Data/260120-0532PM/26-007-Layout-260120.dxf.
[2026-01-28 17:07:36] Controller handshake initiated to /api/download-file/26-000-050/26-007/26-007-260120/Field_Data/260120-0532PM/@eaDir/IMG.jpg/SYNOFILE_THUMB_S.jpg.
[2026-01-28 17:07:36] Controller handshake initiated to /api/download-file/26-000-050/26-007/26-007-260120/Field_Data/260120-0532PM/@eaDir/IMG_1.jpg/SYNOFILE_THUMB_S.jpg.
[2026-01-28 17:07:36] Controller handshake initiated to /api/download-file/26-000-050/26-007/26-007-260120/Field_Data/260120-0532PM/@eaDir/IMG_2.jpg/SYNOFILE_THUMB_S.jpg.
[2026-01-28 17:07:36] Controller handshake initiated to /api/download-file/26-000-050/26-007/26-007-260120/Field_Data/260120-0532PM/@eaDir/IMG_3.jpg/SYNOFILE_THUMB_S.jpg.
[2026-01-28 17:07:36] Controller handshake initiated to /api/download-file/26-000-050/26-007/26-007-260120/Field_Data/260120-0532PM/@eaDir/IMG_4.jpg/SYNOFILE_THUMB_S.jpg.
[2026-01-28 17:07:36] Controller handshake initiated to /api/download-file/26-000-050/26-007/26-007-260120/Field_Data/260120-0532PM/@eaDir/IMG_5.jpg/SYNOFILE_THUMB_S.jpg.
[2026-01-28 17:07:36] Controller handshake initiated to /api/download-file/26-000-050/26-007/26-007-260120/Field_Data/260120-0532PM/@eaDir/IMG_6.jpg/SYNOFILE_THUMB_S.jpg.
[2026-01-28 17:07:36] Controller handshake initiated to /api/download-file/26-000-050/26-007/26-007-260120/Field_Data/260120-0532PM/IMG.jpg.
[2026-01-28 17:07:38] Controller handshake initiated to /api/download-file/26-000-050/26-007/26-007-260120/Field_Data/260120-0532PM/IMG_1.jpg.
[2026-01-28 17:07:39] Controller handshake initiated to /api/download-file/26-000-050/26-007/26-007-260120/Field_Data/260120-0532PM/IMG_2.jpg.
[2026-01-28 17:07:40] Controller handshake initiated to /api/download-file/26-000-050/26-007/26-007-260120/Field_Data/260120-0532PM/IMG_3.jpg.
[2026-01-28 17:07:41] Controller handshake initiated to /api/download-file/26-000-050/26-007/26-007-260120/Field_Data/260120-0532PM/IMG_4.jpg.
[2026-01-28 17:07:42] Controller handshake initiated to /api/download-file/26-000-050/26-007/26-007-260120/Field_Data/260120-0532PM/IMG_5.jpg.
[2026-01-28 17:07:43] Controller handshake initiated to /api/download-file/26-000-050/26-007/26-007-260120/Field_Data/260120-0532PM/IMG_6.jpg.
[2026-01-28 17:07:44] Controller handshake initiated to /api/download-file/26-000-050/26-007/26-007-260120/Field_Data/260120-0532PM/field_status.json.
[2026-01-28 17:07:44] Controller handshake initiated to /api/download-file/26-000-050/26-007/26-007-260120/job_info.json.
[2026-01-28 17:08:47] Controller handshake initiated to /api/log.
[2026-01-28 17:08:47] Controller opened data sync.
[2026-01-28 17:08:47] Controller handshake initiated to /api/templates.
[2026-01-28 17:08:47] Controller handshake initiated to /api/folders.
[2026-01-28 17:09:19] Controller handshake initiated to /api/log.
[2026-01-28 17:09:19] Controller opened data sync.
[2026-01-28 17:09:19] Controller handshake initiated to /api/folders.
[2026-01-28 17:09:19] Controller handshake initiated to /api/templates.
[2026-01-28 17:10:03] Controller handshake initiated to /api/log.
[2026-01-28 17:10:03] Controller clicked upload (26-000-050/26-007/26-007-260120/26-007-260120.job).
[2026-01-28 17:10:03] Controller handshake initiated to /api/download-file/26-000-050/26-007/26-007-260120/job_info.json.
[2026-01-28 17:11:24] Job created: 26-000-050/26-007/26-007-260128
[2026-01-28 17:11:25] Job created: 26-000-050/26-007/26-007-260128
[2026-01-28 17:11:35] Job created: 26-000-050/26-007/26-007-260128
[2026-01-28 17:11:41] Controller handshake initiated to /api/log.
[2026-01-28 17:11:41] Controller opened data sync.
[2026-01-28 17:11:41] Controller handshake initiated to /api/folders.
[2026-01-28 17:11:41] Controller handshake initiated to /api/templates.
[2026-01-28 17:12:26] Controller handshake initiated to /api/log.
[2026-01-28 17:12:26] Controller clicked download (26-000-050/26-007/26-007-260128).
[2026-01-28 17:12:26] Controller handshake initiated to /api/download-job/26-000-050/26-007/26-007-260128.
[2026-01-28 17:12:26] Controller handshake initiated to /api/download-file/26-000-050/26-007/26-007-260128/26-007-260128.job.
[2026-01-28 17:12:26] Controller handshake initiated to /api/download-file/26-000-050/26-007/26-007-260128/26-007-260128.jxl.
[2026-01-28 17:12:27] Controller handshake initiated to /api/download-file/26-000-050/26-007/26-007-260128/Control%20-%20Avalon%20-%20260128.csv.
[2026-01-28 17:12:27] Controller handshake initiated to /api/download-file/26-000-050/26-007/26-007-260128/job_info.json.
[2026-01-28 17:13:41] Controller handshake initiated to /api/log.
[2026-01-28 17:13:41] Controller opened data sync.
[2026-01-28 17:13:41] Controller handshake initiated to /api/templates.
[2026-01-28 17:13:41] Controller handshake initiated to /api/folders.
[2026-01-28 17:14:24] Controller handshake initiated to /api/log.
[2026-01-28 17:14:24] Controller clicked upload (26-000-050/26-007/26-007-260128/26-007-260128.job).
[2026-01-28 17:14:24] Controller handshake initiated to /api/download-file/26-000-050/26-007/26-007-260128/job_info.json.
[2026-01-28 17:14:49] Controller handshake initiated to /api/store-pending-field-status.
[2026-01-28 17:14:49] Controller handshake initiated to /api/upload-field-data-android.
[2026-01-28 17:14:49] Upload started: 26-000-050/26-007/26-007-260128 - 2 file(s) [ID: 28730d49-1446-4a92-9930-5087f34f96ef]
[2026-01-28 17:14:49]   File uploaded: 26-007-260128.job (0.00 MB) [ID: 28730d49-1446-4a92-9930-5087f34f96ef]
[2026-01-28 17:14:49]   File uploaded: 26-007-260128.csv (0.00 MB) [ID: 28730d49-1446-4a92-9930-5087f34f96ef]
[2026-01-28 17:14:49] Upload completed: 26-000-050/26-007/26-007-260128 - 2 file(s), 0.00 MB in 0.0s (350.4 KB/s) [ID: 28730d49-1446-4a92-9930-5087f34f96ef]
[2026-01-28 17:14:49] Controller handshake initiated to /api/folders.
[2026-01-28 17:41:16] Controller handshake initiated to /api/log.
[2026-01-28 17:41:16] Controller opened data sync.
[2026-01-28 17:41:16] Controller handshake initiated to /api/folders.
[2026-01-28 17:41:16] Controller handshake initiated to /api/templates.
[2026-01-28 17:42:13] Controller handshake initiated to /api/log.
[2026-01-28 17:42:13] Controller clicked upload (26-000-050/26-007/26-007-260128/26-007-260128.job).
[2026-01-28 17:42:13] Controller handshake initiated to /api/download-file/26-000-050/26-007/26-007-260128/job_info.json.
[2026-01-28 17:42:41] Controller handshake initiated to /api/store-pending-field-status.
[2026-01-28 17:42:41] Controller handshake initiated to /api/upload-field-data-android.
[2026-01-28 17:42:41] Upload started: 26-000-050/26-007/26-007-260128 - 2 file(s) [ID: c9315669-072a-46bb-8d49-9085b855ec67]
[2026-01-28 17:42:41]   File uploaded: 26-007-260128.job (0.00 MB) [ID: c9315669-072a-46bb-8d49-9085b855ec67]
[2026-01-28 17:42:41]   File uploaded: 26-007-260128.csv (0.00 MB) [ID: c9315669-072a-46bb-8d49-9085b855ec67]
[2026-01-28 17:42:41] Upload completed: 26-000-050/26-007/26-007-260128 - 2 file(s), 0.00 MB in 0.0s (116.3 KB/s) [ID: c9315669-072a-46bb-8d49-9085b855ec67]
[2026-01-28 17:42:41] Controller handshake initiated to /api/folders.
[2026-01-28 19:19:47] Controller handshake initiated to /api/log.
[2026-01-28 19:19:47] Controller opened data sync.
[2026-01-28 19:19:47] Controller handshake initiated to /api/templates.
[2026-01-28 19:19:47] Controller handshake initiated to /api/folders.
[2026-01-28 19:23:49] Controller handshake initiated to /api/log.
[2026-01-28 19:23:49] Controller clicked upload (26-000-050/26-007/26-007-260128/26-007-260128.job).
[2026-01-28 19:23:49] Controller handshake initiated to /api/download-file/26-000-050/26-007/26-007-260128/job_info.json.
[2026-01-28 19:24:17] Controller handshake initiated to /api/store-pending-field-status.
[2026-01-28 19:24:17] Controller handshake initiated to /api/upload-field-data-android.
[2026-01-28 19:24:17] Upload started: 26-000-050/26-007/26-007-260128 - 3 file(s) [ID: 10bf8e84-2c14-4caf-82a6-7c06cdfd3a47]
[2026-01-28 19:24:17]   File uploaded: 26-007-260128.job (0.00 MB) [ID: 10bf8e84-2c14-4caf-82a6-7c06cdfd3a47]
[2026-01-28 19:24:17]   File uploaded: 26-007-260128.csv (0.00 MB) [ID: 10bf8e84-2c14-4caf-82a6-7c06cdfd3a47]
[2026-01-28 19:24:17]   File uploaded: 26-007-260128-TEST.csv (0.00 MB) [ID: 10bf8e84-2c14-4caf-82a6-7c06cdfd3a47]
[2026-01-28 19:24:17] Upload completed: 26-000-050/26-007/26-007-260128 - 3 file(s), 0.00 MB in 0.0s (684.6 KB/s) [ID: 10bf8e84-2c14-4caf-82a6-7c06cdfd3a47]
[2026-01-28 19:24:17] Controller handshake initiated to /api/folders.
[2026-01-29 12:47:00] Controller handshake initiated to /api/log.
[2026-01-29 12:47:00] Controller opened data sync.
[2026-01-29 12:47:00] Controller handshake initiated to /api/folders.
[2026-01-29 12:47:00] Controller handshake initiated to /api/templates.
[2026-01-29 12:49:13] Controller handshake initiated to /api/log.
[2026-01-29 12:49:13] Controller opened data sync.
[2026-01-29 12:49:13] Controller handshake initiated to /api/folders.
[2026-01-29 12:49:13] Controller handshake initiated to /api/templates.
[2026-01-29 12:50:13] Controller handshake initiated to /api/log.
[2026-01-29 12:50:13] Controller clicked upload (26-000-050/26-008/26-008-260120/26-008-260120.job).
[2026-01-29 12:50:13] Controller handshake initiated to /api/download-file/26-000-050/26-008/26-008-260120/job_info.json.
[2026-01-29 12:50:33] Controller handshake initiated to /api/store-pending-field-status.
[2026-01-29 12:50:33] Controller handshake initiated to /api/upload-field-data-android.
[2026-01-29 12:50:33] Upload started: 26-000-050/26-008/26-008-260120 - 4 file(s) [ID: e0c4feac-40a3-4fe3-a685-7b2402a87e2f]
[2026-01-29 12:50:33]   File uploaded: 26-008-260120.job (0.00 MB) [ID: e0c4feac-40a3-4fe3-a685-7b2402a87e2f]
[2026-01-29 12:50:33]   File uploaded: 26-008-260129.csv (0.00 MB) [ID: e0c4feac-40a3-4fe3-a685-7b2402a87e2f]
[2026-01-29 12:50:33]   File uploaded: 26-008-Layout-260120.dxf (0.31 MB) [ID: e0c4feac-40a3-4fe3-a685-7b2402a87e2f]
[2026-01-29 12:50:33]   File uploaded: 26-008-Layout-260120.csv (0.00 MB) [ID: e0c4feac-40a3-4fe3-a685-7b2402a87e2f]
[2026-01-29 12:50:33] Upload completed: 26-000-050/26-008/26-008-260120 - 4 file(s), 0.31 MB in 0.0s (35780.7 KB/s) [ID: e0c4feac-40a3-4fe3-a685-7b2402a87e2f]
[2026-01-29 12:50:33] Controller handshake initiated to /api/folders.
[2026-01-29 13:07:42] Controller handshake initiated to /api/log.
[2026-01-29 13:07:42] Controller opened data sync.
[2026-01-29 13:07:42] Controller handshake initiated to /api/folders.
[2026-01-29 13:07:42] Controller handshake initiated to /api/templates.
[2026-01-29 13:08:27] Controller handshake initiated to /api/log.
[2026-01-29 13:08:27] Controller clicked upload (26-000-050/26-008/26-008-260120/26-008-260120.job).
[2026-01-29 13:08:27] Controller handshake initiated to /api/download-file/26-000-050/26-008/26-008-260120/job_info.json.
[2026-01-30 13:45:48] Controller handshake initiated to /api/log.
[2026-01-30 13:45:48] Controller handshake initiated to /api/templates.
[2026-01-30 13:45:48] Controller handshake initiated to /api/folders.
[2026-01-30 13:45:48] Controller opened data sync.
[2026-01-30 13:53:48] Job created: 25-150-200/25-199/25-199-260130
[2026-01-30 13:53:49] Upload started: 25-150-200/25-199/25-199-260130 - 2 file(s) [ID: 0bb595b8-0950-472b-88c4-6727dce26622]
[2026-01-30 13:53:49]   File uploaded: 25-199-Layout-260130.csv (0.00 MB) [ID: 0bb595b8-0950-472b-88c4-6727dce26622]
[2026-01-30 13:53:49]   File uploaded: 25-199-Layout-260130.dxf (0.33 MB) [ID: 0bb595b8-0950-472b-88c4-6727dce26622]
[2026-01-30 13:53:49] Upload completed: 25-150-200/25-199/25-199-260130 - 2 file(s), 0.33 MB in 0.0s (169331.1 KB/s) [ID: 0bb595b8-0950-472b-88c4-6727dce26622]
[2026-01-30 13:54:08] Controller handshake initiated to /api/log.
[2026-01-30 13:54:08] Controller opened data sync.
[2026-01-30 13:54:08] Controller handshake initiated to /api/templates.
[2026-01-30 13:54:08] Controller handshake initiated to /api/folders.
[2026-01-30 13:58:28] Controller handshake initiated to /api/log.
[2026-01-30 13:58:28] Controller opened data sync.
[2026-01-30 13:58:28] Controller handshake initiated to /api/templates.
[2026-01-30 13:58:28] Controller handshake initiated to /api/folders.
[2026-01-30 14:00:46] Controller handshake initiated to /api/log.
[2026-01-30 14:00:46] Controller clicked download (25-150-200/25-199/25-199-260130).
[2026-01-30 14:00:46] Controller handshake initiated to /api/download-job/25-150-200/25-199/25-199-260130.
[2026-01-30 14:00:46] Controller handshake initiated to /api/download-file/25-150-200/25-199/25-199-260130/25-199-260130.job.
[2026-01-30 14:00:46] Controller handshake initiated to /api/download-file/25-150-200/25-199/25-199-260130/25-199-260130.jxl.
[2026-01-30 14:00:47] Controller handshake initiated to /api/download-file/25-150-200/25-199/25-199-260130/25-199-Layout-260130.csv.
[2026-01-30 14:00:47] Controller handshake initiated to /api/download-file/25-150-200/25-199/25-199-260130/25-199-Layout-260130.dxf.
[2026-01-30 14:00:48] Controller handshake initiated to /api/download-file/25-150-200/25-199/25-199-260130/Control%20-%20Avalon%20-%20260130.csv.
[2026-01-30 14:00:49] Controller handshake initiated to /api/download-file/25-150-200/25-199/25-199-260130/job_info.json.
[2026-01-30 15:10:49] Controller handshake initiated to /api/log.
[2026-01-30 15:10:49] Controller opened data sync.
[2026-01-30 15:10:49] Controller handshake initiated to /api/folders.
[2026-01-30 15:10:49] Controller handshake initiated to /api/templates.
[2026-01-30 15:11:44] Controller handshake initiated to /api/log.
[2026-01-30 15:11:44] Controller clicked upload (25-150-200/25-199/25-199-260130/25-199-260130.job).
[2026-01-30 15:11:44] Controller handshake initiated to /api/download-file/25-150-200/25-199/25-199-260130/job_info.json.
[2026-01-30 15:13:05] Controller handshake initiated to /api/store-pending-field-status.
[2026-01-30 15:13:06] Controller handshake initiated to /api/upload-field-data-android.
[2026-01-30 15:13:16] Upload started: 25-150-200/25-199/25-199-260130 - 8 file(s) [ID: 656b1d06-08af-4a2b-9354-f8bfa6020afd]
[2026-01-30 15:13:16]   File uploaded: 25-199-260130.job (0.04 MB) [ID: 656b1d06-08af-4a2b-9354-f8bfa6020afd]
[2026-01-30 15:13:16]   File uploaded: 25-199-260130.csv (0.00 MB) [ID: 656b1d06-08af-4a2b-9354-f8bfa6020afd]
[2026-01-30 15:13:16]   File uploaded: 25-199-Layout-260130.dxf (0.33 MB) [ID: 656b1d06-08af-4a2b-9354-f8bfa6020afd]
[2026-01-30 15:13:16]   File uploaded: 25-199-Layout-260130.csv (0.00 MB) [ID: 656b1d06-08af-4a2b-9354-f8bfa6020afd]
[2026-01-30 15:13:16]   File uploaded: IMG.jpg (4.52 MB) [ID: 656b1d06-08af-4a2b-9354-f8bfa6020afd]
[2026-01-30 15:13:16]   File uploaded: IMG_3.jpg (4.52 MB) [ID: 656b1d06-08af-4a2b-9354-f8bfa6020afd]
[2026-01-30 15:13:16]   File uploaded: IMG_1.jpg (4.39 MB) [ID: 656b1d06-08af-4a2b-9354-f8bfa6020afd]
[2026-01-30 15:13:16]   File uploaded: IMG_2.jpg (4.11 MB) [ID: 656b1d06-08af-4a2b-9354-f8bfa6020afd]
[2026-01-30 15:13:16] Upload completed: 25-150-200/25-199/25-199-260130 - 8 file(s), 17.92 MB in 0.1s (150386.6 KB/s) [ID: 656b1d06-08af-4a2b-9354-f8bfa6020afd]
[2026-01-30 15:13:16] Controller handshake initiated to /api/folders.
[2026-01-30 16:11:44] Folder created: 22-000-400/22-066
[2026-01-30 16:12:25] Job created: 22-000-400/22-066/22-066-260130
[2026-01-30 16:12:26] Upload started: 22-000-400/22-066/22-066-260130 - 2 file(s) [ID: 5792c3cc-4654-469c-8e53-ef1d2f95ecef]
[2026-01-30 16:12:26]   File uploaded: 22-066-Pinning-260130.dxf (0.26 MB) [ID: 5792c3cc-4654-469c-8e53-ef1d2f95ecef]
[2026-01-30 16:12:26]   File uploaded: 22-066-Pinning-260130.csv (0.00 MB) [ID: 5792c3cc-4654-469c-8e53-ef1d2f95ecef]
[2026-01-30 16:12:26] Upload completed: 22-000-400/22-066/22-066-260130 - 2 file(s), 0.26 MB in 0.0s (267150.4 KB/s) [ID: 5792c3cc-4654-469c-8e53-ef1d2f95ecef]
[2026-01-30 16:16:18] Controller handshake initiated to /api/log.
[2026-01-30 16:16:18] Controller opened data sync.
[2026-01-30 16:16:18] Controller handshake initiated to /api/folders.
[2026-01-30 16:16:18] Controller handshake initiated to /api/templates.
[2026-01-30 16:24:49] Controller handshake initiated to /api/log.
[2026-01-30 16:24:49] Controller clicked download (22-000-400/22-066/22-066-260130).
[2026-01-30 16:24:49] Controller handshake initiated to /api/download-job/22-000-400/22-066/22-066-260130.
[2026-01-30 16:24:49] Controller handshake initiated to /api/download-file/22-000-400/22-066/22-066-260130/22-066-260130.job.
[2026-01-30 16:24:49] Controller handshake initiated to /api/download-file/22-000-400/22-066/22-066-260130/22-066-260130.jxl.
[2026-01-30 16:24:50] Controller handshake initiated to /api/download-file/22-000-400/22-066/22-066-260130/22-066-Pinning-260130.csv.
[2026-01-30 16:24:50] Controller handshake initiated to /api/download-file/22-000-400/22-066/22-066-260130/22-066-Pinning-260130.dxf.
[2026-01-30 16:24:51] Controller handshake initiated to /api/download-file/22-000-400/22-066/22-066-260130/Control%20-%20Avalon%20-%20260130.csv.
[2026-01-30 16:24:52] Controller handshake initiated to /api/download-file/22-000-400/22-066/22-066-260130/job_info.json.
[2026-01-30 18:03:20] Controller handshake initiated to /api/log.
[2026-01-30 18:03:20] Controller opened data sync.
[2026-01-30 18:03:20] Controller handshake initiated to /api/templates.
[2026-01-30 18:03:20] Controller handshake initiated to /api/folders.
[2026-01-30 18:04:18] Controller handshake initiated to /api/log.
[2026-01-30 18:04:18] Controller clicked upload (22-000-400/22-066/22-066-260130/22-066-260130.job).
[2026-01-30 18:04:18] Controller handshake initiated to /api/download-file/22-000-400/22-066/22-066-260130/job_info.json.
[2026-01-30 18:05:21] Controller handshake initiated to /api/store-pending-field-status.
[2026-01-30 18:05:22] Controller handshake initiated to /api/upload-field-data-android.
[2026-01-30 18:05:35] Upload started: 22-000-400/22-066/22-066-260130 - 8 file(s) [ID: 75dfca22-bb56-4eec-a491-cc3ec74f7206]
[2026-01-30 18:05:35]   File uploaded: 22-066-260130.job (0.02 MB) [ID: 75dfca22-bb56-4eec-a491-cc3ec74f7206]
[2026-01-30 18:05:35]   File uploaded: 22-066-260130.csv (0.00 MB) [ID: 75dfca22-bb56-4eec-a491-cc3ec74f7206]
[2026-01-30 18:05:35]   File uploaded: 22-066-260130.dxf (0.03 MB) [ID: 75dfca22-bb56-4eec-a491-cc3ec74f7206]
[2026-01-30 18:05:35]   File uploaded: IMG.jpg (4.40 MB) [ID: 75dfca22-bb56-4eec-a491-cc3ec74f7206]
[2026-01-30 18:05:35]   File uploaded: IMG_3.jpg (5.30 MB) [ID: 75dfca22-bb56-4eec-a491-cc3ec74f7206]
[2026-01-30 18:05:35]   File uploaded: IMG_1.jpg (4.84 MB) [ID: 75dfca22-bb56-4eec-a491-cc3ec74f7206]
[2026-01-30 18:05:35]   File uploaded: IMG_2.jpg (5.74 MB) [ID: 75dfca22-bb56-4eec-a491-cc3ec74f7206]
[2026-01-30 18:05:35]   File uploaded: IMG_4.jpg (4.49 MB) [ID: 75dfca22-bb56-4eec-a491-cc3ec74f7206]
[2026-01-30 18:05:35] Upload completed: 22-000-400/22-066/22-066-260130 - 8 file(s), 24.81 MB in 0.1s (200041.5 KB/s) [ID: 75dfca22-bb56-4eec-a491-cc3ec74f7206]
[2026-01-30 18:05:35] Controller handshake initiated to /api/folders.
[2026-02-02 14:05:54] Controller handshake initiated to /api/log.
[2026-02-02 14:05:54] Controller opened data sync.
[2026-02-02 14:05:54] Controller handshake initiated to /api/folders.
[2026-02-02 14:05:54] Controller handshake initiated to /api/templates.
[2026-02-02 14:07:30] Controller handshake initiated to /api/log.
[2026-02-02 14:07:30] Controller clicked upload (25-150-200/25-199/25-199-260130/25-199-260130.job).
[2026-02-02 14:07:30] Controller handshake initiated to /api/download-file/25-150-200/25-199/25-199-260130/job_info.json.
[2026-02-02 14:07:46] Controller handshake initiated to /api/store-pending-field-status.
[2026-02-02 14:07:47] Controller handshake initiated to /api/upload-field-data-android.
[2026-02-02 14:07:49] Upload started: 25-150-200/25-199/25-199-260130 - 9 file(s) [ID: bc815e36-5af8-49f3-917b-f2a8d775f0ee]
[2026-02-02 14:07:50]   File uploaded: 25-199-260130.job (0.04 MB) [ID: bc815e36-5af8-49f3-917b-f2a8d775f0ee]
[2026-02-02 14:07:50]   File uploaded: 25-199-260130.csv (0.00 MB) [ID: bc815e36-5af8-49f3-917b-f2a8d775f0ee]
[2026-02-02 14:07:50]   File uploaded: 25-199-260202.dxf (0.03 MB) [ID: bc815e36-5af8-49f3-917b-f2a8d775f0ee]
[2026-02-02 14:07:50]   File uploaded: 25-199-Layout-260130.dxf (0.33 MB) [ID: bc815e36-5af8-49f3-917b-f2a8d775f0ee]
[2026-02-02 14:07:50]   File uploaded: 25-199-Layout-260130.csv (0.00 MB) [ID: bc815e36-5af8-49f3-917b-f2a8d775f0ee]
[2026-02-02 14:07:50]   File uploaded: IMG.jpg (4.52 MB) [ID: bc815e36-5af8-49f3-917b-f2a8d775f0ee]
[2026-02-02 14:07:50]   File uploaded: IMG_3.jpg (4.52 MB) [ID: bc815e36-5af8-49f3-917b-f2a8d775f0ee]
[2026-02-02 14:07:50]   File uploaded: IMG_1.jpg (4.39 MB) [ID: bc815e36-5af8-49f3-917b-f2a8d775f0ee]
[2026-02-02 14:07:50]   File uploaded: IMG_2.jpg (4.11 MB) [ID: bc815e36-5af8-49f3-917b-f2a8d775f0ee]
[2026-02-02 14:07:50] Upload completed: 25-150-200/25-199/25-199-260130 - 9 file(s), 17.95 MB in 0.2s (117839.0 KB/s) [ID: bc815e36-5af8-49f3-917b-f2a8d775f0ee]
[2026-02-02 14:07:50] Controller handshake initiated to /api/folders.
[2026-02-05 01:45:12] Controller handshake initiated to /api/route.
[2026-02-05 13:32:43] Folder created: 25-050-100/25-068
[2026-02-05 13:33:30] Job created: 25-050-100/25-068/25-068-260205
[2026-02-05 13:33:30] Upload started: 25-050-100/25-068/25-068-260205 - 2 file(s) [ID: 1e1374a3-5888-4f42-9f1c-cf56e16f54b9]
[2026-02-05 13:33:30]   File uploaded: 25-068-Layout-260205.csv (0.00 MB) [ID: 1e1374a3-5888-4f42-9f1c-cf56e16f54b9]
[2026-02-05 13:33:30]   File uploaded: 25-068-Layout-260205.dxf (0.32 MB) [ID: 1e1374a3-5888-4f42-9f1c-cf56e16f54b9]
[2026-02-05 13:33:30] Upload completed: 25-050-100/25-068/25-068-260205 - 2 file(s), 0.32 MB in 0.0s (328085.0 KB/s) [ID: 1e1374a3-5888-4f42-9f1c-cf56e16f54b9]
[2026-02-05 13:45:53] Controller handshake initiated to /api/log.
[2026-02-05 13:45:53] Controller opened data sync.
[2026-02-05 13:45:53] Controller handshake initiated to /api/templates.
[2026-02-05 13:45:53] Controller handshake initiated to /api/folders.
[2026-02-05 13:47:20] Controller handshake initiated to /api/log.
[2026-02-05 13:47:20] Controller clicked download (25-050-100/25-068/25-068-260205).
[2026-02-05 13:47:20] Controller handshake initiated to /api/download-job/25-050-100/25-068/25-068-260205.
[2026-02-05 13:47:20] Controller handshake initiated to /api/download-file/25-050-100/25-068/25-068-260205/25-068-260205.job.
[2026-02-05 13:47:20] Controller handshake initiated to /api/download-file/25-050-100/25-068/25-068-260205/25-068-260205.jxl.
[2026-02-05 13:47:21] Controller handshake initiated to /api/download-file/25-050-100/25-068/25-068-260205/25-068-Layout-260205.csv.
[2026-02-05 13:47:21] Controller handshake initiated to /api/download-file/25-050-100/25-068/25-068-260205/25-068-Layout-260205.dxf.
[2026-02-05 13:47:23] Controller handshake initiated to /api/download-file/25-050-100/25-068/25-068-260205/Control%20-%20Avalon%20-%20260205.csv.
[2026-02-05 13:47:23] Controller handshake initiated to /api/download-file/25-050-100/25-068/25-068-260205/job_info.json.
[2026-02-05 14:17:51] Controller handshake initiated to /api/log.
[2026-02-05 14:17:51] Controller opened data sync.
[2026-02-05 14:17:51] Controller handshake initiated to /api/templates.
[2026-02-05 14:17:51] Controller handshake initiated to /api/folders.
[2026-02-05 18:30:37] Upload started: 25-050-100/25-068/25-068-260205 - 1 file(s) [ID: b3b42ffe-520e-47ad-8dfb-e229e8d7edf3]
[2026-02-05 18:30:37]   File uploaded: 25-068-Layout-260205-Additional.dxf (0.31 MB) [ID: b3b42ffe-520e-47ad-8dfb-e229e8d7edf3]
[2026-02-05 18:30:37] Upload completed: 25-050-100/25-068/25-068-260205 - 1 file(s), 0.31 MB in 0.0s (316752.0 KB/s) [ID: b3b42ffe-520e-47ad-8dfb-e229e8d7edf3]
[2026-02-05 18:52:07] Controller handshake initiated to /api/log.
[2026-02-05 18:52:07] Controller opened data sync.
[2026-02-05 18:52:07] Controller handshake initiated to /api/folders.
[2026-02-05 18:52:07] Controller handshake initiated to /api/templates.
[2026-02-05 18:53:38] Controller handshake initiated to /api/log.
[2026-02-05 18:53:38] Controller clicked download (25-050-100/25-068/25-068-260205/25-068-Layout-260205-Additional.dxf).
[2026-02-05 18:53:39] Controller handshake initiated to /api/download-file/25-050-100/25-068/25-068-260205/25-068-Layout-260205-Additional.dxf.
[2026-02-05 20:51:20] Controller handshake initiated to /api/log.
[2026-02-05 20:51:20] Controller opened data sync.
[2026-02-05 20:51:20] Controller handshake initiated to /api/templates.
[2026-02-05 20:51:20] Controller handshake initiated to /api/folders.
[2026-02-05 20:52:47] Controller handshake initiated to /api/log.
[2026-02-05 20:52:47] Controller clicked upload (25-050-100/25-068/25-068-260205/25-068-260205.job).
[2026-02-05 20:52:47] Controller handshake initiated to /api/download-file/25-050-100/25-068/25-068-260205/job_info.json.
[2026-02-05 20:53:34] Controller handshake initiated to /api/store-pending-field-status.
[2026-02-05 20:53:35] Controller handshake initiated to /api/upload-field-data-android.
[2026-02-05 20:53:41] Upload started: 25-050-100/25-068/25-068-260205 - 13 file(s) [ID: d3a4711e-6190-4752-8ead-4e81066c082d]
[2026-02-05 20:53:41]   File uploaded: 25-068-260205.job (0.09 MB) [ID: d3a4711e-6190-4752-8ead-4e81066c082d]
[2026-02-05 20:53:41]   File uploaded: 25-068-260205.csv (0.00 MB) [ID: d3a4711e-6190-4752-8ead-4e81066c082d]
[2026-02-05 20:53:41]   File uploaded: 25-068-260205.dxf (0.07 MB) [ID: d3a4711e-6190-4752-8ead-4e81066c082d]
[2026-02-05 20:53:41]   File uploaded: 25-068-Layout-260205.dxf (0.32 MB) [ID: d3a4711e-6190-4752-8ead-4e81066c082d]
[2026-02-05 20:53:41]   File uploaded: 25-068-Layout-260205.csv (0.00 MB) [ID: d3a4711e-6190-4752-8ead-4e81066c082d]
[2026-02-05 20:53:41]   File uploaded: 25-068-Layout-260205-Additional.dxf (0.21 MB) [ID: d3a4711e-6190-4752-8ead-4e81066c082d]
[2026-02-05 20:53:41]   File uploaded: IMG_4.jpg (4.60 MB) [ID: d3a4711e-6190-4752-8ead-4e81066c082d]
[2026-02-05 20:53:41]   File uploaded: IMG_6.jpg (4.70 MB) [ID: d3a4711e-6190-4752-8ead-4e81066c082d]
[2026-02-05 20:53:41]   File uploaded: IMG_3.jpg (4.99 MB) [ID: d3a4711e-6190-4752-8ead-4e81066c082d]
[2026-02-05 20:53:41]   File uploaded: IMG.jpg (4.90 MB) [ID: d3a4711e-6190-4752-8ead-4e81066c082d]
[2026-02-05 20:53:41]   File uploaded: IMG_5.jpg (4.79 MB) [ID: d3a4711e-6190-4752-8ead-4e81066c082d]
[2026-02-05 20:53:41]   File uploaded: IMG_2.jpg (5.38 MB) [ID: d3a4711e-6190-4752-8ead-4e81066c082d]
[2026-02-05 20:53:41]   File uploaded: IMG_1.jpg (4.99 MB) [ID: d3a4711e-6190-4752-8ead-4e81066c082d]
[2026-02-05 20:53:41] Upload completed: 25-050-100/25-068/25-068-260205 - 13 file(s), 35.05 MB in 0.3s (142419.0 KB/s) [ID: d3a4711e-6190-4752-8ead-4e81066c082d]
[2026-02-05 20:53:41] Controller handshake initiated to /api/folders.
[2026-02-06 11:32:14] Controller handshake initiated to /api/log.
[2026-02-06 11:32:14] Controller opened data sync.
[2026-02-06 11:32:14] Controller handshake initiated to /api/folders.
[2026-02-06 11:32:14] Controller handshake initiated to /api/templates.
[2026-02-06 11:33:29] Controller handshake initiated to /api/log.
[2026-02-06 11:33:29] Controller clicked download (25-050-100/25-068/25-068-260205).
[2026-02-06 11:33:29] Controller handshake initiated to /api/download-job/25-050-100/25-068/25-068-260205.
[2026-02-06 11:33:29] Controller handshake initiated to /api/download-file/25-050-100/25-068/25-068-260205/25-068-260205.job.
[2026-02-06 11:33:29] Controller handshake initiated to /api/download-file/25-050-100/25-068/25-068-260205/25-068-260205.jxl.
[2026-02-06 11:33:29] Controller handshake initiated to /api/download-file/25-050-100/25-068/25-068-260205/25-068-Layout-260205-Additional.dxf.
[2026-02-06 11:33:30] Controller handshake initiated to /api/download-file/25-050-100/25-068/25-068-260205/25-068-Layout-260205.csv.
[2026-02-06 11:33:30] Controller handshake initiated to /api/download-file/25-050-100/25-068/25-068-260205/25-068-Layout-260205.dxf.
[2026-02-06 11:33:30] Controller handshake initiated to /api/download-file/25-050-100/25-068/25-068-260205/Control%20-%20Avalon%20-%20260205.csv.
[2026-02-06 11:33:30] Controller handshake initiated to /api/download-file/25-050-100/25-068/25-068-260205/Field_Data/260205-0523PM/25-068-260205.csv.
[2026-02-06 11:33:30] Controller handshake initiated to /api/download-file/25-050-100/25-068/25-068-260205/Field_Data/260205-0523PM/25-068-260205.dxf.
[2026-02-06 11:33:30] Controller handshake initiated to /api/download-file/25-050-100/25-068/25-068-260205/Field_Data/260205-0523PM/25-068-260205.job.
[2026-02-06 11:33:30] Controller handshake initiated to /api/download-file/25-050-100/25-068/25-068-260205/Field_Data/260205-0523PM/25-068-Layout-260205-Additional.dxf.
[2026-02-06 11:33:30] Controller handshake initiated to /api/download-file/25-050-100/25-068/25-068-260205/Field_Data/260205-0523PM/25-068-Layout-260205.csv.
[2026-02-06 11:33:30] Controller handshake initiated to /api/download-file/25-050-100/25-068/25-068-260205/Field_Data/260205-0523PM/25-068-Layout-260205.dxf.
[2026-02-06 11:33:31] Controller handshake initiated to /api/download-file/25-050-100/25-068/25-068-260205/Field_Data/260205-0523PM/IMG.jpg.
[2026-02-06 11:33:31] Controller handshake initiated to /api/download-file/25-050-100/25-068/25-068-260205/Field_Data/260205-0523PM/IMG_1.jpg.
[2026-02-06 11:33:32] Controller handshake initiated to /api/download-file/25-050-100/25-068/25-068-260205/Field_Data/260205-0523PM/IMG_2.jpg.
[2026-02-06 11:33:33] Controller handshake initiated to /api/download-file/25-050-100/25-068/25-068-260205/Field_Data/260205-0523PM/IMG_3.jpg.
[2026-02-06 11:33:34] Controller handshake initiated to /api/download-file/25-050-100/25-068/25-068-260205/Field_Data/260205-0523PM/IMG_4.jpg.
[2026-02-06 11:33:35] Controller handshake initiated to /api/download-file/25-050-100/25-068/25-068-260205/Field_Data/260205-0523PM/IMG_5.jpg.
[2026-02-06 11:33:36] Controller handshake initiated to /api/download-file/25-050-100/25-068/25-068-260205/Field_Data/260205-0523PM/IMG_6.jpg.
[2026-02-06 11:33:37] Controller handshake initiated to /api/download-file/25-050-100/25-068/25-068-260205/Field_Data/260205-0523PM/field_status.json.
[2026-02-06 11:33:37] Controller handshake initiated to /api/download-file/25-050-100/25-068/25-068-260205/job_info.json.
[2026-02-06 13:15:26] Folder created: 26-000-050/26-014
[2026-02-06 13:16:29] Job created: 26-000-050/26-014/26-014-260206
[2026-02-06 13:16:29] Upload started: 26-000-050/26-014/26-014-260206 - 2 file(s) [ID: e7e565f0-be70-4fd2-ae1c-7f4c7051126b]
[2026-02-06 13:16:29]   File uploaded: 24-014-Layout-260206.dxf (0.31 MB) [ID: e7e565f0-be70-4fd2-ae1c-7f4c7051126b]
[2026-02-06 13:16:29]   File uploaded: 24-014-Layout-260206.csv (0.00 MB) [ID: e7e565f0-be70-4fd2-ae1c-7f4c7051126b]
[2026-02-06 13:16:29] Upload completed: 26-000-050/26-014/26-014-260206 - 2 file(s), 0.32 MB in 0.0s (323003.9 KB/s) [ID: e7e565f0-be70-4fd2-ae1c-7f4c7051126b]
[2026-02-06 13:38:17] Controller handshake initiated to /api/log.
[2026-02-06 13:38:17] Controller opened data sync.
[2026-02-06 13:38:17] Controller handshake initiated to /api/folders.
[2026-02-06 13:38:17] Controller handshake initiated to /api/templates.
[2026-02-06 13:39:30] Controller handshake initiated to /api/log.
[2026-02-06 13:39:30] Controller clicked download (26-000-050/26-014/26-014-260206).
[2026-02-06 13:39:30] Controller handshake initiated to /api/download-job/26-000-050/26-014/26-014-260206.
[2026-02-06 13:39:30] Controller handshake initiated to /api/download-file/26-000-050/26-014/26-014-260206/24-014-Layout-260206.csv.
[2026-02-06 13:39:31] Controller handshake initiated to /api/download-file/26-000-050/26-014/26-014-260206/24-014-Layout-260206.dxf.
[2026-02-06 13:39:32] Controller handshake initiated to /api/download-file/26-000-050/26-014/26-014-260206/26-014-260206.job.
[2026-02-06 13:39:32] Controller handshake initiated to /api/download-file/26-000-050/26-014/26-014-260206/26-014-260206.jxl.
[2026-02-06 13:39:33] Controller handshake initiated to /api/download-file/26-000-050/26-014/26-014-260206/Control%20-%20Avalon%20-%20260206.csv.
[2026-02-06 13:39:33] Controller handshake initiated to /api/download-file/26-000-050/26-014/26-014-260206/job_info.json.
[2026-02-06 19:31:15] Controller handshake initiated to /api/log.
[2026-02-06 19:31:15] Controller opened data sync.
[2026-02-06 19:31:15] Controller handshake initiated to /api/folders.
[2026-02-06 19:31:15] Controller handshake initiated to /api/templates.
[2026-02-06 19:32:26] Controller handshake initiated to /api/log.
[2026-02-06 19:32:26] Controller clicked upload (26-000-050/26-014/26-014-260206/26-014-260206.job).
[2026-02-06 19:32:26] Controller handshake initiated to /api/download-file/26-000-050/26-014/26-014-260206/job_info.json.
[2026-02-06 19:32:58] Controller handshake initiated to /api/store-pending-field-status.
[2026-02-06 19:33:00] Controller handshake initiated to /api/upload-field-data-android.
[2026-02-06 19:55:03] Controller handshake initiated to /api/upload-field-data-android.
[2026-02-06 20:00:53] Controller handshake initiated to /api/upload-field-data-android.
[2026-02-06 21:01:59] Controller opened data sync.
[2026-02-06 21:01:59] Controller handshake initiated to /api/log.
[2026-02-06 21:01:59] Controller handshake initiated to /api/folders.
[2026-02-06 21:01:59] Controller handshake initiated to /api/templates.
[2026-02-06 21:02:44] Controller handshake initiated to /api/log.
[2026-02-06 21:02:44] Controller clicked upload (26-000-050/26-014/26-014-260206/26-014-260206.job).
[2026-02-06 21:02:44] Controller handshake initiated to /api/download-file/26-000-050/26-014/26-014-260206/job_info.json.
[2026-02-06 21:03:26] Controller handshake initiated to /api/store-pending-field-status.
[2026-02-06 21:03:28] Controller handshake initiated to /api/upload-field-data-android.
[2026-02-06 21:05:05] Upload started: 26-000-050/26-014/26-014-260206 - 14 file(s) [ID: f1655747-3693-4f52-9def-164c10c232a0]
[2026-02-06 21:05:05]   File uploaded: 26-014-260206.job (0.12 MB) [ID: f1655747-3693-4f52-9def-164c10c232a0]
[2026-02-06 21:05:05]   File uploaded: 26-014-260206-R1.dxf (0.05 MB) [ID: f1655747-3693-4f52-9def-164c10c232a0]
[2026-02-06 21:05:05]   File uploaded: 26-014-260206.csv (0.01 MB) [ID: f1655747-3693-4f52-9def-164c10c232a0]
[2026-02-06 21:05:05]   File uploaded: 26-014-260206-R1.csv (0.01 MB) [ID: f1655747-3693-4f52-9def-164c10c232a0]
[2026-02-06 21:05:05]   File uploaded: 24-014-Layout-260206.csv (0.00 MB) [ID: f1655747-3693-4f52-9def-164c10c232a0]
[2026-02-06 21:05:05]   File uploaded: 24-014-Layout-260206.dxf (0.31 MB) [ID: f1655747-3693-4f52-9def-164c10c232a0]
[2026-02-06 21:05:05]   File uploaded: IMG_5.jpg (4.70 MB) [ID: f1655747-3693-4f52-9def-164c10c232a0]
[2026-02-06 21:05:05]   File uploaded: IMG.jpg (5.35 MB) [ID: f1655747-3693-4f52-9def-164c10c232a0]
[2026-02-06 21:05:05]   File uploaded: IMG_2.jpg (4.82 MB) [ID: f1655747-3693-4f52-9def-164c10c232a0]
[2026-02-06 21:05:05]   File uploaded: IMG_4.jpg (4.92 MB) [ID: f1655747-3693-4f52-9def-164c10c232a0]
[2026-02-06 21:05:05]   File uploaded: IMG_7.jpg (5.46 MB) [ID: f1655747-3693-4f52-9def-164c10c232a0]
[2026-02-06 21:05:05]   File uploaded: IMG_6.jpg (4.55 MB) [ID: f1655747-3693-4f52-9def-164c10c232a0]
[2026-02-06 21:05:05]   File uploaded: IMG_1.jpg (5.14 MB) [ID: f1655747-3693-4f52-9def-164c10c232a0]
[2026-02-06 21:05:05]   File uploaded: IMG_3.jpg (5.13 MB) [ID: f1655747-3693-4f52-9def-164c10c232a0]
[2026-02-06 21:05:05] Upload completed: 26-000-050/26-014/26-014-260206 - 14 file(s), 40.56 MB in 0.4s (108725.3 KB/s) [ID: f1655747-3693-4f52-9def-164c10c232a0]
[2026-02-06 21:05:06] Controller handshake initiated to /api/folders.
[2026-02-07 10:18:00] Folder created: Feb 7, 2026
[2026-02-07 10:19:26] Folder created: FitzScottArchive
